ISO-10303-21;
HEADER;
/* Generated by software containing ST-Developer
 * from STEP Tools, Inc. (www.steptools.com) 
 */

FILE_DESCRIPTION(
/* description */ ('',
'CAx-IF Rec.Pracs.---Representation and Presentation of Product Manufa
cturing Information (PMI)---4.0---2014-10-13'),
/* implementation_level */ '2;1');

FILE_NAME(
/* name */ 'Low Profile Numpad V1 spacer.step',
/* time_stamp */ '2025-02-12T17:50:58+01:00',
/* author */ (''),
/* organization */ (''),
/* preprocessor_version */ 'ST-DEVELOPER v20',
/* originating_system */ 'Autodesk Translation Framework v13.20.0.188',

/* authorisation */ '');

FILE_SCHEMA (('AP242_MANAGED_MODEL_BASED_3D_ENGINEERING_MIM_LF { 1 0 10303 442 1 1 4 }'));
ENDSEC;

DATA;
#10=MECHANICAL_DESIGN_GEOMETRIC_PRESENTATION_REPRESENTATION('',(#13),#2660);
#11=SHAPE_REPRESENTATION_RELATIONSHIP('SRR','None',#2666,#12);
#12=ADVANCED_BREP_SHAPE_REPRESENTATION('',(#14),#2659);
#13=STYLED_ITEM('',(#2679),#14);
#14=MANIFOLD_SOLID_BREP('Case Spacer',#1653);
#15=FACE_BOUND('',#202,.T.);
#16=FACE_BOUND('',#203,.T.);
#17=FACE_BOUND('',#204,.T.);
#18=FACE_BOUND('',#205,.T.);
#19=FACE_BOUND('',#206,.T.);
#20=FACE_BOUND('',#207,.T.);
#21=FACE_BOUND('',#208,.T.);
#22=FACE_BOUND('',#209,.T.);
#23=FACE_BOUND('',#210,.T.);
#24=FACE_BOUND('',#217,.T.);
#25=FACE_BOUND('',#218,.T.);
#26=FACE_BOUND('',#219,.T.);
#27=FACE_BOUND('',#220,.T.);
#28=FACE_BOUND('',#221,.T.);
#29=FACE_BOUND('',#222,.T.);
#30=FACE_BOUND('',#223,.T.);
#31=FACE_BOUND('',#224,.T.);
#32=FACE_BOUND('',#225,.T.);
#33=CIRCLE('',#1686,2.99804646372593);
#34=CIRCLE('',#1687,2.99804646372593);
#35=CIRCLE('',#1689,1.1);
#36=CIRCLE('',#1690,1.1);
#37=CIRCLE('',#1692,2.50000078231107);
#38=CIRCLE('',#1693,2.50000078231107);
#39=CIRCLE('',#1695,2.50000078231107);
#40=CIRCLE('',#1696,2.50000078231107);
#41=CIRCLE('',#1700,1.1);
#42=CIRCLE('',#1701,1.1);
#43=CIRCLE('',#1703,2.50000078231146);
#44=CIRCLE('',#1704,2.50000078231146);
#45=CIRCLE('',#1706,2.50000078231146);
#46=CIRCLE('',#1707,2.50000078231146);
#47=CIRCLE('',#1710,2.99804646373491);
#48=CIRCLE('',#1711,2.99804646373491);
#49=CIRCLE('',#1714,2.99804646373491);
#50=CIRCLE('',#1715,2.99804646372593);
#51=CIRCLE('',#1716,2.50000078231107);
#52=CIRCLE('',#1717,2.50000078231107);
#53=CIRCLE('',#1718,2.50000078231146);
#54=CIRCLE('',#1719,1.1);
#55=CIRCLE('',#1720,1.1);
#56=CIRCLE('',#1721,2.50000078231146);
#57=CIRCLE('',#1728,2.99804646372593);
#58=CIRCLE('',#1729,2.99804646373491);
#59=CIRCLE('',#1730,2.50000078231107);
#60=CIRCLE('',#1731,2.50000078231146);
#61=CIRCLE('',#1732,2.50000078231146);
#62=CIRCLE('',#1733,2.50000078231107);
#63=CIRCLE('',#1734,1.1);
#64=CIRCLE('',#1735,1.1);
#65=CYLINDRICAL_SURFACE('',#1685,2.99804646372593);
#66=CYLINDRICAL_SURFACE('',#1688,1.1);
#67=CYLINDRICAL_SURFACE('',#1691,2.50000078231107);
#68=CYLINDRICAL_SURFACE('',#1694,2.50000078231107);
#69=CYLINDRICAL_SURFACE('',#1699,1.1);
#70=CYLINDRICAL_SURFACE('',#1702,2.50000078231146);
#71=CYLINDRICAL_SURFACE('',#1705,2.50000078231146);
#72=CYLINDRICAL_SURFACE('',#1709,2.99804646373491);
#73=CYLINDRICAL_SURFACE('',#1749,2.99804646372593);
#74=CYLINDRICAL_SURFACE('',#1751,1.1);
#75=CYLINDRICAL_SURFACE('',#1752,2.50000078231107);
#76=CYLINDRICAL_SURFACE('',#1755,2.50000078231107);
#77=CYLINDRICAL_SURFACE('',#1758,1.1);
#78=CYLINDRICAL_SURFACE('',#1759,2.50000078231146);
#79=CYLINDRICAL_SURFACE('',#1761,2.50000078231146);
#80=CYLINDRICAL_SURFACE('',#1763,2.99804646373491);
#81=FACE_OUTER_BOUND('',#159,.T.);
#82=FACE_OUTER_BOUND('',#160,.T.);
#83=FACE_OUTER_BOUND('',#161,.T.);
#84=FACE_OUTER_BOUND('',#162,.T.);
#85=FACE_OUTER_BOUND('',#163,.T.);
#86=FACE_OUTER_BOUND('',#164,.T.);
#87=FACE_OUTER_BOUND('',#165,.T.);
#88=FACE_OUTER_BOUND('',#166,.T.);
#89=FACE_OUTER_BOUND('',#167,.T.);
#90=FACE_OUTER_BOUND('',#168,.T.);
#91=FACE_OUTER_BOUND('',#169,.T.);
#92=FACE_OUTER_BOUND('',#170,.T.);
#93=FACE_OUTER_BOUND('',#171,.T.);
#94=FACE_OUTER_BOUND('',#172,.T.);
#95=FACE_OUTER_BOUND('',#173,.T.);
#96=FACE_OUTER_BOUND('',#174,.T.);
#97=FACE_OUTER_BOUND('',#175,.T.);
#98=FACE_OUTER_BOUND('',#176,.T.);
#99=FACE_OUTER_BOUND('',#177,.T.);
#100=FACE_OUTER_BOUND('',#178,.T.);
#101=FACE_OUTER_BOUND('',#179,.T.);
#102=FACE_OUTER_BOUND('',#180,.T.);
#103=FACE_OUTER_BOUND('',#181,.T.);
#104=FACE_OUTER_BOUND('',#182,.T.);
#105=FACE_OUTER_BOUND('',#183,.T.);
#106=FACE_OUTER_BOUND('',#184,.T.);
#107=FACE_OUTER_BOUND('',#185,.T.);
#108=FACE_OUTER_BOUND('',#186,.T.);
#109=FACE_OUTER_BOUND('',#187,.T.);
#110=FACE_OUTER_BOUND('',#188,.T.);
#111=FACE_OUTER_BOUND('',#189,.T.);
#112=FACE_OUTER_BOUND('',#190,.T.);
#113=FACE_OUTER_BOUND('',#191,.T.);
#114=FACE_OUTER_BOUND('',#192,.T.);
#115=FACE_OUTER_BOUND('',#193,.T.);
#116=FACE_OUTER_BOUND('',#194,.T.);
#117=FACE_OUTER_BOUND('',#195,.T.);
#118=FACE_OUTER_BOUND('',#196,.T.);
#119=FACE_OUTER_BOUND('',#197,.T.);
#120=FACE_OUTER_BOUND('',#198,.T.);
#121=FACE_OUTER_BOUND('',#199,.T.);
#122=FACE_OUTER_BOUND('',#200,.T.);
#123=FACE_OUTER_BOUND('',#201,.T.);
#124=FACE_OUTER_BOUND('',#211,.T.);
#125=FACE_OUTER_BOUND('',#212,.T.);
#126=FACE_OUTER_BOUND('',#213,.T.);
#127=FACE_OUTER_BOUND('',#214,.T.);
#128=FACE_OUTER_BOUND('',#215,.T.);
#129=FACE_OUTER_BOUND('',#216,.T.);
#130=FACE_OUTER_BOUND('',#226,.T.);
#131=FACE_OUTER_BOUND('',#227,.T.);
#132=FACE_OUTER_BOUND('',#228,.T.);
#133=FACE_OUTER_BOUND('',#229,.T.);
#134=FACE_OUTER_BOUND('',#230,.T.);
#135=FACE_OUTER_BOUND('',#231,.T.);
#136=FACE_OUTER_BOUND('',#232,.T.);
#137=FACE_OUTER_BOUND('',#233,.T.);
#138=FACE_OUTER_BOUND('',#234,.T.);
#139=FACE_OUTER_BOUND('',#235,.T.);
#140=FACE_OUTER_BOUND('',#236,.T.);
#141=FACE_OUTER_BOUND('',#237,.T.);
#142=FACE_OUTER_BOUND('',#238,.T.);
#143=FACE_OUTER_BOUND('',#239,.T.);
#144=FACE_OUTER_BOUND('',#240,.T.);
#145=FACE_OUTER_BOUND('',#241,.T.);
#146=FACE_OUTER_BOUND('',#242,.T.);
#147=FACE_OUTER_BOUND('',#243,.T.);
#148=FACE_OUTER_BOUND('',#244,.T.);
#149=FACE_OUTER_BOUND('',#245,.T.);
#150=FACE_OUTER_BOUND('',#246,.T.);
#151=FACE_OUTER_BOUND('',#247,.T.);
#152=FACE_OUTER_BOUND('',#248,.T.);
#153=FACE_OUTER_BOUND('',#249,.T.);
#154=FACE_OUTER_BOUND('',#250,.T.);
#155=FACE_OUTER_BOUND('',#251,.T.);
#156=FACE_OUTER_BOUND('',#252,.T.);
#157=FACE_OUTER_BOUND('',#253,.T.);
#158=FACE_OUTER_BOUND('',#254,.T.);
#159=EDGE_LOOP('',(#1047,#1048,#1049,#1050));
#160=EDGE_LOOP('',(#1051,#1052,#1053,#1054));
#161=EDGE_LOOP('',(#1055,#1056,#1057,#1058));
#162=EDGE_LOOP('',(#1059,#1060,#1061,#1062));
#163=EDGE_LOOP('',(#1063,#1064,#1065,#1066));
#164=EDGE_LOOP('',(#1067,#1068,#1069,#1070));
#165=EDGE_LOOP('',(#1071,#1072,#1073,#1074));
#166=EDGE_LOOP('',(#1075,#1076,#1077,#1078));
#167=EDGE_LOOP('',(#1079,#1080,#1081,#1082));
#168=EDGE_LOOP('',(#1083,#1084,#1085,#1086));
#169=EDGE_LOOP('',(#1087,#1088,#1089,#1090));
#170=EDGE_LOOP('',(#1091,#1092,#1093,#1094));
#171=EDGE_LOOP('',(#1095,#1096,#1097,#1098));
#172=EDGE_LOOP('',(#1099,#1100,#1101,#1102));
#173=EDGE_LOOP('',(#1103,#1104,#1105,#1106));
#174=EDGE_LOOP('',(#1107,#1108,#1109,#1110));
#175=EDGE_LOOP('',(#1111,#1112,#1113,#1114));
#176=EDGE_LOOP('',(#1115,#1116,#1117,#1118));
#177=EDGE_LOOP('',(#1119,#1120,#1121,#1122));
#178=EDGE_LOOP('',(#1123,#1124,#1125,#1126));
#179=EDGE_LOOP('',(#1127,#1128,#1129,#1130));
#180=EDGE_LOOP('',(#1131,#1132,#1133,#1134));
#181=EDGE_LOOP('',(#1135,#1136,#1137,#1138));
#182=EDGE_LOOP('',(#1139,#1140,#1141,#1142));
#183=EDGE_LOOP('',(#1143,#1144,#1145,#1146));
#184=EDGE_LOOP('',(#1147,#1148,#1149,#1150));
#185=EDGE_LOOP('',(#1151,#1152,#1153,#1154));
#186=EDGE_LOOP('',(#1155,#1156,#1157,#1158));
#187=EDGE_LOOP('',(#1159,#1160,#1161,#1162));
#188=EDGE_LOOP('',(#1163,#1164,#1165,#1166));
#189=EDGE_LOOP('',(#1167,#1168,#1169,#1170));
#190=EDGE_LOOP('',(#1171,#1172,#1173,#1174));
#191=EDGE_LOOP('',(#1175,#1176,#1177,#1178));
#192=EDGE_LOOP('',(#1179,#1180,#1181,#1182));
#193=EDGE_LOOP('',(#1183,#1184,#1185,#1186));
#194=EDGE_LOOP('',(#1187,#1188,#1189,#1190));
#195=EDGE_LOOP('',(#1191,#1192,#1193,#1194));
#196=EDGE_LOOP('',(#1195,#1196,#1197,#1198));
#197=EDGE_LOOP('',(#1199,#1200,#1201,#1202));
#198=EDGE_LOOP('',(#1203,#1204,#1205,#1206));
#199=EDGE_LOOP('',(#1207,#1208,#1209,#1210));
#200=EDGE_LOOP('',(#1211,#1212,#1213,#1214));
#201=EDGE_LOOP('',(#1215,#1216,#1217,#1218,#1219,#1220,#1221,#1222,#1223,
#1224,#1225,#1226,#1227,#1228,#1229,#1230));
#202=EDGE_LOOP('',(#1231,#1232,#1233,#1234,#1235,#1236,#1237,#1238,#1239,
#1240));
#203=EDGE_LOOP('',(#1241));
#204=EDGE_LOOP('',(#1242));
#205=EDGE_LOOP('',(#1243,#1244,#1245,#1246,#1247,#1248,#1249,#1250,#1251,
#1252,#1253,#1254));
#206=EDGE_LOOP('',(#1255,#1256,#1257,#1258,#1259,#1260,#1261,#1262,#1263,
#1264,#1265,#1266,#1267));
#207=EDGE_LOOP('',(#1268,#1269,#1270,#1271,#1272,#1273,#1274,#1275,#1276,
#1277,#1278,#1279));
#208=EDGE_LOOP('',(#1280));
#209=EDGE_LOOP('',(#1281));
#210=EDGE_LOOP('',(#1282,#1283,#1284,#1285,#1286,#1287,#1288,#1289,#1290,
#1291));
#211=EDGE_LOOP('',(#1292,#1293,#1294,#1295));
#212=EDGE_LOOP('',(#1296,#1297,#1298,#1299));
#213=EDGE_LOOP('',(#1300,#1301,#1302,#1303,#1304,#1305,#1306));
#214=EDGE_LOOP('',(#1307,#1308,#1309,#1310));
#215=EDGE_LOOP('',(#1311,#1312,#1313,#1314));
#216=EDGE_LOOP('',(#1315,#1316,#1317,#1318,#1319,#1320,#1321,#1322,#1323,
#1324,#1325,#1326,#1327,#1328,#1329,#1330,#1331,#1332,#1333));
#217=EDGE_LOOP('',(#1334,#1335,#1336,#1337,#1338,#1339,#1340,#1341,#1342,
#1343,#1344,#1345,#1346));
#218=EDGE_LOOP('',(#1347));
#219=EDGE_LOOP('',(#1348));
#220=EDGE_LOOP('',(#1349,#1350,#1351,#1352,#1353,#1354,#1355,#1356,#1357,
#1358,#1359,#1360));
#221=EDGE_LOOP('',(#1361,#1362,#1363,#1364,#1365,#1366,#1367,#1368,#1369,
#1370));
#222=EDGE_LOOP('',(#1371,#1372,#1373,#1374,#1375,#1376,#1377,#1378,#1379,
#1380));
#223=EDGE_LOOP('',(#1381,#1382,#1383,#1384,#1385,#1386,#1387,#1388,#1389,
#1390,#1391,#1392));
#224=EDGE_LOOP('',(#1393));
#225=EDGE_LOOP('',(#1394));
#226=EDGE_LOOP('',(#1395,#1396,#1397,#1398));
#227=EDGE_LOOP('',(#1399,#1400,#1401,#1402));
#228=EDGE_LOOP('',(#1403,#1404,#1405,#1406));
#229=EDGE_LOOP('',(#1407,#1408,#1409,#1410));
#230=EDGE_LOOP('',(#1411,#1412,#1413,#1414));
#231=EDGE_LOOP('',(#1415,#1416,#1417,#1418));
#232=EDGE_LOOP('',(#1419,#1420,#1421,#1422));
#233=EDGE_LOOP('',(#1423,#1424,#1425,#1426));
#234=EDGE_LOOP('',(#1427,#1428,#1429,#1430));
#235=EDGE_LOOP('',(#1431,#1432,#1433,#1434));
#236=EDGE_LOOP('',(#1435,#1436,#1437,#1438));
#237=EDGE_LOOP('',(#1439,#1440,#1441,#1442,#1443,#1444));
#238=EDGE_LOOP('',(#1445,#1446,#1447,#1448));
#239=EDGE_LOOP('',(#1449,#1450,#1451,#1452));
#240=EDGE_LOOP('',(#1453,#1454,#1455,#1456));
#241=EDGE_LOOP('',(#1457,#1458,#1459,#1460));
#242=EDGE_LOOP('',(#1461,#1462,#1463,#1464));
#243=EDGE_LOOP('',(#1465,#1466,#1467,#1468));
#244=EDGE_LOOP('',(#1469,#1470,#1471,#1472));
#245=EDGE_LOOP('',(#1473,#1474,#1475,#1476));
#246=EDGE_LOOP('',(#1477,#1478,#1479,#1480));
#247=EDGE_LOOP('',(#1481,#1482,#1483,#1484));
#248=EDGE_LOOP('',(#1485,#1486,#1487,#1488));
#249=EDGE_LOOP('',(#1489,#1490,#1491,#1492));
#250=EDGE_LOOP('',(#1493,#1494,#1495,#1496));
#251=EDGE_LOOP('',(#1497,#1498,#1499,#1500));
#252=EDGE_LOOP('',(#1501,#1502,#1503,#1504));
#253=EDGE_LOOP('',(#1505,#1506,#1507,#1508));
#254=EDGE_LOOP('',(#1509,#1510,#1511,#1512));
#255=LINE('',#2192,#456);
#256=LINE('',#2194,#457);
#257=LINE('',#2196,#458);
#258=LINE('',#2197,#459);
#259=LINE('',#2200,#460);
#260=LINE('',#2202,#461);
#261=LINE('',#2203,#462);
#262=LINE('',#2207,#463);
#263=LINE('',#2209,#464);
#264=LINE('',#2211,#465);
#265=LINE('',#2212,#466);
#266=LINE('',#2215,#467);
#267=LINE('',#2217,#468);
#268=LINE('',#2218,#469);
#269=LINE('',#2222,#470);
#270=LINE('',#2224,#471);
#271=LINE('',#2226,#472);
#272=LINE('',#2227,#473);
#273=LINE('',#2230,#474);
#274=LINE('',#2232,#475);
#275=LINE('',#2233,#476);
#276=LINE('',#2236,#477);
#277=LINE('',#2238,#478);
#278=LINE('',#2239,#479);
#279=LINE('',#2243,#480);
#280=LINE('',#2245,#481);
#281=LINE('',#2247,#482);
#282=LINE('',#2248,#483);
#283=LINE('',#2251,#484);
#284=LINE('',#2253,#485);
#285=LINE('',#2254,#486);
#286=LINE('',#2258,#487);
#287=LINE('',#2260,#488);
#288=LINE('',#2262,#489);
#289=LINE('',#2263,#490);
#290=LINE('',#2266,#491);
#291=LINE('',#2268,#492);
#292=LINE('',#2269,#493);
#293=LINE('',#2273,#494);
#294=LINE('',#2275,#495);
#295=LINE('',#2277,#496);
#296=LINE('',#2278,#497);
#297=LINE('',#2281,#498);
#298=LINE('',#2283,#499);
#299=LINE('',#2284,#500);
#300=LINE('',#2287,#501);
#301=LINE('',#2289,#502);
#302=LINE('',#2290,#503);
#303=LINE('',#2292,#504);
#304=LINE('',#2293,#505);
#305=LINE('',#2295,#506);
#306=LINE('',#2296,#507);
#307=LINE('',#2300,#508);
#308=LINE('',#2302,#509);
#309=LINE('',#2304,#510);
#310=LINE('',#2305,#511);
#311=LINE('',#2309,#512);
#312=LINE('',#2311,#513);
#313=LINE('',#2313,#514);
#314=LINE('',#2314,#515);
#315=LINE('',#2317,#516);
#316=LINE('',#2319,#517);
#317=LINE('',#2320,#518);
#318=LINE('',#2324,#519);
#319=LINE('',#2326,#520);
#320=LINE('',#2328,#521);
#321=LINE('',#2329,#522);
#322=LINE('',#2332,#523);
#323=LINE('',#2334,#524);
#324=LINE('',#2335,#525);
#325=LINE('',#2339,#526);
#326=LINE('',#2341,#527);
#327=LINE('',#2343,#528);
#328=LINE('',#2344,#529);
#329=LINE('',#2347,#530);
#330=LINE('',#2349,#531);
#331=LINE('',#2350,#532);
#332=LINE('',#2354,#533);
#333=LINE('',#2356,#534);
#334=LINE('',#2358,#535);
#335=LINE('',#2359,#536);
#336=LINE('',#2362,#537);
#337=LINE('',#2364,#538);
#338=LINE('',#2365,#539);
#339=LINE('',#2369,#540);
#340=LINE('',#2371,#541);
#341=LINE('',#2373,#542);
#342=LINE('',#2374,#543);
#343=LINE('',#2377,#544);
#344=LINE('',#2379,#545);
#345=LINE('',#2380,#546);
#346=LINE('',#2383,#547);
#347=LINE('',#2385,#548);
#348=LINE('',#2386,#549);
#349=LINE('',#2390,#550);
#350=LINE('',#2392,#551);
#351=LINE('',#2394,#552);
#352=LINE('',#2395,#553);
#353=LINE('',#2397,#554);
#354=LINE('',#2398,#555);
#355=LINE('',#2403,#556);
#356=LINE('',#2409,#557);
#357=LINE('',#2415,#558);
#358=LINE('',#2421,#559);
#359=LINE('',#2422,#560);
#360=LINE('',#2424,#561);
#361=LINE('',#2425,#562);
#362=LINE('',#2430,#563);
#363=LINE('',#2440,#564);
#364=LINE('',#2442,#565);
#365=LINE('',#2443,#566);
#366=LINE('',#2448,#567);
#367=LINE('',#2451,#568);
#368=LINE('',#2452,#569);
#369=LINE('',#2455,#570);
#370=LINE('',#2457,#571);
#371=LINE('',#2459,#572);
#372=LINE('',#2463,#573);
#373=LINE('',#2465,#574);
#374=LINE('',#2467,#575);
#375=LINE('',#2470,#576);
#376=LINE('',#2472,#577);
#377=LINE('',#2474,#578);
#378=LINE('',#2476,#579);
#379=LINE('',#2478,#580);
#380=LINE('',#2480,#581);
#381=LINE('',#2482,#582);
#382=LINE('',#2484,#583);
#383=LINE('',#2487,#584);
#384=LINE('',#2491,#585);
#385=LINE('',#2493,#586);
#386=LINE('',#2495,#587);
#387=LINE('',#2497,#588);
#388=LINE('',#2499,#589);
#389=LINE('',#2502,#590);
#390=LINE('',#2508,#591);
#391=LINE('',#2512,#592);
#392=LINE('',#2514,#593);
#393=LINE('',#2516,#594);
#394=LINE('',#2518,#595);
#395=LINE('',#2519,#596);
#396=LINE('',#2522,#597);
#397=LINE('',#2523,#598);
#398=LINE('',#2527,#599);
#399=LINE('',#2528,#600);
#400=LINE('',#2529,#601);
#401=LINE('',#2532,#602);
#402=LINE('',#2534,#603);
#403=LINE('',#2536,#604);
#404=LINE('',#2537,#605);
#405=LINE('',#2541,#606);
#406=LINE('',#2542,#607);
#407=LINE('',#2543,#608);
#408=LINE('',#2546,#609);
#409=LINE('',#2547,#610);
#410=LINE('',#2550,#611);
#411=LINE('',#2553,#612);
#412=LINE('',#2556,#613);
#413=LINE('',#2558,#614);
#414=LINE('',#2562,#615);
#415=LINE('',#2564,#616);
#416=LINE('',#2566,#617);
#417=LINE('',#2568,#618);
#418=LINE('',#2570,#619);
#419=LINE('',#2571,#620);
#420=LINE('',#2573,#621);
#421=LINE('',#2575,#622);
#422=LINE('',#2577,#623);
#423=LINE('',#2579,#624);
#424=LINE('',#2581,#625);
#425=LINE('',#2584,#626);
#426=LINE('',#2588,#627);
#427=LINE('',#2590,#628);
#428=LINE('',#2592,#629);
#429=LINE('',#2594,#630);
#430=LINE('',#2596,#631);
#431=LINE('',#2599,#632);
#432=LINE('',#2605,#633);
#433=LINE('',#2606,#634);
#434=LINE('',#2608,#635);
#435=LINE('',#2610,#636);
#436=LINE('',#2611,#637);
#437=LINE('',#2613,#638);
#438=LINE('',#2615,#639);
#439=LINE('',#2616,#640);
#440=LINE('',#2618,#641);
#441=LINE('',#2620,#642);
#442=LINE('',#2621,#643);
#443=LINE('',#2623,#644);
#444=LINE('',#2625,#645);
#445=LINE('',#2626,#646);
#446=LINE('',#2629,#647);
#447=LINE('',#2630,#648);
#448=LINE('',#2634,#649);
#449=LINE('',#2637,#650);
#450=LINE('',#2639,#651);
#451=LINE('',#2642,#652);
#452=LINE('',#2647,#653);
#453=LINE('',#2650,#654);
#454=LINE('',#2653,#655);
#455=LINE('',#2655,#656);
#456=VECTOR('',#1769,10.);
#457=VECTOR('',#1770,10.);
#458=VECTOR('',#1771,10.);
#459=VECTOR('',#1772,10.);
#460=VECTOR('',#1775,10.);
#461=VECTOR('',#1776,10.);
#462=VECTOR('',#1777,10.);
#463=VECTOR('',#1780,10.);
#464=VECTOR('',#1781,10.);
#465=VECTOR('',#1782,10.);
#466=VECTOR('',#1783,10.);
#467=VECTOR('',#1786,10.);
#468=VECTOR('',#1787,10.);
#469=VECTOR('',#1788,10.);
#470=VECTOR('',#1791,10.);
#471=VECTOR('',#1792,10.);
#472=VECTOR('',#1793,10.);
#473=VECTOR('',#1794,10.);
#474=VECTOR('',#1797,10.);
#475=VECTOR('',#1798,10.);
#476=VECTOR('',#1799,10.);
#477=VECTOR('',#1802,10.);
#478=VECTOR('',#1803,10.);
#479=VECTOR('',#1804,10.);
#480=VECTOR('',#1807,10.);
#481=VECTOR('',#1808,10.);
#482=VECTOR('',#1809,10.);
#483=VECTOR('',#1810,10.);
#484=VECTOR('',#1813,10.);
#485=VECTOR('',#1814,10.);
#486=VECTOR('',#1815,10.);
#487=VECTOR('',#1818,10.);
#488=VECTOR('',#1819,10.);
#489=VECTOR('',#1820,10.);
#490=VECTOR('',#1821,10.);
#491=VECTOR('',#1824,10.);
#492=VECTOR('',#1825,10.);
#493=VECTOR('',#1826,10.);
#494=VECTOR('',#1829,10.);
#495=VECTOR('',#1830,10.);
#496=VECTOR('',#1831,10.);
#497=VECTOR('',#1832,10.);
#498=VECTOR('',#1835,10.);
#499=VECTOR('',#1836,10.);
#500=VECTOR('',#1837,10.);
#501=VECTOR('',#1840,10.);
#502=VECTOR('',#1841,10.);
#503=VECTOR('',#1842,10.);
#504=VECTOR('',#1845,10.);
#505=VECTOR('',#1846,10.);
#506=VECTOR('',#1849,10.);
#507=VECTOR('',#1850,10.);
#508=VECTOR('',#1853,10.);
#509=VECTOR('',#1854,10.);
#510=VECTOR('',#1855,10.);
#511=VECTOR('',#1856,10.);
#512=VECTOR('',#1859,10.);
#513=VECTOR('',#1860,10.);
#514=VECTOR('',#1861,10.);
#515=VECTOR('',#1862,10.);
#516=VECTOR('',#1865,10.);
#517=VECTOR('',#1866,10.);
#518=VECTOR('',#1867,10.);
#519=VECTOR('',#1870,10.);
#520=VECTOR('',#1871,10.);
#521=VECTOR('',#1872,10.);
#522=VECTOR('',#1873,10.);
#523=VECTOR('',#1876,10.);
#524=VECTOR('',#1877,10.);
#525=VECTOR('',#1878,10.);
#526=VECTOR('',#1881,10.);
#527=VECTOR('',#1882,10.);
#528=VECTOR('',#1883,10.);
#529=VECTOR('',#1884,10.);
#530=VECTOR('',#1887,10.);
#531=VECTOR('',#1888,10.);
#532=VECTOR('',#1889,10.);
#533=VECTOR('',#1892,10.);
#534=VECTOR('',#1893,10.);
#535=VECTOR('',#1894,10.);
#536=VECTOR('',#1895,10.);
#537=VECTOR('',#1898,10.);
#538=VECTOR('',#1899,10.);
#539=VECTOR('',#1900,10.);
#540=VECTOR('',#1903,10.);
#541=VECTOR('',#1904,10.);
#542=VECTOR('',#1905,10.);
#543=VECTOR('',#1906,10.);
#544=VECTOR('',#1909,10.);
#545=VECTOR('',#1910,10.);
#546=VECTOR('',#1911,10.);
#547=VECTOR('',#1914,10.);
#548=VECTOR('',#1915,10.);
#549=VECTOR('',#1916,10.);
#550=VECTOR('',#1919,10.);
#551=VECTOR('',#1920,10.);
#552=VECTOR('',#1921,10.);
#553=VECTOR('',#1922,10.);
#554=VECTOR('',#1925,10.);
#555=VECTOR('',#1926,10.);
#556=VECTOR('',#1931,10.);
#557=VECTOR('',#1938,1.1);
#558=VECTOR('',#1945,10.);
#559=VECTOR('',#1956,10.);
#560=VECTOR('',#1957,10.);
#561=VECTOR('',#1960,10.);
#562=VECTOR('',#1961,10.);
#563=VECTOR('',#1966,1.1);
#564=VECTOR('',#1983,10.);
#565=VECTOR('',#1984,10.);
#566=VECTOR('',#1985,10.);
#567=VECTOR('',#1990,10.);
#568=VECTOR('',#1995,10.);
#569=VECTOR('',#1996,10.);
#570=VECTOR('',#1999,10.);
#571=VECTOR('',#2000,10.);
#572=VECTOR('',#2001,10.);
#573=VECTOR('',#2004,10.);
#574=VECTOR('',#2005,10.);
#575=VECTOR('',#2006,10.);
#576=VECTOR('',#2009,10.);
#577=VECTOR('',#2010,10.);
#578=VECTOR('',#2011,10.);
#579=VECTOR('',#2012,10.);
#580=VECTOR('',#2013,10.);
#581=VECTOR('',#2014,10.);
#582=VECTOR('',#2015,10.);
#583=VECTOR('',#2016,10.);
#584=VECTOR('',#2019,10.);
#585=VECTOR('',#2022,10.);
#586=VECTOR('',#2023,10.);
#587=VECTOR('',#2024,10.);
#588=VECTOR('',#2025,10.);
#589=VECTOR('',#2026,10.);
#590=VECTOR('',#2029,10.);
#591=VECTOR('',#2034,10.);
#592=VECTOR('',#2037,10.);
#593=VECTOR('',#2038,10.);
#594=VECTOR('',#2039,10.);
#595=VECTOR('',#2040,10.);
#596=VECTOR('',#2041,10.);
#597=VECTOR('',#2044,10.);
#598=VECTOR('',#2045,10.);
#599=VECTOR('',#2048,10.);
#600=VECTOR('',#2049,10.);
#601=VECTOR('',#2050,10.);
#602=VECTOR('',#2053,10.);
#603=VECTOR('',#2054,10.);
#604=VECTOR('',#2055,10.);
#605=VECTOR('',#2056,10.);
#606=VECTOR('',#2059,10.);
#607=VECTOR('',#2060,10.);
#608=VECTOR('',#2061,10.);
#609=VECTOR('',#2064,10.);
#610=VECTOR('',#2065,10.);
#611=VECTOR('',#2068,10.);
#612=VECTOR('',#2071,10.);
#613=VECTOR('',#2074,10.);
#614=VECTOR('',#2075,10.);
#615=VECTOR('',#2078,10.);
#616=VECTOR('',#2079,10.);
#617=VECTOR('',#2080,10.);
#618=VECTOR('',#2081,10.);
#619=VECTOR('',#2082,10.);
#620=VECTOR('',#2083,10.);
#621=VECTOR('',#2084,10.);
#622=VECTOR('',#2085,10.);
#623=VECTOR('',#2086,10.);
#624=VECTOR('',#2087,10.);
#625=VECTOR('',#2088,10.);
#626=VECTOR('',#2091,10.);
#627=VECTOR('',#2094,10.);
#628=VECTOR('',#2095,10.);
#629=VECTOR('',#2096,10.);
#630=VECTOR('',#2097,10.);
#631=VECTOR('',#2098,10.);
#632=VECTOR('',#2101,10.);
#633=VECTOR('',#2108,10.);
#634=VECTOR('',#2109,10.);
#635=VECTOR('',#2112,10.);
#636=VECTOR('',#2115,10.);
#637=VECTOR('',#2116,10.);
#638=VECTOR('',#2119,10.);
#639=VECTOR('',#2122,10.);
#640=VECTOR('',#2123,10.);
#641=VECTOR('',#2126,10.);
#642=VECTOR('',#2129,10.);
#643=VECTOR('',#2130,10.);
#644=VECTOR('',#2133,10.);
#645=VECTOR('',#2136,10.);
#646=VECTOR('',#2137,10.);
#647=VECTOR('',#2142,10.);
#648=VECTOR('',#2143,10.);
#649=VECTOR('',#2150,10.);
#650=VECTOR('',#2155,1.1);
#651=VECTOR('',#2158,10.);
#652=VECTOR('',#2163,10.);
#653=VECTOR('',#2172,1.1);
#654=VECTOR('',#2177,10.);
#655=VECTOR('',#2182,10.);
#656=VECTOR('',#2185,10.);
#657=VERTEX_POINT('',#2190);
#658=VERTEX_POINT('',#2191);
#659=VERTEX_POINT('',#2193);
#660=VERTEX_POINT('',#2195);
#661=VERTEX_POINT('',#2199);
#662=VERTEX_POINT('',#2201);
#663=VERTEX_POINT('',#2205);
#664=VERTEX_POINT('',#2206);
#665=VERTEX_POINT('',#2208);
#666=VERTEX_POINT('',#2210);
#667=VERTEX_POINT('',#2214);
#668=VERTEX_POINT('',#2216);
#669=VERTEX_POINT('',#2220);
#670=VERTEX_POINT('',#2221);
#671=VERTEX_POINT('',#2223);
#672=VERTEX_POINT('',#2225);
#673=VERTEX_POINT('',#2229);
#674=VERTEX_POINT('',#2231);
#675=VERTEX_POINT('',#2235);
#676=VERTEX_POINT('',#2237);
#677=VERTEX_POINT('',#2241);
#678=VERTEX_POINT('',#2242);
#679=VERTEX_POINT('',#2244);
#680=VERTEX_POINT('',#2246);
#681=VERTEX_POINT('',#2250);
#682=VERTEX_POINT('',#2252);
#683=VERTEX_POINT('',#2256);
#684=VERTEX_POINT('',#2257);
#685=VERTEX_POINT('',#2259);
#686=VERTEX_POINT('',#2261);
#687=VERTEX_POINT('',#2265);
#688=VERTEX_POINT('',#2267);
#689=VERTEX_POINT('',#2271);
#690=VERTEX_POINT('',#2272);
#691=VERTEX_POINT('',#2274);
#692=VERTEX_POINT('',#2276);
#693=VERTEX_POINT('',#2280);
#694=VERTEX_POINT('',#2282);
#695=VERTEX_POINT('',#2286);
#696=VERTEX_POINT('',#2288);
#697=VERTEX_POINT('',#2298);
#698=VERTEX_POINT('',#2299);
#699=VERTEX_POINT('',#2301);
#700=VERTEX_POINT('',#2303);
#701=VERTEX_POINT('',#2307);
#702=VERTEX_POINT('',#2308);
#703=VERTEX_POINT('',#2310);
#704=VERTEX_POINT('',#2312);
#705=VERTEX_POINT('',#2316);
#706=VERTEX_POINT('',#2318);
#707=VERTEX_POINT('',#2322);
#708=VERTEX_POINT('',#2323);
#709=VERTEX_POINT('',#2325);
#710=VERTEX_POINT('',#2327);
#711=VERTEX_POINT('',#2331);
#712=VERTEX_POINT('',#2333);
#713=VERTEX_POINT('',#2337);
#714=VERTEX_POINT('',#2338);
#715=VERTEX_POINT('',#2340);
#716=VERTEX_POINT('',#2342);
#717=VERTEX_POINT('',#2346);
#718=VERTEX_POINT('',#2348);
#719=VERTEX_POINT('',#2352);
#720=VERTEX_POINT('',#2353);
#721=VERTEX_POINT('',#2355);
#722=VERTEX_POINT('',#2357);
#723=VERTEX_POINT('',#2361);
#724=VERTEX_POINT('',#2363);
#725=VERTEX_POINT('',#2367);
#726=VERTEX_POINT('',#2368);
#727=VERTEX_POINT('',#2370);
#728=VERTEX_POINT('',#2372);
#729=VERTEX_POINT('',#2376);
#730=VERTEX_POINT('',#2378);
#731=VERTEX_POINT('',#2382);
#732=VERTEX_POINT('',#2384);
#733=VERTEX_POINT('',#2388);
#734=VERTEX_POINT('',#2389);
#735=VERTEX_POINT('',#2391);
#736=VERTEX_POINT('',#2393);
#737=VERTEX_POINT('',#2400);
#738=VERTEX_POINT('',#2402);
#739=VERTEX_POINT('',#2406);
#740=VERTEX_POINT('',#2408);
#741=VERTEX_POINT('',#2412);
#742=VERTEX_POINT('',#2414);
#743=VERTEX_POINT('',#2427);
#744=VERTEX_POINT('',#2429);
#745=VERTEX_POINT('',#2439);
#746=VERTEX_POINT('',#2441);
#747=VERTEX_POINT('',#2445);
#748=VERTEX_POINT('',#2447);
#749=VERTEX_POINT('',#2454);
#750=VERTEX_POINT('',#2456);
#751=VERTEX_POINT('',#2458);
#752=VERTEX_POINT('',#2460);
#753=VERTEX_POINT('',#2462);
#754=VERTEX_POINT('',#2464);
#755=VERTEX_POINT('',#2466);
#756=VERTEX_POINT('',#2468);
#757=VERTEX_POINT('',#2471);
#758=VERTEX_POINT('',#2473);
#759=VERTEX_POINT('',#2475);
#760=VERTEX_POINT('',#2477);
#761=VERTEX_POINT('',#2479);
#762=VERTEX_POINT('',#2481);
#763=VERTEX_POINT('',#2483);
#764=VERTEX_POINT('',#2486);
#765=VERTEX_POINT('',#2488);
#766=VERTEX_POINT('',#2490);
#767=VERTEX_POINT('',#2492);
#768=VERTEX_POINT('',#2494);
#769=VERTEX_POINT('',#2496);
#770=VERTEX_POINT('',#2498);
#771=VERTEX_POINT('',#2500);
#772=VERTEX_POINT('',#2503);
#773=VERTEX_POINT('',#2505);
#774=VERTEX_POINT('',#2507);
#775=VERTEX_POINT('',#2509);
#776=VERTEX_POINT('',#2511);
#777=VERTEX_POINT('',#2513);
#778=VERTEX_POINT('',#2515);
#779=VERTEX_POINT('',#2517);
#780=VERTEX_POINT('',#2521);
#781=VERTEX_POINT('',#2525);
#782=VERTEX_POINT('',#2526);
#783=VERTEX_POINT('',#2531);
#784=VERTEX_POINT('',#2533);
#785=VERTEX_POINT('',#2535);
#786=VERTEX_POINT('',#2539);
#787=VERTEX_POINT('',#2540);
#788=VERTEX_POINT('',#2545);
#789=VERTEX_POINT('',#2549);
#790=VERTEX_POINT('',#2552);
#791=VERTEX_POINT('',#2554);
#792=VERTEX_POINT('',#2557);
#793=VERTEX_POINT('',#2559);
#794=VERTEX_POINT('',#2561);
#795=VERTEX_POINT('',#2563);
#796=VERTEX_POINT('',#2565);
#797=VERTEX_POINT('',#2567);
#798=VERTEX_POINT('',#2569);
#799=VERTEX_POINT('',#2572);
#800=VERTEX_POINT('',#2574);
#801=VERTEX_POINT('',#2576);
#802=VERTEX_POINT('',#2578);
#803=VERTEX_POINT('',#2580);
#804=VERTEX_POINT('',#2582);
#805=VERTEX_POINT('',#2585);
#806=VERTEX_POINT('',#2587);
#807=VERTEX_POINT('',#2589);
#808=VERTEX_POINT('',#2591);
#809=VERTEX_POINT('',#2593);
#810=VERTEX_POINT('',#2595);
#811=VERTEX_POINT('',#2597);
#812=VERTEX_POINT('',#2600);
#813=VERTEX_POINT('',#2602);
#814=EDGE_CURVE('',#657,#658,#255,.T.);
#815=EDGE_CURVE('',#658,#659,#256,.T.);
#816=EDGE_CURVE('',#659,#660,#257,.T.);
#817=EDGE_CURVE('',#660,#657,#258,.T.);
#818=EDGE_CURVE('',#661,#658,#259,.T.);
#819=EDGE_CURVE('',#661,#662,#260,.T.);
#820=EDGE_CURVE('',#659,#662,#261,.T.);
#821=EDGE_CURVE('',#663,#664,#262,.T.);
#822=EDGE_CURVE('',#664,#665,#263,.T.);
#823=EDGE_CURVE('',#665,#666,#264,.T.);
#824=EDGE_CURVE('',#666,#663,#265,.T.);
#825=EDGE_CURVE('',#667,#664,#266,.T.);
#826=EDGE_CURVE('',#668,#667,#267,.T.);
#827=EDGE_CURVE('',#668,#665,#268,.T.);
#828=EDGE_CURVE('',#669,#670,#269,.T.);
#829=EDGE_CURVE('',#670,#671,#270,.T.);
#830=EDGE_CURVE('',#671,#672,#271,.T.);
#831=EDGE_CURVE('',#672,#669,#272,.T.);
#832=EDGE_CURVE('',#673,#670,#273,.T.);
#833=EDGE_CURVE('',#673,#674,#274,.T.);
#834=EDGE_CURVE('',#674,#671,#275,.T.);
#835=EDGE_CURVE('',#675,#668,#276,.T.);
#836=EDGE_CURVE('',#667,#676,#277,.T.);
#837=EDGE_CURVE('',#676,#675,#278,.T.);
#838=EDGE_CURVE('',#677,#678,#279,.T.);
#839=EDGE_CURVE('',#678,#679,#280,.T.);
#840=EDGE_CURVE('',#679,#680,#281,.T.);
#841=EDGE_CURVE('',#680,#677,#282,.T.);
#842=EDGE_CURVE('',#681,#678,#283,.T.);
#843=EDGE_CURVE('',#682,#681,#284,.T.);
#844=EDGE_CURVE('',#679,#682,#285,.T.);
#845=EDGE_CURVE('',#683,#684,#286,.T.);
#846=EDGE_CURVE('',#684,#685,#287,.T.);
#847=EDGE_CURVE('',#685,#686,#288,.T.);
#848=EDGE_CURVE('',#686,#683,#289,.T.);
#849=EDGE_CURVE('',#684,#687,#290,.T.);
#850=EDGE_CURVE('',#688,#687,#291,.T.);
#851=EDGE_CURVE('',#688,#685,#292,.T.);
#852=EDGE_CURVE('',#689,#690,#293,.T.);
#853=EDGE_CURVE('',#690,#691,#294,.T.);
#854=EDGE_CURVE('',#691,#692,#295,.T.);
#855=EDGE_CURVE('',#692,#689,#296,.T.);
#856=EDGE_CURVE('',#693,#690,#297,.T.);
#857=EDGE_CURVE('',#693,#694,#298,.T.);
#858=EDGE_CURVE('',#694,#691,#299,.T.);
#859=EDGE_CURVE('',#695,#682,#300,.T.);
#860=EDGE_CURVE('',#681,#696,#301,.T.);
#861=EDGE_CURVE('',#696,#695,#302,.T.);
#862=EDGE_CURVE('',#669,#660,#303,.T.);
#863=EDGE_CURVE('',#672,#657,#304,.T.);
#864=EDGE_CURVE('',#686,#689,#305,.T.);
#865=EDGE_CURVE('',#692,#683,#306,.T.);
#866=EDGE_CURVE('',#697,#698,#307,.T.);
#867=EDGE_CURVE('',#699,#697,#308,.T.);
#868=EDGE_CURVE('',#700,#699,#309,.T.);
#869=EDGE_CURVE('',#698,#700,#310,.T.);
#870=EDGE_CURVE('',#701,#702,#311,.T.);
#871=EDGE_CURVE('',#703,#701,#312,.T.);
#872=EDGE_CURVE('',#704,#703,#313,.T.);
#873=EDGE_CURVE('',#702,#704,#314,.T.);
#874=EDGE_CURVE('',#704,#705,#315,.T.);
#875=EDGE_CURVE('',#705,#706,#316,.T.);
#876=EDGE_CURVE('',#706,#702,#317,.T.);
#877=EDGE_CURVE('',#707,#708,#318,.T.);
#878=EDGE_CURVE('',#709,#707,#319,.T.);
#879=EDGE_CURVE('',#710,#709,#320,.T.);
#880=EDGE_CURVE('',#708,#710,#321,.T.);
#881=EDGE_CURVE('',#710,#711,#322,.T.);
#882=EDGE_CURVE('',#712,#711,#323,.T.);
#883=EDGE_CURVE('',#712,#708,#324,.T.);
#884=EDGE_CURVE('',#713,#714,#325,.T.);
#885=EDGE_CURVE('',#715,#713,#326,.T.);
#886=EDGE_CURVE('',#716,#715,#327,.T.);
#887=EDGE_CURVE('',#714,#716,#328,.T.);
#888=EDGE_CURVE('',#717,#716,#329,.T.);
#889=EDGE_CURVE('',#717,#718,#330,.T.);
#890=EDGE_CURVE('',#718,#714,#331,.T.);
#891=EDGE_CURVE('',#719,#720,#332,.T.);
#892=EDGE_CURVE('',#721,#719,#333,.T.);
#893=EDGE_CURVE('',#722,#721,#334,.T.);
#894=EDGE_CURVE('',#720,#722,#335,.T.);
#895=EDGE_CURVE('',#722,#723,#336,.T.);
#896=EDGE_CURVE('',#724,#723,#337,.T.);
#897=EDGE_CURVE('',#724,#720,#338,.T.);
#898=EDGE_CURVE('',#725,#726,#339,.T.);
#899=EDGE_CURVE('',#727,#725,#340,.T.);
#900=EDGE_CURVE('',#728,#727,#341,.T.);
#901=EDGE_CURVE('',#726,#728,#342,.T.);
#902=EDGE_CURVE('',#729,#728,#343,.T.);
#903=EDGE_CURVE('',#729,#730,#344,.T.);
#904=EDGE_CURVE('',#730,#726,#345,.T.);
#905=EDGE_CURVE('',#731,#661,#346,.T.);
#906=EDGE_CURVE('',#732,#731,#347,.T.);
#907=EDGE_CURVE('',#662,#732,#348,.T.);
#908=EDGE_CURVE('',#733,#734,#349,.T.);
#909=EDGE_CURVE('',#735,#733,#350,.T.);
#910=EDGE_CURVE('',#736,#735,#351,.T.);
#911=EDGE_CURVE('',#734,#736,#352,.T.);
#912=EDGE_CURVE('',#732,#707,#353,.F.);
#913=EDGE_CURVE('',#731,#709,#354,.F.);
#914=EDGE_CURVE('',#737,#705,#33,.T.);
#915=EDGE_CURVE('',#737,#738,#355,.T.);
#916=EDGE_CURVE('',#738,#706,#34,.T.);
#917=EDGE_CURVE('',#739,#739,#35,.T.);
#918=EDGE_CURVE('',#739,#740,#356,.T.);
#919=EDGE_CURVE('',#740,#740,#36,.T.);
#920=EDGE_CURVE('',#741,#729,#37,.T.);
#921=EDGE_CURVE('',#741,#742,#357,.T.);
#922=EDGE_CURVE('',#742,#730,#38,.T.);
#923=EDGE_CURVE('',#724,#693,#39,.T.);
#924=EDGE_CURVE('',#723,#694,#40,.T.);
#925=EDGE_CURVE('',#713,#721,#358,.F.);
#926=EDGE_CURVE('',#715,#719,#359,.F.);
#927=EDGE_CURVE('',#725,#735,#360,.F.);
#928=EDGE_CURVE('',#727,#733,#361,.F.);
#929=EDGE_CURVE('',#743,#743,#41,.T.);
#930=EDGE_CURVE('',#743,#744,#362,.T.);
#931=EDGE_CURVE('',#744,#744,#42,.T.);
#932=EDGE_CURVE('',#688,#717,#43,.T.);
#933=EDGE_CURVE('',#687,#718,#44,.T.);
#934=EDGE_CURVE('',#712,#673,#45,.T.);
#935=EDGE_CURVE('',#711,#674,#46,.T.);
#936=EDGE_CURVE('',#700,#745,#363,.T.);
#937=EDGE_CURVE('',#745,#746,#364,.T.);
#938=EDGE_CURVE('',#746,#698,#365,.T.);
#939=EDGE_CURVE('',#747,#745,#47,.T.);
#940=EDGE_CURVE('',#747,#748,#366,.T.);
#941=EDGE_CURVE('',#748,#746,#48,.T.);
#942=EDGE_CURVE('',#701,#748,#367,.T.);
#943=EDGE_CURVE('',#747,#703,#368,.T.);
#944=EDGE_CURVE('',#749,#699,#369,.T.);
#945=EDGE_CURVE('',#750,#749,#370,.T.);
#946=EDGE_CURVE('',#750,#751,#371,.T.);
#947=EDGE_CURVE('',#752,#751,#49,.T.);
#948=EDGE_CURVE('',#752,#753,#372,.T.);
#949=EDGE_CURVE('',#754,#753,#373,.T.);
#950=EDGE_CURVE('',#754,#755,#374,.T.);
#951=EDGE_CURVE('',#756,#755,#50,.T.);
#952=EDGE_CURVE('',#737,#756,#375,.T.);
#953=EDGE_CURVE('',#741,#757,#376,.T.);
#954=EDGE_CURVE('',#734,#758,#377,.T.);
#955=EDGE_CURVE('',#759,#758,#378,.T.);
#956=EDGE_CURVE('',#760,#759,#379,.T.);
#957=EDGE_CURVE('',#761,#760,#380,.F.);
#958=EDGE_CURVE('',#762,#761,#381,.T.);
#959=EDGE_CURVE('',#763,#762,#382,.T.);
#960=EDGE_CURVE('',#757,#763,#51,.T.);
#961=EDGE_CURVE('',#764,#695,#383,.T.);
#962=EDGE_CURVE('',#765,#764,#52,.T.);
#963=EDGE_CURVE('',#765,#766,#384,.T.);
#964=EDGE_CURVE('',#767,#766,#385,.T.);
#965=EDGE_CURVE('',#768,#767,#386,.F.);
#966=EDGE_CURVE('',#769,#768,#387,.T.);
#967=EDGE_CURVE('',#770,#769,#388,.T.);
#968=EDGE_CURVE('',#771,#770,#53,.T.);
#969=EDGE_CURVE('',#771,#680,#389,.T.);
#970=EDGE_CURVE('',#772,#772,#54,.T.);
#971=EDGE_CURVE('',#773,#773,#55,.T.);
#972=EDGE_CURVE('',#774,#675,#390,.T.);
#973=EDGE_CURVE('',#775,#774,#56,.T.);
#974=EDGE_CURVE('',#775,#776,#391,.T.);
#975=EDGE_CURVE('',#777,#776,#392,.T.);
#976=EDGE_CURVE('',#778,#777,#393,.F.);
#977=EDGE_CURVE('',#779,#778,#394,.T.);
#978=EDGE_CURVE('',#666,#779,#395,.T.);
#979=EDGE_CURVE('',#771,#780,#396,.T.);
#980=EDGE_CURVE('',#677,#780,#397,.T.);
#981=EDGE_CURVE('',#781,#782,#398,.T.);
#982=EDGE_CURVE('',#782,#750,#399,.T.);
#983=EDGE_CURVE('',#749,#781,#400,.T.);
#984=EDGE_CURVE('',#697,#783,#401,.T.);
#985=EDGE_CURVE('',#783,#784,#402,.T.);
#986=EDGE_CURVE('',#785,#784,#403,.T.);
#987=EDGE_CURVE('',#781,#785,#404,.T.);
#988=EDGE_CURVE('',#786,#787,#405,.T.);
#989=EDGE_CURVE('',#787,#754,#406,.T.);
#990=EDGE_CURVE('',#753,#786,#407,.T.);
#991=EDGE_CURVE('',#788,#787,#408,.T.);
#992=EDGE_CURVE('',#755,#788,#409,.T.);
#993=EDGE_CURVE('',#789,#738,#410,.T.);
#994=EDGE_CURVE('',#789,#788,#57,.T.);
#995=EDGE_CURVE('',#786,#790,#411,.T.);
#996=EDGE_CURVE('',#790,#791,#58,.T.);
#997=EDGE_CURVE('',#791,#782,#412,.T.);
#998=EDGE_CURVE('',#792,#742,#413,.T.);
#999=EDGE_CURVE('',#792,#793,#59,.T.);
#1000=EDGE_CURVE('',#793,#794,#414,.T.);
#1001=EDGE_CURVE('',#795,#794,#415,.T.);
#1002=EDGE_CURVE('',#795,#796,#416,.F.);
#1003=EDGE_CURVE('',#797,#796,#417,.T.);
#1004=EDGE_CURVE('',#798,#797,#418,.T.);
#1005=EDGE_CURVE('',#798,#736,#419,.T.);
#1006=EDGE_CURVE('',#799,#663,#420,.T.);
#1007=EDGE_CURVE('',#800,#799,#421,.T.);
#1008=EDGE_CURVE('',#800,#801,#422,.F.);
#1009=EDGE_CURVE('',#802,#801,#423,.T.);
#1010=EDGE_CURVE('',#802,#803,#424,.T.);
#1011=EDGE_CURVE('',#803,#804,#60,.T.);
#1012=EDGE_CURVE('',#804,#676,#425,.T.);
#1013=EDGE_CURVE('',#780,#805,#61,.T.);
#1014=EDGE_CURVE('',#805,#806,#426,.T.);
#1015=EDGE_CURVE('',#807,#806,#427,.T.);
#1016=EDGE_CURVE('',#807,#808,#428,.F.);
#1017=EDGE_CURVE('',#809,#808,#429,.T.);
#1018=EDGE_CURVE('',#809,#810,#430,.T.);
#1019=EDGE_CURVE('',#810,#811,#62,.T.);
#1020=EDGE_CURVE('',#811,#696,#431,.T.);
#1021=EDGE_CURVE('',#812,#812,#63,.T.);
#1022=EDGE_CURVE('',#813,#813,#64,.T.);
#1023=EDGE_CURVE('',#776,#802,#432,.T.);
#1024=EDGE_CURVE('',#801,#777,#433,.T.);
#1025=EDGE_CURVE('',#775,#803,#434,.T.);
#1026=EDGE_CURVE('',#806,#769,#435,.T.);
#1027=EDGE_CURVE('',#768,#807,#436,.T.);
#1028=EDGE_CURVE('',#770,#805,#437,.T.);
#1029=EDGE_CURVE('',#766,#809,#438,.T.);
#1030=EDGE_CURVE('',#808,#767,#439,.T.);
#1031=EDGE_CURVE('',#765,#810,#440,.T.);
#1032=EDGE_CURVE('',#794,#762,#441,.T.);
#1033=EDGE_CURVE('',#761,#795,#442,.T.);
#1034=EDGE_CURVE('',#763,#793,#443,.T.);
#1035=EDGE_CURVE('',#799,#779,#444,.T.);
#1036=EDGE_CURVE('',#778,#800,#445,.T.);
#1037=EDGE_CURVE('',#759,#797,#446,.T.);
#1038=EDGE_CURVE('',#796,#760,#447,.T.);
#1039=EDGE_CURVE('',#756,#789,#448,.T.);
#1040=EDGE_CURVE('',#813,#772,#449,.T.);
#1041=EDGE_CURVE('',#757,#792,#450,.T.);
#1042=EDGE_CURVE('',#764,#811,#451,.T.);
#1043=EDGE_CURVE('',#812,#773,#452,.T.);
#1044=EDGE_CURVE('',#774,#804,#453,.T.);
#1045=EDGE_CURVE('',#751,#791,#454,.T.);
#1046=EDGE_CURVE('',#752,#790,#455,.T.);
#1047=ORIENTED_EDGE('',*,*,#814,.T.);
#1048=ORIENTED_EDGE('',*,*,#815,.T.);
#1049=ORIENTED_EDGE('',*,*,#816,.T.);
#1050=ORIENTED_EDGE('',*,*,#817,.T.);
#1051=ORIENTED_EDGE('',*,*,#815,.F.);
#1052=ORIENTED_EDGE('',*,*,#818,.F.);
#1053=ORIENTED_EDGE('',*,*,#819,.T.);
#1054=ORIENTED_EDGE('',*,*,#820,.F.);
#1055=ORIENTED_EDGE('',*,*,#821,.T.);
#1056=ORIENTED_EDGE('',*,*,#822,.T.);
#1057=ORIENTED_EDGE('',*,*,#823,.T.);
#1058=ORIENTED_EDGE('',*,*,#824,.T.);
#1059=ORIENTED_EDGE('',*,*,#822,.F.);
#1060=ORIENTED_EDGE('',*,*,#825,.F.);
#1061=ORIENTED_EDGE('',*,*,#826,.F.);
#1062=ORIENTED_EDGE('',*,*,#827,.T.);
#1063=ORIENTED_EDGE('',*,*,#828,.T.);
#1064=ORIENTED_EDGE('',*,*,#829,.T.);
#1065=ORIENTED_EDGE('',*,*,#830,.T.);
#1066=ORIENTED_EDGE('',*,*,#831,.T.);
#1067=ORIENTED_EDGE('',*,*,#829,.F.);
#1068=ORIENTED_EDGE('',*,*,#832,.F.);
#1069=ORIENTED_EDGE('',*,*,#833,.T.);
#1070=ORIENTED_EDGE('',*,*,#834,.T.);
#1071=ORIENTED_EDGE('',*,*,#835,.T.);
#1072=ORIENTED_EDGE('',*,*,#826,.T.);
#1073=ORIENTED_EDGE('',*,*,#836,.T.);
#1074=ORIENTED_EDGE('',*,*,#837,.T.);
#1075=ORIENTED_EDGE('',*,*,#838,.T.);
#1076=ORIENTED_EDGE('',*,*,#839,.T.);
#1077=ORIENTED_EDGE('',*,*,#840,.T.);
#1078=ORIENTED_EDGE('',*,*,#841,.T.);
#1079=ORIENTED_EDGE('',*,*,#839,.F.);
#1080=ORIENTED_EDGE('',*,*,#842,.F.);
#1081=ORIENTED_EDGE('',*,*,#843,.F.);
#1082=ORIENTED_EDGE('',*,*,#844,.F.);
#1083=ORIENTED_EDGE('',*,*,#845,.T.);
#1084=ORIENTED_EDGE('',*,*,#846,.T.);
#1085=ORIENTED_EDGE('',*,*,#847,.T.);
#1086=ORIENTED_EDGE('',*,*,#848,.T.);
#1087=ORIENTED_EDGE('',*,*,#846,.F.);
#1088=ORIENTED_EDGE('',*,*,#849,.T.);
#1089=ORIENTED_EDGE('',*,*,#850,.F.);
#1090=ORIENTED_EDGE('',*,*,#851,.T.);
#1091=ORIENTED_EDGE('',*,*,#852,.T.);
#1092=ORIENTED_EDGE('',*,*,#853,.T.);
#1093=ORIENTED_EDGE('',*,*,#854,.T.);
#1094=ORIENTED_EDGE('',*,*,#855,.T.);
#1095=ORIENTED_EDGE('',*,*,#853,.F.);
#1096=ORIENTED_EDGE('',*,*,#856,.F.);
#1097=ORIENTED_EDGE('',*,*,#857,.T.);
#1098=ORIENTED_EDGE('',*,*,#858,.T.);
#1099=ORIENTED_EDGE('',*,*,#859,.T.);
#1100=ORIENTED_EDGE('',*,*,#843,.T.);
#1101=ORIENTED_EDGE('',*,*,#860,.T.);
#1102=ORIENTED_EDGE('',*,*,#861,.T.);
#1103=ORIENTED_EDGE('',*,*,#817,.F.);
#1104=ORIENTED_EDGE('',*,*,#862,.F.);
#1105=ORIENTED_EDGE('',*,*,#831,.F.);
#1106=ORIENTED_EDGE('',*,*,#863,.T.);
#1107=ORIENTED_EDGE('',*,*,#848,.F.);
#1108=ORIENTED_EDGE('',*,*,#864,.T.);
#1109=ORIENTED_EDGE('',*,*,#855,.F.);
#1110=ORIENTED_EDGE('',*,*,#865,.T.);
#1111=ORIENTED_EDGE('',*,*,#866,.F.);
#1112=ORIENTED_EDGE('',*,*,#867,.F.);
#1113=ORIENTED_EDGE('',*,*,#868,.F.);
#1114=ORIENTED_EDGE('',*,*,#869,.F.);
#1115=ORIENTED_EDGE('',*,*,#870,.F.);
#1116=ORIENTED_EDGE('',*,*,#871,.F.);
#1117=ORIENTED_EDGE('',*,*,#872,.F.);
#1118=ORIENTED_EDGE('',*,*,#873,.F.);
#1119=ORIENTED_EDGE('',*,*,#873,.T.);
#1120=ORIENTED_EDGE('',*,*,#874,.T.);
#1121=ORIENTED_EDGE('',*,*,#875,.T.);
#1122=ORIENTED_EDGE('',*,*,#876,.T.);
#1123=ORIENTED_EDGE('',*,*,#877,.F.);
#1124=ORIENTED_EDGE('',*,*,#878,.F.);
#1125=ORIENTED_EDGE('',*,*,#879,.F.);
#1126=ORIENTED_EDGE('',*,*,#880,.F.);
#1127=ORIENTED_EDGE('',*,*,#880,.T.);
#1128=ORIENTED_EDGE('',*,*,#881,.T.);
#1129=ORIENTED_EDGE('',*,*,#882,.F.);
#1130=ORIENTED_EDGE('',*,*,#883,.T.);
#1131=ORIENTED_EDGE('',*,*,#884,.F.);
#1132=ORIENTED_EDGE('',*,*,#885,.F.);
#1133=ORIENTED_EDGE('',*,*,#886,.F.);
#1134=ORIENTED_EDGE('',*,*,#887,.F.);
#1135=ORIENTED_EDGE('',*,*,#887,.T.);
#1136=ORIENTED_EDGE('',*,*,#888,.F.);
#1137=ORIENTED_EDGE('',*,*,#889,.T.);
#1138=ORIENTED_EDGE('',*,*,#890,.T.);
#1139=ORIENTED_EDGE('',*,*,#891,.F.);
#1140=ORIENTED_EDGE('',*,*,#892,.F.);
#1141=ORIENTED_EDGE('',*,*,#893,.F.);
#1142=ORIENTED_EDGE('',*,*,#894,.F.);
#1143=ORIENTED_EDGE('',*,*,#894,.T.);
#1144=ORIENTED_EDGE('',*,*,#895,.T.);
#1145=ORIENTED_EDGE('',*,*,#896,.F.);
#1146=ORIENTED_EDGE('',*,*,#897,.T.);
#1147=ORIENTED_EDGE('',*,*,#898,.F.);
#1148=ORIENTED_EDGE('',*,*,#899,.F.);
#1149=ORIENTED_EDGE('',*,*,#900,.F.);
#1150=ORIENTED_EDGE('',*,*,#901,.F.);
#1151=ORIENTED_EDGE('',*,*,#901,.T.);
#1152=ORIENTED_EDGE('',*,*,#902,.F.);
#1153=ORIENTED_EDGE('',*,*,#903,.T.);
#1154=ORIENTED_EDGE('',*,*,#904,.T.);
#1155=ORIENTED_EDGE('',*,*,#905,.F.);
#1156=ORIENTED_EDGE('',*,*,#906,.F.);
#1157=ORIENTED_EDGE('',*,*,#907,.F.);
#1158=ORIENTED_EDGE('',*,*,#819,.F.);
#1159=ORIENTED_EDGE('',*,*,#908,.F.);
#1160=ORIENTED_EDGE('',*,*,#909,.F.);
#1161=ORIENTED_EDGE('',*,*,#910,.F.);
#1162=ORIENTED_EDGE('',*,*,#911,.F.);
#1163=ORIENTED_EDGE('',*,*,#878,.T.);
#1164=ORIENTED_EDGE('',*,*,#912,.F.);
#1165=ORIENTED_EDGE('',*,*,#906,.T.);
#1166=ORIENTED_EDGE('',*,*,#913,.T.);
#1167=ORIENTED_EDGE('',*,*,#914,.F.);
#1168=ORIENTED_EDGE('',*,*,#915,.T.);
#1169=ORIENTED_EDGE('',*,*,#916,.T.);
#1170=ORIENTED_EDGE('',*,*,#875,.F.);
#1171=ORIENTED_EDGE('',*,*,#917,.T.);
#1172=ORIENTED_EDGE('',*,*,#918,.T.);
#1173=ORIENTED_EDGE('',*,*,#919,.F.);
#1174=ORIENTED_EDGE('',*,*,#918,.F.);
#1175=ORIENTED_EDGE('',*,*,#920,.F.);
#1176=ORIENTED_EDGE('',*,*,#921,.T.);
#1177=ORIENTED_EDGE('',*,*,#922,.T.);
#1178=ORIENTED_EDGE('',*,*,#903,.F.);
#1179=ORIENTED_EDGE('',*,*,#923,.F.);
#1180=ORIENTED_EDGE('',*,*,#896,.T.);
#1181=ORIENTED_EDGE('',*,*,#924,.T.);
#1182=ORIENTED_EDGE('',*,*,#857,.F.);
#1183=ORIENTED_EDGE('',*,*,#885,.T.);
#1184=ORIENTED_EDGE('',*,*,#925,.T.);
#1185=ORIENTED_EDGE('',*,*,#892,.T.);
#1186=ORIENTED_EDGE('',*,*,#926,.F.);
#1187=ORIENTED_EDGE('',*,*,#899,.T.);
#1188=ORIENTED_EDGE('',*,*,#927,.T.);
#1189=ORIENTED_EDGE('',*,*,#909,.T.);
#1190=ORIENTED_EDGE('',*,*,#928,.F.);
#1191=ORIENTED_EDGE('',*,*,#929,.T.);
#1192=ORIENTED_EDGE('',*,*,#930,.T.);
#1193=ORIENTED_EDGE('',*,*,#931,.F.);
#1194=ORIENTED_EDGE('',*,*,#930,.F.);
#1195=ORIENTED_EDGE('',*,*,#932,.F.);
#1196=ORIENTED_EDGE('',*,*,#850,.T.);
#1197=ORIENTED_EDGE('',*,*,#933,.T.);
#1198=ORIENTED_EDGE('',*,*,#889,.F.);
#1199=ORIENTED_EDGE('',*,*,#934,.F.);
#1200=ORIENTED_EDGE('',*,*,#882,.T.);
#1201=ORIENTED_EDGE('',*,*,#935,.T.);
#1202=ORIENTED_EDGE('',*,*,#833,.F.);
#1203=ORIENTED_EDGE('',*,*,#869,.T.);
#1204=ORIENTED_EDGE('',*,*,#936,.T.);
#1205=ORIENTED_EDGE('',*,*,#937,.T.);
#1206=ORIENTED_EDGE('',*,*,#938,.T.);
#1207=ORIENTED_EDGE('',*,*,#939,.F.);
#1208=ORIENTED_EDGE('',*,*,#940,.T.);
#1209=ORIENTED_EDGE('',*,*,#941,.T.);
#1210=ORIENTED_EDGE('',*,*,#937,.F.);
#1211=ORIENTED_EDGE('',*,*,#871,.T.);
#1212=ORIENTED_EDGE('',*,*,#942,.T.);
#1213=ORIENTED_EDGE('',*,*,#940,.F.);
#1214=ORIENTED_EDGE('',*,*,#943,.T.);
#1215=ORIENTED_EDGE('',*,*,#944,.F.);
#1216=ORIENTED_EDGE('',*,*,#945,.F.);
#1217=ORIENTED_EDGE('',*,*,#946,.T.);
#1218=ORIENTED_EDGE('',*,*,#947,.F.);
#1219=ORIENTED_EDGE('',*,*,#948,.T.);
#1220=ORIENTED_EDGE('',*,*,#949,.F.);
#1221=ORIENTED_EDGE('',*,*,#950,.T.);
#1222=ORIENTED_EDGE('',*,*,#951,.F.);
#1223=ORIENTED_EDGE('',*,*,#952,.F.);
#1224=ORIENTED_EDGE('',*,*,#914,.T.);
#1225=ORIENTED_EDGE('',*,*,#874,.F.);
#1226=ORIENTED_EDGE('',*,*,#872,.T.);
#1227=ORIENTED_EDGE('',*,*,#943,.F.);
#1228=ORIENTED_EDGE('',*,*,#939,.T.);
#1229=ORIENTED_EDGE('',*,*,#936,.F.);
#1230=ORIENTED_EDGE('',*,*,#868,.T.);
#1231=ORIENTED_EDGE('',*,*,#862,.T.);
#1232=ORIENTED_EDGE('',*,*,#816,.F.);
#1233=ORIENTED_EDGE('',*,*,#820,.T.);
#1234=ORIENTED_EDGE('',*,*,#907,.T.);
#1235=ORIENTED_EDGE('',*,*,#912,.T.);
#1236=ORIENTED_EDGE('',*,*,#877,.T.);
#1237=ORIENTED_EDGE('',*,*,#883,.F.);
#1238=ORIENTED_EDGE('',*,*,#934,.T.);
#1239=ORIENTED_EDGE('',*,*,#832,.T.);
#1240=ORIENTED_EDGE('',*,*,#828,.F.);
#1241=ORIENTED_EDGE('',*,*,#931,.T.);
#1242=ORIENTED_EDGE('',*,*,#919,.T.);
#1243=ORIENTED_EDGE('',*,*,#851,.F.);
#1244=ORIENTED_EDGE('',*,*,#932,.T.);
#1245=ORIENTED_EDGE('',*,*,#888,.T.);
#1246=ORIENTED_EDGE('',*,*,#886,.T.);
#1247=ORIENTED_EDGE('',*,*,#926,.T.);
#1248=ORIENTED_EDGE('',*,*,#891,.T.);
#1249=ORIENTED_EDGE('',*,*,#897,.F.);
#1250=ORIENTED_EDGE('',*,*,#923,.T.);
#1251=ORIENTED_EDGE('',*,*,#856,.T.);
#1252=ORIENTED_EDGE('',*,*,#852,.F.);
#1253=ORIENTED_EDGE('',*,*,#864,.F.);
#1254=ORIENTED_EDGE('',*,*,#847,.F.);
#1255=ORIENTED_EDGE('',*,*,#953,.F.);
#1256=ORIENTED_EDGE('',*,*,#920,.T.);
#1257=ORIENTED_EDGE('',*,*,#902,.T.);
#1258=ORIENTED_EDGE('',*,*,#900,.T.);
#1259=ORIENTED_EDGE('',*,*,#928,.T.);
#1260=ORIENTED_EDGE('',*,*,#908,.T.);
#1261=ORIENTED_EDGE('',*,*,#954,.T.);
#1262=ORIENTED_EDGE('',*,*,#955,.F.);
#1263=ORIENTED_EDGE('',*,*,#956,.F.);
#1264=ORIENTED_EDGE('',*,*,#957,.F.);
#1265=ORIENTED_EDGE('',*,*,#958,.F.);
#1266=ORIENTED_EDGE('',*,*,#959,.F.);
#1267=ORIENTED_EDGE('',*,*,#960,.F.);
#1268=ORIENTED_EDGE('',*,*,#844,.T.);
#1269=ORIENTED_EDGE('',*,*,#859,.F.);
#1270=ORIENTED_EDGE('',*,*,#961,.F.);
#1271=ORIENTED_EDGE('',*,*,#962,.F.);
#1272=ORIENTED_EDGE('',*,*,#963,.T.);
#1273=ORIENTED_EDGE('',*,*,#964,.F.);
#1274=ORIENTED_EDGE('',*,*,#965,.F.);
#1275=ORIENTED_EDGE('',*,*,#966,.F.);
#1276=ORIENTED_EDGE('',*,*,#967,.F.);
#1277=ORIENTED_EDGE('',*,*,#968,.F.);
#1278=ORIENTED_EDGE('',*,*,#969,.T.);
#1279=ORIENTED_EDGE('',*,*,#840,.F.);
#1280=ORIENTED_EDGE('',*,*,#970,.F.);
#1281=ORIENTED_EDGE('',*,*,#971,.F.);
#1282=ORIENTED_EDGE('',*,*,#972,.F.);
#1283=ORIENTED_EDGE('',*,*,#973,.F.);
#1284=ORIENTED_EDGE('',*,*,#974,.T.);
#1285=ORIENTED_EDGE('',*,*,#975,.F.);
#1286=ORIENTED_EDGE('',*,*,#976,.F.);
#1287=ORIENTED_EDGE('',*,*,#977,.F.);
#1288=ORIENTED_EDGE('',*,*,#978,.F.);
#1289=ORIENTED_EDGE('',*,*,#823,.F.);
#1290=ORIENTED_EDGE('',*,*,#827,.F.);
#1291=ORIENTED_EDGE('',*,*,#835,.F.);
#1292=ORIENTED_EDGE('',*,*,#841,.F.);
#1293=ORIENTED_EDGE('',*,*,#969,.F.);
#1294=ORIENTED_EDGE('',*,*,#979,.T.);
#1295=ORIENTED_EDGE('',*,*,#980,.F.);
#1296=ORIENTED_EDGE('',*,*,#981,.T.);
#1297=ORIENTED_EDGE('',*,*,#982,.T.);
#1298=ORIENTED_EDGE('',*,*,#945,.T.);
#1299=ORIENTED_EDGE('',*,*,#983,.T.);
#1300=ORIENTED_EDGE('',*,*,#983,.F.);
#1301=ORIENTED_EDGE('',*,*,#944,.T.);
#1302=ORIENTED_EDGE('',*,*,#867,.T.);
#1303=ORIENTED_EDGE('',*,*,#984,.T.);
#1304=ORIENTED_EDGE('',*,*,#985,.T.);
#1305=ORIENTED_EDGE('',*,*,#986,.F.);
#1306=ORIENTED_EDGE('',*,*,#987,.F.);
#1307=ORIENTED_EDGE('',*,*,#988,.T.);
#1308=ORIENTED_EDGE('',*,*,#989,.T.);
#1309=ORIENTED_EDGE('',*,*,#949,.T.);
#1310=ORIENTED_EDGE('',*,*,#990,.T.);
#1311=ORIENTED_EDGE('',*,*,#989,.F.);
#1312=ORIENTED_EDGE('',*,*,#991,.F.);
#1313=ORIENTED_EDGE('',*,*,#992,.F.);
#1314=ORIENTED_EDGE('',*,*,#950,.F.);
#1315=ORIENTED_EDGE('',*,*,#985,.F.);
#1316=ORIENTED_EDGE('',*,*,#984,.F.);
#1317=ORIENTED_EDGE('',*,*,#866,.T.);
#1318=ORIENTED_EDGE('',*,*,#938,.F.);
#1319=ORIENTED_EDGE('',*,*,#941,.F.);
#1320=ORIENTED_EDGE('',*,*,#942,.F.);
#1321=ORIENTED_EDGE('',*,*,#870,.T.);
#1322=ORIENTED_EDGE('',*,*,#876,.F.);
#1323=ORIENTED_EDGE('',*,*,#916,.F.);
#1324=ORIENTED_EDGE('',*,*,#993,.F.);
#1325=ORIENTED_EDGE('',*,*,#994,.T.);
#1326=ORIENTED_EDGE('',*,*,#991,.T.);
#1327=ORIENTED_EDGE('',*,*,#988,.F.);
#1328=ORIENTED_EDGE('',*,*,#995,.T.);
#1329=ORIENTED_EDGE('',*,*,#996,.T.);
#1330=ORIENTED_EDGE('',*,*,#997,.T.);
#1331=ORIENTED_EDGE('',*,*,#981,.F.);
#1332=ORIENTED_EDGE('',*,*,#987,.T.);
#1333=ORIENTED_EDGE('',*,*,#986,.T.);
#1334=ORIENTED_EDGE('',*,*,#998,.F.);
#1335=ORIENTED_EDGE('',*,*,#999,.T.);
#1336=ORIENTED_EDGE('',*,*,#1000,.T.);
#1337=ORIENTED_EDGE('',*,*,#1001,.F.);
#1338=ORIENTED_EDGE('',*,*,#1002,.T.);
#1339=ORIENTED_EDGE('',*,*,#1003,.F.);
#1340=ORIENTED_EDGE('',*,*,#1004,.F.);
#1341=ORIENTED_EDGE('',*,*,#1005,.T.);
#1342=ORIENTED_EDGE('',*,*,#910,.T.);
#1343=ORIENTED_EDGE('',*,*,#927,.F.);
#1344=ORIENTED_EDGE('',*,*,#898,.T.);
#1345=ORIENTED_EDGE('',*,*,#904,.F.);
#1346=ORIENTED_EDGE('',*,*,#922,.F.);
#1347=ORIENTED_EDGE('',*,*,#917,.F.);
#1348=ORIENTED_EDGE('',*,*,#929,.F.);
#1349=ORIENTED_EDGE('',*,*,#845,.F.);
#1350=ORIENTED_EDGE('',*,*,#865,.F.);
#1351=ORIENTED_EDGE('',*,*,#854,.F.);
#1352=ORIENTED_EDGE('',*,*,#858,.F.);
#1353=ORIENTED_EDGE('',*,*,#924,.F.);
#1354=ORIENTED_EDGE('',*,*,#895,.F.);
#1355=ORIENTED_EDGE('',*,*,#893,.T.);
#1356=ORIENTED_EDGE('',*,*,#925,.F.);
#1357=ORIENTED_EDGE('',*,*,#884,.T.);
#1358=ORIENTED_EDGE('',*,*,#890,.F.);
#1359=ORIENTED_EDGE('',*,*,#933,.F.);
#1360=ORIENTED_EDGE('',*,*,#849,.F.);
#1361=ORIENTED_EDGE('',*,*,#818,.T.);
#1362=ORIENTED_EDGE('',*,*,#814,.F.);
#1363=ORIENTED_EDGE('',*,*,#863,.F.);
#1364=ORIENTED_EDGE('',*,*,#830,.F.);
#1365=ORIENTED_EDGE('',*,*,#834,.F.);
#1366=ORIENTED_EDGE('',*,*,#935,.F.);
#1367=ORIENTED_EDGE('',*,*,#881,.F.);
#1368=ORIENTED_EDGE('',*,*,#879,.T.);
#1369=ORIENTED_EDGE('',*,*,#913,.F.);
#1370=ORIENTED_EDGE('',*,*,#905,.T.);
#1371=ORIENTED_EDGE('',*,*,#1006,.F.);
#1372=ORIENTED_EDGE('',*,*,#1007,.F.);
#1373=ORIENTED_EDGE('',*,*,#1008,.T.);
#1374=ORIENTED_EDGE('',*,*,#1009,.F.);
#1375=ORIENTED_EDGE('',*,*,#1010,.T.);
#1376=ORIENTED_EDGE('',*,*,#1011,.T.);
#1377=ORIENTED_EDGE('',*,*,#1012,.T.);
#1378=ORIENTED_EDGE('',*,*,#836,.F.);
#1379=ORIENTED_EDGE('',*,*,#825,.T.);
#1380=ORIENTED_EDGE('',*,*,#821,.F.);
#1381=ORIENTED_EDGE('',*,*,#980,.T.);
#1382=ORIENTED_EDGE('',*,*,#1013,.T.);
#1383=ORIENTED_EDGE('',*,*,#1014,.T.);
#1384=ORIENTED_EDGE('',*,*,#1015,.F.);
#1385=ORIENTED_EDGE('',*,*,#1016,.T.);
#1386=ORIENTED_EDGE('',*,*,#1017,.F.);
#1387=ORIENTED_EDGE('',*,*,#1018,.T.);
#1388=ORIENTED_EDGE('',*,*,#1019,.T.);
#1389=ORIENTED_EDGE('',*,*,#1020,.T.);
#1390=ORIENTED_EDGE('',*,*,#860,.F.);
#1391=ORIENTED_EDGE('',*,*,#842,.T.);
#1392=ORIENTED_EDGE('',*,*,#838,.F.);
#1393=ORIENTED_EDGE('',*,*,#1021,.T.);
#1394=ORIENTED_EDGE('',*,*,#1022,.T.);
#1395=ORIENTED_EDGE('',*,*,#975,.T.);
#1396=ORIENTED_EDGE('',*,*,#1023,.T.);
#1397=ORIENTED_EDGE('',*,*,#1009,.T.);
#1398=ORIENTED_EDGE('',*,*,#1024,.T.);
#1399=ORIENTED_EDGE('',*,*,#1023,.F.);
#1400=ORIENTED_EDGE('',*,*,#974,.F.);
#1401=ORIENTED_EDGE('',*,*,#1025,.T.);
#1402=ORIENTED_EDGE('',*,*,#1010,.F.);
#1403=ORIENTED_EDGE('',*,*,#1015,.T.);
#1404=ORIENTED_EDGE('',*,*,#1026,.T.);
#1405=ORIENTED_EDGE('',*,*,#966,.T.);
#1406=ORIENTED_EDGE('',*,*,#1027,.T.);
#1407=ORIENTED_EDGE('',*,*,#1026,.F.);
#1408=ORIENTED_EDGE('',*,*,#1014,.F.);
#1409=ORIENTED_EDGE('',*,*,#1028,.F.);
#1410=ORIENTED_EDGE('',*,*,#967,.T.);
#1411=ORIENTED_EDGE('',*,*,#964,.T.);
#1412=ORIENTED_EDGE('',*,*,#1029,.T.);
#1413=ORIENTED_EDGE('',*,*,#1017,.T.);
#1414=ORIENTED_EDGE('',*,*,#1030,.T.);
#1415=ORIENTED_EDGE('',*,*,#1029,.F.);
#1416=ORIENTED_EDGE('',*,*,#963,.F.);
#1417=ORIENTED_EDGE('',*,*,#1031,.T.);
#1418=ORIENTED_EDGE('',*,*,#1018,.F.);
#1419=ORIENTED_EDGE('',*,*,#1001,.T.);
#1420=ORIENTED_EDGE('',*,*,#1032,.T.);
#1421=ORIENTED_EDGE('',*,*,#958,.T.);
#1422=ORIENTED_EDGE('',*,*,#1033,.T.);
#1423=ORIENTED_EDGE('',*,*,#1032,.F.);
#1424=ORIENTED_EDGE('',*,*,#1000,.F.);
#1425=ORIENTED_EDGE('',*,*,#1034,.F.);
#1426=ORIENTED_EDGE('',*,*,#959,.T.);
#1427=ORIENTED_EDGE('',*,*,#1007,.T.);
#1428=ORIENTED_EDGE('',*,*,#1035,.T.);
#1429=ORIENTED_EDGE('',*,*,#977,.T.);
#1430=ORIENTED_EDGE('',*,*,#1036,.T.);
#1431=ORIENTED_EDGE('',*,*,#824,.F.);
#1432=ORIENTED_EDGE('',*,*,#978,.T.);
#1433=ORIENTED_EDGE('',*,*,#1035,.F.);
#1434=ORIENTED_EDGE('',*,*,#1006,.T.);
#1435=ORIENTED_EDGE('',*,*,#956,.T.);
#1436=ORIENTED_EDGE('',*,*,#1037,.T.);
#1437=ORIENTED_EDGE('',*,*,#1003,.T.);
#1438=ORIENTED_EDGE('',*,*,#1038,.T.);
#1439=ORIENTED_EDGE('',*,*,#1037,.F.);
#1440=ORIENTED_EDGE('',*,*,#955,.T.);
#1441=ORIENTED_EDGE('',*,*,#954,.F.);
#1442=ORIENTED_EDGE('',*,*,#911,.T.);
#1443=ORIENTED_EDGE('',*,*,#1005,.F.);
#1444=ORIENTED_EDGE('',*,*,#1004,.T.);
#1445=ORIENTED_EDGE('',*,*,#1024,.F.);
#1446=ORIENTED_EDGE('',*,*,#1008,.F.);
#1447=ORIENTED_EDGE('',*,*,#1036,.F.);
#1448=ORIENTED_EDGE('',*,*,#976,.T.);
#1449=ORIENTED_EDGE('',*,*,#951,.T.);
#1450=ORIENTED_EDGE('',*,*,#992,.T.);
#1451=ORIENTED_EDGE('',*,*,#994,.F.);
#1452=ORIENTED_EDGE('',*,*,#1039,.F.);
#1453=ORIENTED_EDGE('',*,*,#952,.T.);
#1454=ORIENTED_EDGE('',*,*,#1039,.T.);
#1455=ORIENTED_EDGE('',*,*,#993,.T.);
#1456=ORIENTED_EDGE('',*,*,#915,.F.);
#1457=ORIENTED_EDGE('',*,*,#1022,.F.);
#1458=ORIENTED_EDGE('',*,*,#1040,.T.);
#1459=ORIENTED_EDGE('',*,*,#970,.T.);
#1460=ORIENTED_EDGE('',*,*,#1040,.F.);
#1461=ORIENTED_EDGE('',*,*,#960,.T.);
#1462=ORIENTED_EDGE('',*,*,#1034,.T.);
#1463=ORIENTED_EDGE('',*,*,#999,.F.);
#1464=ORIENTED_EDGE('',*,*,#1041,.F.);
#1465=ORIENTED_EDGE('',*,*,#953,.T.);
#1466=ORIENTED_EDGE('',*,*,#1041,.T.);
#1467=ORIENTED_EDGE('',*,*,#998,.T.);
#1468=ORIENTED_EDGE('',*,*,#921,.F.);
#1469=ORIENTED_EDGE('',*,*,#861,.F.);
#1470=ORIENTED_EDGE('',*,*,#1020,.F.);
#1471=ORIENTED_EDGE('',*,*,#1042,.F.);
#1472=ORIENTED_EDGE('',*,*,#961,.T.);
#1473=ORIENTED_EDGE('',*,*,#962,.T.);
#1474=ORIENTED_EDGE('',*,*,#1042,.T.);
#1475=ORIENTED_EDGE('',*,*,#1019,.F.);
#1476=ORIENTED_EDGE('',*,*,#1031,.F.);
#1477=ORIENTED_EDGE('',*,*,#1027,.F.);
#1478=ORIENTED_EDGE('',*,*,#965,.T.);
#1479=ORIENTED_EDGE('',*,*,#1030,.F.);
#1480=ORIENTED_EDGE('',*,*,#1016,.F.);
#1481=ORIENTED_EDGE('',*,*,#1033,.F.);
#1482=ORIENTED_EDGE('',*,*,#957,.T.);
#1483=ORIENTED_EDGE('',*,*,#1038,.F.);
#1484=ORIENTED_EDGE('',*,*,#1002,.F.);
#1485=ORIENTED_EDGE('',*,*,#1021,.F.);
#1486=ORIENTED_EDGE('',*,*,#1043,.T.);
#1487=ORIENTED_EDGE('',*,*,#971,.T.);
#1488=ORIENTED_EDGE('',*,*,#1043,.F.);
#1489=ORIENTED_EDGE('',*,*,#968,.T.);
#1490=ORIENTED_EDGE('',*,*,#1028,.T.);
#1491=ORIENTED_EDGE('',*,*,#1013,.F.);
#1492=ORIENTED_EDGE('',*,*,#979,.F.);
#1493=ORIENTED_EDGE('',*,*,#837,.F.);
#1494=ORIENTED_EDGE('',*,*,#1012,.F.);
#1495=ORIENTED_EDGE('',*,*,#1044,.F.);
#1496=ORIENTED_EDGE('',*,*,#972,.T.);
#1497=ORIENTED_EDGE('',*,*,#973,.T.);
#1498=ORIENTED_EDGE('',*,*,#1044,.T.);
#1499=ORIENTED_EDGE('',*,*,#1011,.F.);
#1500=ORIENTED_EDGE('',*,*,#1025,.F.);
#1501=ORIENTED_EDGE('',*,*,#982,.F.);
#1502=ORIENTED_EDGE('',*,*,#997,.F.);
#1503=ORIENTED_EDGE('',*,*,#1045,.F.);
#1504=ORIENTED_EDGE('',*,*,#946,.F.);
#1505=ORIENTED_EDGE('',*,*,#947,.T.);
#1506=ORIENTED_EDGE('',*,*,#1045,.T.);
#1507=ORIENTED_EDGE('',*,*,#996,.F.);
#1508=ORIENTED_EDGE('',*,*,#1046,.F.);
#1509=ORIENTED_EDGE('',*,*,#990,.F.);
#1510=ORIENTED_EDGE('',*,*,#948,.F.);
#1511=ORIENTED_EDGE('',*,*,#1046,.T.);
#1512=ORIENTED_EDGE('',*,*,#995,.F.);
#1513=PLANE('',#1655);
#1514=PLANE('',#1656);
#1515=PLANE('',#1657);
#1516=PLANE('',#1658);
#1517=PLANE('',#1659);
#1518=PLANE('',#1660);
#1519=PLANE('',#1661);
#1520=PLANE('',#1662);
#1521=PLANE('',#1663);
#1522=PLANE('',#1664);
#1523=PLANE('',#1665);
#1524=PLANE('',#1666);
#1525=PLANE('',#1667);
#1526=PLANE('',#1668);
#1527=PLANE('',#1669);
#1528=PLANE('',#1670);
#1529=PLANE('',#1671);
#1530=PLANE('',#1672);
#1531=PLANE('',#1673);
#1532=PLANE('',#1674);
#1533=PLANE('',#1675);
#1534=PLANE('',#1676);
#1535=PLANE('',#1677);
#1536=PLANE('',#1678);
#1537=PLANE('',#1679);
#1538=PLANE('',#1680);
#1539=PLANE('',#1681);
#1540=PLANE('',#1682);
#1541=PLANE('',#1683);
#1542=PLANE('',#1684);
#1543=PLANE('',#1697);
#1544=PLANE('',#1698);
#1545=PLANE('',#1708);
#1546=PLANE('',#1712);
#1547=PLANE('',#1713);
#1548=PLANE('',#1722);
#1549=PLANE('',#1723);
#1550=PLANE('',#1724);
#1551=PLANE('',#1725);
#1552=PLANE('',#1726);
#1553=PLANE('',#1727);
#1554=PLANE('',#1736);
#1555=PLANE('',#1737);
#1556=PLANE('',#1738);
#1557=PLANE('',#1739);
#1558=PLANE('',#1740);
#1559=PLANE('',#1741);
#1560=PLANE('',#1742);
#1561=PLANE('',#1743);
#1562=PLANE('',#1744);
#1563=PLANE('',#1745);
#1564=PLANE('',#1746);
#1565=PLANE('',#1747);
#1566=PLANE('',#1748);
#1567=PLANE('',#1750);
#1568=PLANE('',#1753);
#1569=PLANE('',#1754);
#1570=PLANE('',#1756);
#1571=PLANE('',#1757);
#1572=PLANE('',#1760);
#1573=PLANE('',#1762);
#1574=PLANE('',#1764);
#1575=ADVANCED_FACE('',(#81),#1513,.T.);
#1576=ADVANCED_FACE('',(#82),#1514,.F.);
#1577=ADVANCED_FACE('',(#83),#1515,.T.);
#1578=ADVANCED_FACE('',(#84),#1516,.T.);
#1579=ADVANCED_FACE('',(#85),#1517,.T.);
#1580=ADVANCED_FACE('',(#86),#1518,.F.);
#1581=ADVANCED_FACE('',(#87),#1519,.T.);
#1582=ADVANCED_FACE('',(#88),#1520,.T.);
#1583=ADVANCED_FACE('',(#89),#1521,.T.);
#1584=ADVANCED_FACE('',(#90),#1522,.T.);
#1585=ADVANCED_FACE('',(#91),#1523,.F.);
#1586=ADVANCED_FACE('',(#92),#1524,.T.);
#1587=ADVANCED_FACE('',(#93),#1525,.F.);
#1588=ADVANCED_FACE('',(#94),#1526,.T.);
#1589=ADVANCED_FACE('',(#95),#1527,.F.);
#1590=ADVANCED_FACE('',(#96),#1528,.F.);
#1591=ADVANCED_FACE('',(#97),#1529,.F.);
#1592=ADVANCED_FACE('',(#98),#1530,.F.);
#1593=ADVANCED_FACE('',(#99),#1531,.F.);
#1594=ADVANCED_FACE('',(#100),#1532,.F.);
#1595=ADVANCED_FACE('',(#101),#1533,.F.);
#1596=ADVANCED_FACE('',(#102),#1534,.F.);
#1597=ADVANCED_FACE('',(#103),#1535,.F.);
#1598=ADVANCED_FACE('',(#104),#1536,.F.);
#1599=ADVANCED_FACE('',(#105),#1537,.F.);
#1600=ADVANCED_FACE('',(#106),#1538,.F.);
#1601=ADVANCED_FACE('',(#107),#1539,.F.);
#1602=ADVANCED_FACE('',(#108),#1540,.F.);
#1603=ADVANCED_FACE('',(#109),#1541,.F.);
#1604=ADVANCED_FACE('',(#110),#1542,.F.);
#1605=ADVANCED_FACE('',(#111),#65,.T.);
#1606=ADVANCED_FACE('',(#112),#66,.F.);
#1607=ADVANCED_FACE('',(#113),#67,.T.);
#1608=ADVANCED_FACE('',(#114),#68,.T.);
#1609=ADVANCED_FACE('',(#115),#1543,.F.);
#1610=ADVANCED_FACE('',(#116),#1544,.F.);
#1611=ADVANCED_FACE('',(#117),#69,.F.);
#1612=ADVANCED_FACE('',(#118),#70,.T.);
#1613=ADVANCED_FACE('',(#119),#71,.T.);
#1614=ADVANCED_FACE('',(#120),#1545,.F.);
#1615=ADVANCED_FACE('',(#121),#72,.T.);
#1616=ADVANCED_FACE('',(#122),#1546,.F.);
#1617=ADVANCED_FACE('',(#123,#15,#16,#17,#18,#19,#20,#21,#22,#23),#1547,
 .F.);
#1618=ADVANCED_FACE('',(#124),#1548,.T.);
#1619=ADVANCED_FACE('',(#125),#1549,.T.);
#1620=ADVANCED_FACE('',(#126),#1550,.T.);
#1621=ADVANCED_FACE('',(#127),#1551,.T.);
#1622=ADVANCED_FACE('',(#128),#1552,.T.);
#1623=ADVANCED_FACE('',(#129,#24,#25,#26,#27,#28,#29,#30,#31,#32),#1553,
 .T.);
#1624=ADVANCED_FACE('',(#130),#1554,.T.);
#1625=ADVANCED_FACE('',(#131),#1555,.T.);
#1626=ADVANCED_FACE('',(#132),#1556,.T.);
#1627=ADVANCED_FACE('',(#133),#1557,.T.);
#1628=ADVANCED_FACE('',(#134),#1558,.T.);
#1629=ADVANCED_FACE('',(#135),#1559,.T.);
#1630=ADVANCED_FACE('',(#136),#1560,.T.);
#1631=ADVANCED_FACE('',(#137),#1561,.T.);
#1632=ADVANCED_FACE('',(#138),#1562,.T.);
#1633=ADVANCED_FACE('',(#139),#1563,.T.);
#1634=ADVANCED_FACE('',(#140),#1564,.T.);
#1635=ADVANCED_FACE('',(#141),#1565,.T.);
#1636=ADVANCED_FACE('',(#142),#1566,.T.);
#1637=ADVANCED_FACE('',(#143),#73,.T.);
#1638=ADVANCED_FACE('',(#144),#1567,.T.);
#1639=ADVANCED_FACE('',(#145),#74,.F.);
#1640=ADVANCED_FACE('',(#146),#75,.T.);
#1641=ADVANCED_FACE('',(#147),#1568,.T.);
#1642=ADVANCED_FACE('',(#148),#1569,.T.);
#1643=ADVANCED_FACE('',(#149),#76,.T.);
#1644=ADVANCED_FACE('',(#150),#1570,.T.);
#1645=ADVANCED_FACE('',(#151),#1571,.T.);
#1646=ADVANCED_FACE('',(#152),#77,.F.);
#1647=ADVANCED_FACE('',(#153),#78,.T.);
#1648=ADVANCED_FACE('',(#154),#1572,.T.);
#1649=ADVANCED_FACE('',(#155),#79,.T.);
#1650=ADVANCED_FACE('',(#156),#1573,.T.);
#1651=ADVANCED_FACE('',(#157),#80,.T.);
#1652=ADVANCED_FACE('',(#158),#1574,.T.);
#1653=CLOSED_SHELL('',(#1575,#1576,#1577,#1578,#1579,#1580,#1581,#1582,
#1583,#1584,#1585,#1586,#1587,#1588,#1589,#1590,#1591,#1592,#1593,#1594,
#1595,#1596,#1597,#1598,#1599,#1600,#1601,#1602,#1603,#1604,#1605,#1606,
#1607,#1608,#1609,#1610,#1611,#1612,#1613,#1614,#1615,#1616,#1617,#1618,
#1619,#1620,#1621,#1622,#1623,#1624,#1625,#1626,#1627,#1628,#1629,#1630,
#1631,#1632,#1633,#1634,#1635,#1636,#1637,#1638,#1639,#1640,#1641,#1642,
#1643,#1644,#1645,#1646,#1647,#1648,#1649,#1650,#1651,#1652));
#1654=AXIS2_PLACEMENT_3D('',#2188,#1765,#1766);
#1655=AXIS2_PLACEMENT_3D('',#2189,#1767,#1768);
#1656=AXIS2_PLACEMENT_3D('',#2198,#1773,#1774);
#1657=AXIS2_PLACEMENT_3D('',#2204,#1778,#1779);
#1658=AXIS2_PLACEMENT_3D('',#2213,#1784,#1785);
#1659=AXIS2_PLACEMENT_3D('',#2219,#1789,#1790);
#1660=AXIS2_PLACEMENT_3D('',#2228,#1795,#1796);
#1661=AXIS2_PLACEMENT_3D('',#2234,#1800,#1801);
#1662=AXIS2_PLACEMENT_3D('',#2240,#1805,#1806);
#1663=AXIS2_PLACEMENT_3D('',#2249,#1811,#1812);
#1664=AXIS2_PLACEMENT_3D('',#2255,#1816,#1817);
#1665=AXIS2_PLACEMENT_3D('',#2264,#1822,#1823);
#1666=AXIS2_PLACEMENT_3D('',#2270,#1827,#1828);
#1667=AXIS2_PLACEMENT_3D('',#2279,#1833,#1834);
#1668=AXIS2_PLACEMENT_3D('',#2285,#1838,#1839);
#1669=AXIS2_PLACEMENT_3D('',#2291,#1843,#1844);
#1670=AXIS2_PLACEMENT_3D('',#2294,#1847,#1848);
#1671=AXIS2_PLACEMENT_3D('',#2297,#1851,#1852);
#1672=AXIS2_PLACEMENT_3D('',#2306,#1857,#1858);
#1673=AXIS2_PLACEMENT_3D('',#2315,#1863,#1864);
#1674=AXIS2_PLACEMENT_3D('',#2321,#1868,#1869);
#1675=AXIS2_PLACEMENT_3D('',#2330,#1874,#1875);
#1676=AXIS2_PLACEMENT_3D('',#2336,#1879,#1880);
#1677=AXIS2_PLACEMENT_3D('',#2345,#1885,#1886);
#1678=AXIS2_PLACEMENT_3D('',#2351,#1890,#1891);
#1679=AXIS2_PLACEMENT_3D('',#2360,#1896,#1897);
#1680=AXIS2_PLACEMENT_3D('',#2366,#1901,#1902);
#1681=AXIS2_PLACEMENT_3D('',#2375,#1907,#1908);
#1682=AXIS2_PLACEMENT_3D('',#2381,#1912,#1913);
#1683=AXIS2_PLACEMENT_3D('',#2387,#1917,#1918);
#1684=AXIS2_PLACEMENT_3D('',#2396,#1923,#1924);
#1685=AXIS2_PLACEMENT_3D('',#2399,#1927,#1928);
#1686=AXIS2_PLACEMENT_3D('',#2401,#1929,#1930);
#1687=AXIS2_PLACEMENT_3D('',#2404,#1932,#1933);
#1688=AXIS2_PLACEMENT_3D('',#2405,#1934,#1935);
#1689=AXIS2_PLACEMENT_3D('',#2407,#1936,#1937);
#1690=AXIS2_PLACEMENT_3D('',#2410,#1939,#1940);
#1691=AXIS2_PLACEMENT_3D('',#2411,#1941,#1942);
#1692=AXIS2_PLACEMENT_3D('',#2413,#1943,#1944);
#1693=AXIS2_PLACEMENT_3D('',#2416,#1946,#1947);
#1694=AXIS2_PLACEMENT_3D('',#2417,#1948,#1949);
#1695=AXIS2_PLACEMENT_3D('',#2418,#1950,#1951);
#1696=AXIS2_PLACEMENT_3D('',#2419,#1952,#1953);
#1697=AXIS2_PLACEMENT_3D('',#2420,#1954,#1955);
#1698=AXIS2_PLACEMENT_3D('',#2423,#1958,#1959);
#1699=AXIS2_PLACEMENT_3D('',#2426,#1962,#1963);
#1700=AXIS2_PLACEMENT_3D('',#2428,#1964,#1965);
#1701=AXIS2_PLACEMENT_3D('',#2431,#1967,#1968);
#1702=AXIS2_PLACEMENT_3D('',#2432,#1969,#1970);
#1703=AXIS2_PLACEMENT_3D('',#2433,#1971,#1972);
#1704=AXIS2_PLACEMENT_3D('',#2434,#1973,#1974);
#1705=AXIS2_PLACEMENT_3D('',#2435,#1975,#1976);
#1706=AXIS2_PLACEMENT_3D('',#2436,#1977,#1978);
#1707=AXIS2_PLACEMENT_3D('',#2437,#1979,#1980);
#1708=AXIS2_PLACEMENT_3D('',#2438,#1981,#1982);
#1709=AXIS2_PLACEMENT_3D('',#2444,#1986,#1987);
#1710=AXIS2_PLACEMENT_3D('',#2446,#1988,#1989);
#1711=AXIS2_PLACEMENT_3D('',#2449,#1991,#1992);
#1712=AXIS2_PLACEMENT_3D('',#2450,#1993,#1994);
#1713=AXIS2_PLACEMENT_3D('',#2453,#1997,#1998);
#1714=AXIS2_PLACEMENT_3D('',#2461,#2002,#2003);
#1715=AXIS2_PLACEMENT_3D('',#2469,#2007,#2008);
#1716=AXIS2_PLACEMENT_3D('',#2485,#2017,#2018);
#1717=AXIS2_PLACEMENT_3D('',#2489,#2020,#2021);
#1718=AXIS2_PLACEMENT_3D('',#2501,#2027,#2028);
#1719=AXIS2_PLACEMENT_3D('',#2504,#2030,#2031);
#1720=AXIS2_PLACEMENT_3D('',#2506,#2032,#2033);
#1721=AXIS2_PLACEMENT_3D('',#2510,#2035,#2036);
#1722=AXIS2_PLACEMENT_3D('',#2520,#2042,#2043);
#1723=AXIS2_PLACEMENT_3D('',#2524,#2046,#2047);
#1724=AXIS2_PLACEMENT_3D('',#2530,#2051,#2052);
#1725=AXIS2_PLACEMENT_3D('',#2538,#2057,#2058);
#1726=AXIS2_PLACEMENT_3D('',#2544,#2062,#2063);
#1727=AXIS2_PLACEMENT_3D('',#2548,#2066,#2067);
#1728=AXIS2_PLACEMENT_3D('',#2551,#2069,#2070);
#1729=AXIS2_PLACEMENT_3D('',#2555,#2072,#2073);
#1730=AXIS2_PLACEMENT_3D('',#2560,#2076,#2077);
#1731=AXIS2_PLACEMENT_3D('',#2583,#2089,#2090);
#1732=AXIS2_PLACEMENT_3D('',#2586,#2092,#2093);
#1733=AXIS2_PLACEMENT_3D('',#2598,#2099,#2100);
#1734=AXIS2_PLACEMENT_3D('',#2601,#2102,#2103);
#1735=AXIS2_PLACEMENT_3D('',#2603,#2104,#2105);
#1736=AXIS2_PLACEMENT_3D('',#2604,#2106,#2107);
#1737=AXIS2_PLACEMENT_3D('',#2607,#2110,#2111);
#1738=AXIS2_PLACEMENT_3D('',#2609,#2113,#2114);
#1739=AXIS2_PLACEMENT_3D('',#2612,#2117,#2118);
#1740=AXIS2_PLACEMENT_3D('',#2614,#2120,#2121);
#1741=AXIS2_PLACEMENT_3D('',#2617,#2124,#2125);
#1742=AXIS2_PLACEMENT_3D('',#2619,#2127,#2128);
#1743=AXIS2_PLACEMENT_3D('',#2622,#2131,#2132);
#1744=AXIS2_PLACEMENT_3D('',#2624,#2134,#2135);
#1745=AXIS2_PLACEMENT_3D('',#2627,#2138,#2139);
#1746=AXIS2_PLACEMENT_3D('',#2628,#2140,#2141);
#1747=AXIS2_PLACEMENT_3D('',#2631,#2144,#2145);
#1748=AXIS2_PLACEMENT_3D('',#2632,#2146,#2147);
#1749=AXIS2_PLACEMENT_3D('',#2633,#2148,#2149);
#1750=AXIS2_PLACEMENT_3D('',#2635,#2151,#2152);
#1751=AXIS2_PLACEMENT_3D('',#2636,#2153,#2154);
#1752=AXIS2_PLACEMENT_3D('',#2638,#2156,#2157);
#1753=AXIS2_PLACEMENT_3D('',#2640,#2159,#2160);
#1754=AXIS2_PLACEMENT_3D('',#2641,#2161,#2162);
#1755=AXIS2_PLACEMENT_3D('',#2643,#2164,#2165);
#1756=AXIS2_PLACEMENT_3D('',#2644,#2166,#2167);
#1757=AXIS2_PLACEMENT_3D('',#2645,#2168,#2169);
#1758=AXIS2_PLACEMENT_3D('',#2646,#2170,#2171);
#1759=AXIS2_PLACEMENT_3D('',#2648,#2173,#2174);
#1760=AXIS2_PLACEMENT_3D('',#2649,#2175,#2176);
#1761=AXIS2_PLACEMENT_3D('',#2651,#2178,#2179);
#1762=AXIS2_PLACEMENT_3D('',#2652,#2180,#2181);
#1763=AXIS2_PLACEMENT_3D('',#2654,#2183,#2184);
#1764=AXIS2_PLACEMENT_3D('',#2656,#2186,#2187);
#1765=DIRECTION('axis',(0.,0.,1.));
#1766=DIRECTION('refdir',(1.,0.,0.));
#1767=DIRECTION('center_axis',(0.707106781186548,0.707106781186548,0.));
#1768=DIRECTION('ref_axis',(0.,0.,-1.));
#1769=DIRECTION('',(0.707106781186548,-0.707106781186548,0.));
#1770=DIRECTION('',(0.,0.,-1.));
#1771=DIRECTION('',(-0.707106781186548,0.707106781186548,0.));
#1772=DIRECTION('',(0.,0.,1.));
#1773=DIRECTION('center_axis',(0.,-1.,0.));
#1774=DIRECTION('ref_axis',(0.,0.,1.));
#1775=DIRECTION('',(-1.,0.,0.));
#1776=DIRECTION('',(0.,0.,-1.));
#1777=DIRECTION('',(1.,0.,0.));
#1778=DIRECTION('center_axis',(-0.707106781186548,0.707106781186548,0.));
#1779=DIRECTION('ref_axis',(0.,0.,1.));
#1780=DIRECTION('',(0.707106781186548,0.707106781186548,0.));
#1781=DIRECTION('',(0.,0.,-1.));
#1782=DIRECTION('',(-0.707106781186548,-0.707106781186548,0.));
#1783=DIRECTION('',(0.,0.,1.));
#1784=DIRECTION('center_axis',(-1.,0.,0.));
#1785=DIRECTION('ref_axis',(0.,-1.,0.));
#1786=DIRECTION('',(0.,-1.,0.));
#1787=DIRECTION('',(0.,0.,1.));
#1788=DIRECTION('',(0.,-1.,0.));
#1789=DIRECTION('center_axis',(0.707106781186548,-0.707106781186548,0.));
#1790=DIRECTION('ref_axis',(0.,0.,-1.));
#1791=DIRECTION('',(0.707106781186548,0.707106781186548,0.));
#1792=DIRECTION('',(0.,0.,1.));
#1793=DIRECTION('',(-0.707106781186548,-0.707106781186548,0.));
#1794=DIRECTION('',(0.,0.,-1.));
#1795=DIRECTION('center_axis',(0.,1.,0.));
#1796=DIRECTION('ref_axis',(-1.,0.,0.));
#1797=DIRECTION('',(-1.,0.,0.));
#1798=DIRECTION('',(0.,0.,1.));
#1799=DIRECTION('',(-1.,0.,0.));
#1800=DIRECTION('center_axis',(-0.707106781186548,-0.707106781186548,0.));
#1801=DIRECTION('ref_axis',(0.,0.,1.));
#1802=DIRECTION('',(0.707106781186548,-0.707106781186548,0.));
#1803=DIRECTION('',(-0.707106781186548,0.707106781186548,0.));
#1804=DIRECTION('',(0.,0.,-1.));
#1805=DIRECTION('center_axis',(-0.707106781186548,0.707106781186548,0.));
#1806=DIRECTION('ref_axis',(0.,0.,1.));
#1807=DIRECTION('',(0.707106781186548,0.707106781186548,0.));
#1808=DIRECTION('',(0.,0.,-1.));
#1809=DIRECTION('',(-0.707106781186548,-0.707106781186548,0.));
#1810=DIRECTION('',(0.,0.,1.));
#1811=DIRECTION('center_axis',(-1.,0.,0.));
#1812=DIRECTION('ref_axis',(0.,-1.,0.));
#1813=DIRECTION('',(0.,-1.,0.));
#1814=DIRECTION('',(0.,0.,1.));
#1815=DIRECTION('',(0.,1.,0.));
#1816=DIRECTION('center_axis',(0.707106781186548,0.707106781186548,0.));
#1817=DIRECTION('ref_axis',(0.,0.,-1.));
#1818=DIRECTION('',(0.707106781186548,-0.707106781186548,0.));
#1819=DIRECTION('',(0.,0.,-1.));
#1820=DIRECTION('',(-0.707106781186548,0.707106781186548,0.));
#1821=DIRECTION('',(0.,0.,1.));
#1822=DIRECTION('center_axis',(0.,-1.,0.));
#1823=DIRECTION('ref_axis',(1.,0.,0.));
#1824=DIRECTION('',(1.,0.,0.));
#1825=DIRECTION('',(0.,0.,1.));
#1826=DIRECTION('',(-1.,0.,0.));
#1827=DIRECTION('center_axis',(0.707106781186548,-0.707106781186548,0.));
#1828=DIRECTION('ref_axis',(0.,0.,-1.));
#1829=DIRECTION('',(0.707106781186548,0.707106781186548,0.));
#1830=DIRECTION('',(0.,0.,1.));
#1831=DIRECTION('',(-0.707106781186548,-0.707106781186548,0.));
#1832=DIRECTION('',(0.,0.,-1.));
#1833=DIRECTION('center_axis',(0.,1.,0.));
#1834=DIRECTION('ref_axis',(-1.,0.,0.));
#1835=DIRECTION('',(-1.,0.,0.));
#1836=DIRECTION('',(0.,0.,1.));
#1837=DIRECTION('',(-1.,0.,0.));
#1838=DIRECTION('center_axis',(-0.707106781186548,-0.707106781186548,0.));
#1839=DIRECTION('ref_axis',(0.,0.,1.));
#1840=DIRECTION('',(0.707106781186548,-0.707106781186548,0.));
#1841=DIRECTION('',(-0.707106781186548,0.707106781186548,0.));
#1842=DIRECTION('',(0.,0.,-1.));
#1843=DIRECTION('center_axis',(-1.,0.,0.));
#1844=DIRECTION('ref_axis',(0.,-1.,0.));
#1845=DIRECTION('',(0.,-1.,0.));
#1846=DIRECTION('',(0.,-1.,0.));
#1847=DIRECTION('center_axis',(-1.,0.,0.));
#1848=DIRECTION('ref_axis',(0.,-1.,0.));
#1849=DIRECTION('',(0.,1.,0.));
#1850=DIRECTION('',(0.,-1.,0.));
#1851=DIRECTION('center_axis',(-0.707107539829415,0.707106022542866,0.));
#1852=DIRECTION('ref_axis',(0.,0.,1.));
#1853=DIRECTION('',(0.707106022542866,0.707107539829415,0.));
#1854=DIRECTION('',(0.,0.,1.));
#1855=DIRECTION('',(-0.707106022542866,-0.707107539829415,0.));
#1856=DIRECTION('',(0.,0.,-1.));
#1857=DIRECTION('center_axis',(-0.707106781186548,-0.707106781186548,0.));
#1858=DIRECTION('ref_axis',(0.,0.,1.));
#1859=DIRECTION('',(-0.707106781186548,0.707106781186548,0.));
#1860=DIRECTION('',(0.,0.,1.));
#1861=DIRECTION('',(0.707106781186548,-0.707106781186548,0.));
#1862=DIRECTION('',(0.,0.,-1.));
#1863=DIRECTION('center_axis',(1.16865579408526E-16,-1.,0.));
#1864=DIRECTION('ref_axis',(1.,1.16865579408526E-16,0.));
#1865=DIRECTION('',(-1.,-1.16865579408526E-16,0.));
#1866=DIRECTION('',(0.,0.,1.));
#1867=DIRECTION('',(1.,1.16865579408526E-16,0.));
#1868=DIRECTION('center_axis',(0.707106781186546,0.707106781186549,0.));
#1869=DIRECTION('ref_axis',(0.,0.,-1.));
#1870=DIRECTION('',(-0.707106781186549,0.707106781186546,0.));
#1871=DIRECTION('',(0.,0.,-1.));
#1872=DIRECTION('',(0.707106781186549,-0.707106781186546,0.));
#1873=DIRECTION('',(0.,0.,1.));
#1874=DIRECTION('center_axis',(0.,1.,0.));
#1875=DIRECTION('ref_axis',(-1.,0.,0.));
#1876=DIRECTION('',(-1.,0.,0.));
#1877=DIRECTION('',(0.,0.,1.));
#1878=DIRECTION('',(1.,0.,0.));
#1879=DIRECTION('center_axis',(0.707106781186548,-0.707106781186548,0.));
#1880=DIRECTION('ref_axis',(0.,0.,-1.));
#1881=DIRECTION('',(-0.707106781186548,-0.707106781186548,0.));
#1882=DIRECTION('',(0.,0.,1.));
#1883=DIRECTION('',(0.707106781186548,0.707106781186548,0.));
#1884=DIRECTION('',(0.,0.,-1.));
#1885=DIRECTION('center_axis',(0.,-1.,0.));
#1886=DIRECTION('ref_axis',(1.,0.,0.));
#1887=DIRECTION('',(1.,0.,0.));
#1888=DIRECTION('',(0.,0.,1.));
#1889=DIRECTION('',(1.,0.,0.));
#1890=DIRECTION('center_axis',(0.707106781186546,0.707106781186549,0.));
#1891=DIRECTION('ref_axis',(0.,0.,-1.));
#1892=DIRECTION('',(-0.707106781186549,0.707106781186546,0.));
#1893=DIRECTION('',(0.,0.,-1.));
#1894=DIRECTION('',(0.707106781186549,-0.707106781186546,0.));
#1895=DIRECTION('',(0.,0.,1.));
#1896=DIRECTION('center_axis',(0.,1.,0.));
#1897=DIRECTION('ref_axis',(-1.,0.,0.));
#1898=DIRECTION('',(-1.,0.,0.));
#1899=DIRECTION('',(0.,0.,1.));
#1900=DIRECTION('',(1.,0.,0.));
#1901=DIRECTION('center_axis',(0.707106781186544,-0.707106781186551,0.));
#1902=DIRECTION('ref_axis',(0.,0.,-1.));
#1903=DIRECTION('',(-0.707106781186551,-0.707106781186544,0.));
#1904=DIRECTION('',(0.,0.,1.));
#1905=DIRECTION('',(0.707106781186551,0.707106781186544,0.));
#1906=DIRECTION('',(0.,0.,-1.));
#1907=DIRECTION('center_axis',(0.,-1.,0.));
#1908=DIRECTION('ref_axis',(1.,0.,0.));
#1909=DIRECTION('',(1.,0.,0.));
#1910=DIRECTION('',(0.,0.,1.));
#1911=DIRECTION('',(1.,0.,0.));
#1912=DIRECTION('center_axis',(0.707106781186551,-0.707106781186544,0.));
#1913=DIRECTION('ref_axis',(0.,0.,-1.));
#1914=DIRECTION('',(-0.707106781186544,-0.707106781186551,0.));
#1915=DIRECTION('',(0.,0.,1.));
#1916=DIRECTION('',(0.707106781186544,0.707106781186551,0.));
#1917=DIRECTION('center_axis',(0.707106781186544,0.707106781186551,0.));
#1918=DIRECTION('ref_axis',(0.,0.,-1.));
#1919=DIRECTION('',(-0.707106781186551,0.707106781186544,0.));
#1920=DIRECTION('',(0.,0.,-1.));
#1921=DIRECTION('',(0.707106781186551,-0.707106781186544,0.));
#1922=DIRECTION('',(0.,0.,1.));
#1923=DIRECTION('center_axis',(1.,0.,0.));
#1924=DIRECTION('ref_axis',(0.,1.,0.));
#1925=DIRECTION('',(0.,-1.,0.));
#1926=DIRECTION('',(0.,-1.,0.));
#1927=DIRECTION('center_axis',(0.,0.,-1.));
#1928=DIRECTION('ref_axis',(-0.00140566103927497,0.999999012058033,0.));
#1929=DIRECTION('center_axis',(0.,0.,-1.));
#1930=DIRECTION('ref_axis',(-0.00140566103927497,0.999999012058033,0.));
#1931=DIRECTION('',(0.,0.,1.));
#1932=DIRECTION('center_axis',(0.,0.,-1.));
#1933=DIRECTION('ref_axis',(-0.00140566103927497,0.999999012058033,0.));
#1934=DIRECTION('center_axis',(0.,0.,-1.));
#1935=DIRECTION('ref_axis',(1.,0.,0.));
#1936=DIRECTION('center_axis',(0.,0.,1.));
#1937=DIRECTION('ref_axis',(1.,0.,0.));
#1938=DIRECTION('',(0.,0.,-1.));
#1939=DIRECTION('center_axis',(0.,0.,1.));
#1940=DIRECTION('ref_axis',(1.,0.,0.));
#1941=DIRECTION('center_axis',(0.,0.,-1.));
#1942=DIRECTION('ref_axis',(1.,0.,0.));
#1943=DIRECTION('center_axis',(0.,0.,-1.));
#1944=DIRECTION('ref_axis',(1.,0.,0.));
#1945=DIRECTION('',(0.,0.,1.));
#1946=DIRECTION('center_axis',(0.,0.,-1.));
#1947=DIRECTION('ref_axis',(1.,0.,0.));
#1948=DIRECTION('center_axis',(0.,0.,-1.));
#1949=DIRECTION('ref_axis',(1.,0.,0.));
#1950=DIRECTION('center_axis',(0.,0.,-1.));
#1951=DIRECTION('ref_axis',(1.,0.,0.));
#1952=DIRECTION('center_axis',(0.,0.,-1.));
#1953=DIRECTION('ref_axis',(1.,0.,0.));
#1954=DIRECTION('center_axis',(1.,0.,0.));
#1955=DIRECTION('ref_axis',(0.,1.,0.));
#1956=DIRECTION('',(0.,-1.,0.));
#1957=DIRECTION('',(0.,-1.,0.));
#1958=DIRECTION('center_axis',(1.,0.,0.));
#1959=DIRECTION('ref_axis',(0.,1.,0.));
#1960=DIRECTION('',(0.,-1.,0.));
#1961=DIRECTION('',(0.,-1.,0.));
#1962=DIRECTION('center_axis',(0.,0.,-1.));
#1963=DIRECTION('ref_axis',(1.,0.,0.));
#1964=DIRECTION('center_axis',(0.,0.,1.));
#1965=DIRECTION('ref_axis',(1.,0.,0.));
#1966=DIRECTION('',(0.,0.,-1.));
#1967=DIRECTION('center_axis',(0.,0.,1.));
#1968=DIRECTION('ref_axis',(1.,0.,0.));
#1969=DIRECTION('center_axis',(0.,0.,-1.));
#1970=DIRECTION('ref_axis',(1.,0.,0.));
#1971=DIRECTION('center_axis',(0.,0.,-1.));
#1972=DIRECTION('ref_axis',(1.,0.,0.));
#1973=DIRECTION('center_axis',(0.,0.,-1.));
#1974=DIRECTION('ref_axis',(1.,0.,0.));
#1975=DIRECTION('center_axis',(0.,0.,-1.));
#1976=DIRECTION('ref_axis',(1.,0.,0.));
#1977=DIRECTION('center_axis',(0.,0.,-1.));
#1978=DIRECTION('ref_axis',(1.,0.,0.));
#1979=DIRECTION('center_axis',(0.,0.,-1.));
#1980=DIRECTION('ref_axis',(1.,0.,0.));
#1981=DIRECTION('center_axis',(-1.,0.,0.));
#1982=DIRECTION('ref_axis',(0.,-1.,0.));
#1983=DIRECTION('',(0.,1.,0.));
#1984=DIRECTION('',(0.,0.,1.));
#1985=DIRECTION('',(0.,-1.,0.));
#1986=DIRECTION('center_axis',(0.,0.,-1.));
#1987=DIRECTION('ref_axis',(0.999999012058037,0.001405661036603,0.));
#1988=DIRECTION('center_axis',(0.,0.,-1.));
#1989=DIRECTION('ref_axis',(0.999999012058037,0.001405661036603,0.));
#1990=DIRECTION('',(0.,0.,1.));
#1991=DIRECTION('center_axis',(0.,0.,-1.));
#1992=DIRECTION('ref_axis',(0.999999012058037,0.001405661036603,0.));
#1993=DIRECTION('center_axis',(-1.,0.,0.));
#1994=DIRECTION('ref_axis',(0.,-1.,0.));
#1995=DIRECTION('',(0.,-1.,0.));
#1996=DIRECTION('',(0.,1.,0.));
#1997=DIRECTION('center_axis',(0.,0.,1.));
#1998=DIRECTION('ref_axis',(-1.,0.,0.));
#1999=DIRECTION('',(1.,0.,0.));
#2000=DIRECTION('',(0.707106022542866,-0.707107539829415,0.));
#2001=DIRECTION('',(0.,1.,0.));
#2002=DIRECTION('center_axis',(0.,0.,1.));
#2003=DIRECTION('ref_axis',(-0.999999012058037,0.001405661036603,0.));
#2004=DIRECTION('',(0.,1.,0.));
#2005=DIRECTION('',(-0.707106781186548,-0.707106781186548,0.));
#2006=DIRECTION('',(1.,-1.16865579408526E-16,0.));
#2007=DIRECTION('center_axis',(0.,0.,1.));
#2008=DIRECTION('ref_axis',(0.00140566103927497,0.999999012058033,0.));
#2009=DIRECTION('',(-1.,-1.16865579408526E-16,0.));
#2010=DIRECTION('',(-1.,0.,0.));
#2011=DIRECTION('',(-1.,-3.18343534856993E-16,0.));
#2012=DIRECTION('',(1.,-3.18343534856993E-16,0.));
#2013=DIRECTION('',(0.707106781186551,0.707106781186544,0.));
#2014=DIRECTION('',(0.,-1.,0.));
#2015=DIRECTION('',(-0.707106781186551,0.707106781186544,0.));
#2016=DIRECTION('',(-1.,0.,0.));
#2017=DIRECTION('center_axis',(0.,0.,1.));
#2018=DIRECTION('ref_axis',(-1.,0.,0.));
#2019=DIRECTION('',(1.,0.,0.));
#2020=DIRECTION('center_axis',(0.,0.,1.));
#2021=DIRECTION('ref_axis',(-1.,0.,0.));
#2022=DIRECTION('',(-1.,0.,0.));
#2023=DIRECTION('',(0.707106781186549,0.707106781186546,0.));
#2024=DIRECTION('',(0.,-1.,0.));
#2025=DIRECTION('',(-0.707106781186548,0.707106781186548,0.));
#2026=DIRECTION('',(-1.,0.,0.));
#2027=DIRECTION('center_axis',(0.,0.,1.));
#2028=DIRECTION('ref_axis',(-1.,0.,0.));
#2029=DIRECTION('',(1.,0.,0.));
#2030=DIRECTION('center_axis',(0.,0.,-1.));
#2031=DIRECTION('ref_axis',(-1.,0.,0.));
#2032=DIRECTION('center_axis',(0.,0.,-1.));
#2033=DIRECTION('ref_axis',(-1.,0.,0.));
#2034=DIRECTION('',(1.,0.,0.));
#2035=DIRECTION('center_axis',(0.,0.,1.));
#2036=DIRECTION('ref_axis',(-1.,0.,0.));
#2037=DIRECTION('',(-1.,0.,0.));
#2038=DIRECTION('',(0.707106781186549,0.707106781186546,0.));
#2039=DIRECTION('',(0.,-1.,0.));
#2040=DIRECTION('',(-0.707106781186544,0.707106781186551,0.));
#2041=DIRECTION('',(-1.,0.,0.));
#2042=DIRECTION('center_axis',(0.,1.,0.));
#2043=DIRECTION('ref_axis',(-1.,0.,0.));
#2044=DIRECTION('',(0.,0.,1.));
#2045=DIRECTION('',(-1.,0.,0.));
#2046=DIRECTION('center_axis',(-0.707107539829415,-0.707106022542866,0.));
#2047=DIRECTION('ref_axis',(0.,0.,1.));
#2048=DIRECTION('',(-0.707106022542866,0.707107539829415,0.));
#2049=DIRECTION('',(0.,0.,-1.));
#2050=DIRECTION('',(0.,0.,1.));
#2051=DIRECTION('center_axis',(0.,-1.,0.));
#2052=DIRECTION('ref_axis',(1.,0.,0.));
#2053=DIRECTION('',(-1.,0.,0.));
#2054=DIRECTION('',(-1.,0.,0.));
#2055=DIRECTION('',(1.,0.,0.));
#2056=DIRECTION('',(1.,0.,0.));
#2057=DIRECTION('center_axis',(-0.707106781186548,0.707106781186548,0.));
#2058=DIRECTION('ref_axis',(0.,0.,1.));
#2059=DIRECTION('',(0.707106781186548,0.707106781186548,0.));
#2060=DIRECTION('',(0.,0.,-1.));
#2061=DIRECTION('',(0.,0.,1.));
#2062=DIRECTION('center_axis',(1.16865579408526E-16,1.,0.));
#2063=DIRECTION('ref_axis',(-1.,1.16865579408526E-16,0.));
#2064=DIRECTION('',(-1.,1.16865579408526E-16,0.));
#2065=DIRECTION('',(0.,0.,1.));
#2066=DIRECTION('center_axis',(0.,0.,1.));
#2067=DIRECTION('ref_axis',(-1.,0.,0.));
#2068=DIRECTION('',(1.,1.16865579408526E-16,0.));
#2069=DIRECTION('center_axis',(0.,0.,1.));
#2070=DIRECTION('ref_axis',(0.00140566103927497,0.999999012058033,0.));
#2071=DIRECTION('',(0.,-1.,0.));
#2072=DIRECTION('center_axis',(0.,0.,1.));
#2073=DIRECTION('ref_axis',(-0.999999012058037,0.001405661036603,0.));
#2074=DIRECTION('',(0.,-1.,0.));
#2075=DIRECTION('',(1.,0.,0.));
#2076=DIRECTION('center_axis',(0.,0.,1.));
#2077=DIRECTION('ref_axis',(-1.,0.,0.));
#2078=DIRECTION('',(-1.,0.,0.));
#2079=DIRECTION('',(0.707106781186551,-0.707106781186544,0.));
#2080=DIRECTION('',(0.,-1.,0.));
#2081=DIRECTION('',(-0.707106781186551,-0.707106781186544,0.));
#2082=DIRECTION('',(-1.,3.18343534856993E-16,0.));
#2083=DIRECTION('',(1.,3.18343534856993E-16,0.));
#2084=DIRECTION('',(1.,0.,0.));
#2085=DIRECTION('',(0.707106781186544,-0.707106781186551,0.));
#2086=DIRECTION('',(0.,-1.,0.));
#2087=DIRECTION('',(-0.707106781186549,-0.707106781186546,0.));
#2088=DIRECTION('',(1.,0.,0.));
#2089=DIRECTION('center_axis',(0.,0.,1.));
#2090=DIRECTION('ref_axis',(-1.,0.,0.));
#2091=DIRECTION('',(1.,0.,0.));
#2092=DIRECTION('center_axis',(0.,0.,1.));
#2093=DIRECTION('ref_axis',(-1.,0.,0.));
#2094=DIRECTION('',(-1.,0.,0.));
#2095=DIRECTION('',(0.707106781186548,-0.707106781186548,0.));
#2096=DIRECTION('',(0.,-1.,0.));
#2097=DIRECTION('',(-0.707106781186549,-0.707106781186546,0.));
#2098=DIRECTION('',(1.,0.,0.));
#2099=DIRECTION('center_axis',(0.,0.,1.));
#2100=DIRECTION('ref_axis',(-1.,0.,0.));
#2101=DIRECTION('',(1.,0.,0.));
#2102=DIRECTION('center_axis',(0.,0.,-1.));
#2103=DIRECTION('ref_axis',(-1.,0.,0.));
#2104=DIRECTION('center_axis',(0.,0.,-1.));
#2105=DIRECTION('ref_axis',(-1.,0.,0.));
#2106=DIRECTION('center_axis',(0.707106781186546,-0.707106781186549,0.));
#2107=DIRECTION('ref_axis',(0.,0.,-1.));
#2108=DIRECTION('',(0.,0.,1.));
#2109=DIRECTION('',(0.,0.,-1.));
#2110=DIRECTION('center_axis',(0.,-1.,0.));
#2111=DIRECTION('ref_axis',(1.,0.,0.));
#2112=DIRECTION('',(0.,0.,1.));
#2113=DIRECTION('center_axis',(0.707106781186548,0.707106781186548,0.));
#2114=DIRECTION('ref_axis',(0.,0.,-1.));
#2115=DIRECTION('',(0.,0.,-1.));
#2116=DIRECTION('',(0.,0.,1.));
#2117=DIRECTION('center_axis',(0.,1.,0.));
#2118=DIRECTION('ref_axis',(-1.,0.,0.));
#2119=DIRECTION('',(0.,0.,1.));
#2120=DIRECTION('center_axis',(0.707106781186546,-0.707106781186549,0.));
#2121=DIRECTION('ref_axis',(0.,0.,-1.));
#2122=DIRECTION('',(0.,0.,1.));
#2123=DIRECTION('',(0.,0.,-1.));
#2124=DIRECTION('center_axis',(0.,-1.,0.));
#2125=DIRECTION('ref_axis',(1.,0.,0.));
#2126=DIRECTION('',(0.,0.,1.));
#2127=DIRECTION('center_axis',(0.707106781186544,0.707106781186551,0.));
#2128=DIRECTION('ref_axis',(0.,0.,-1.));
#2129=DIRECTION('',(0.,0.,-1.));
#2130=DIRECTION('',(0.,0.,1.));
#2131=DIRECTION('center_axis',(0.,1.,0.));
#2132=DIRECTION('ref_axis',(-1.,0.,0.));
#2133=DIRECTION('',(0.,0.,1.));
#2134=DIRECTION('center_axis',(0.707106781186551,0.707106781186544,0.));
#2135=DIRECTION('ref_axis',(0.,0.,-1.));
#2136=DIRECTION('',(0.,0.,-1.));
#2137=DIRECTION('',(0.,0.,1.));
#2138=DIRECTION('center_axis',(0.,1.,0.));
#2139=DIRECTION('ref_axis',(0.,0.,1.));
#2140=DIRECTION('center_axis',(0.707106781186544,-0.707106781186551,0.));
#2141=DIRECTION('ref_axis',(0.,0.,-1.));
#2142=DIRECTION('',(0.,0.,1.));
#2143=DIRECTION('',(0.,0.,-1.));
#2144=DIRECTION('center_axis',(0.,-1.,0.));
#2145=DIRECTION('ref_axis',(0.,0.,-1.));
#2146=DIRECTION('center_axis',(1.,0.,0.));
#2147=DIRECTION('ref_axis',(0.,1.,0.));
#2148=DIRECTION('center_axis',(0.,0.,1.));
#2149=DIRECTION('ref_axis',(0.00140566103927497,0.999999012058033,0.));
#2150=DIRECTION('',(0.,0.,1.));
#2151=DIRECTION('center_axis',(1.16865579408526E-16,1.,0.));
#2152=DIRECTION('ref_axis',(-1.,1.16865579408526E-16,0.));
#2153=DIRECTION('center_axis',(0.,0.,1.));
#2154=DIRECTION('ref_axis',(-1.,0.,0.));
#2155=DIRECTION('',(0.,0.,-1.));
#2156=DIRECTION('center_axis',(0.,0.,1.));
#2157=DIRECTION('ref_axis',(-1.,0.,0.));
#2158=DIRECTION('',(0.,0.,1.));
#2159=DIRECTION('center_axis',(0.,1.,0.));
#2160=DIRECTION('ref_axis',(-1.,0.,0.));
#2161=DIRECTION('center_axis',(0.,-1.,0.));
#2162=DIRECTION('ref_axis',(1.,0.,0.));
#2163=DIRECTION('',(0.,0.,1.));
#2164=DIRECTION('center_axis',(0.,0.,1.));
#2165=DIRECTION('ref_axis',(-1.,0.,0.));
#2166=DIRECTION('center_axis',(1.,0.,0.));
#2167=DIRECTION('ref_axis',(0.,1.,0.));
#2168=DIRECTION('center_axis',(1.,0.,0.));
#2169=DIRECTION('ref_axis',(0.,1.,0.));
#2170=DIRECTION('center_axis',(0.,0.,1.));
#2171=DIRECTION('ref_axis',(-1.,0.,0.));
#2172=DIRECTION('',(0.,0.,-1.));
#2173=DIRECTION('center_axis',(0.,0.,1.));
#2174=DIRECTION('ref_axis',(-1.,0.,0.));
#2175=DIRECTION('center_axis',(0.,-1.,0.));
#2176=DIRECTION('ref_axis',(1.,0.,0.));
#2177=DIRECTION('',(0.,0.,1.));
#2178=DIRECTION('center_axis',(0.,0.,1.));
#2179=DIRECTION('ref_axis',(-1.,0.,0.));
#2180=DIRECTION('center_axis',(-1.,0.,0.));
#2181=DIRECTION('ref_axis',(0.,-1.,0.));
#2182=DIRECTION('',(0.,0.,1.));
#2183=DIRECTION('center_axis',(0.,0.,1.));
#2184=DIRECTION('ref_axis',(-0.999999012058037,0.001405661036603,0.));
#2185=DIRECTION('',(0.,0.,1.));
#2186=DIRECTION('center_axis',(-1.,0.,0.));
#2187=DIRECTION('ref_axis',(0.,-1.,0.));
#2188=CARTESIAN_POINT('',(0.,0.,0.));
#2189=CARTESIAN_POINT('Origin',(71.25,-140.949996810406,1.6));
#2190=CARTESIAN_POINT('',(70.5,-140.199996810406,3.1));
#2191=CARTESIAN_POINT('',(72.,-141.699996810406,3.1));
#2192=CARTESIAN_POINT('',(52.4500033615871,-122.150000171994,3.1));
#2193=CARTESIAN_POINT('',(72.,-141.699996810406,1.6));
#2194=CARTESIAN_POINT('',(72.,-141.699996810406,1.6));
#2195=CARTESIAN_POINT('',(70.5,-140.199996810406,1.6));
#2196=CARTESIAN_POINT('',(52.4500033615871,-122.150000171994,1.6));
#2197=CARTESIAN_POINT('',(70.5,-140.199996810406,1.6));
#2198=CARTESIAN_POINT('Origin',(69.,-141.699996810406,1.6));
#2199=CARTESIAN_POINT('',(104.1,-141.699996810406,3.1));
#2200=CARTESIAN_POINT('',(69.,-141.699996810406,3.1));
#2201=CARTESIAN_POINT('',(104.1,-141.699996810406,1.6));
#2202=CARTESIAN_POINT('',(104.1,-141.699996810406,1.6));
#2203=CARTESIAN_POINT('',(69.,-141.699996810406,1.6));
#2204=CARTESIAN_POINT('Origin',(66.75,-140.949996810406,1.6));
#2205=CARTESIAN_POINT('',(66.,-141.699996810406,3.1));
#2206=CARTESIAN_POINT('',(67.5,-140.199996810406,3.1));
#2207=CARTESIAN_POINT('',(76.0499992026016,-131.649997607805,3.1));
#2208=CARTESIAN_POINT('',(67.5,-140.199996810406,1.6));
#2209=CARTESIAN_POINT('',(67.5,-140.199996810406,1.6));
#2210=CARTESIAN_POINT('',(66.,-141.699996810406,1.6));
#2211=CARTESIAN_POINT('',(76.0499992026016,-131.649997607805,1.6));
#2212=CARTESIAN_POINT('',(66.,-141.699996810406,1.6));
#2213=CARTESIAN_POINT('Origin',(67.5,-107.5,1.6));
#2214=CARTESIAN_POINT('',(67.5,-109.,3.1));
#2215=CARTESIAN_POINT('',(67.5,-107.5,3.1));
#2216=CARTESIAN_POINT('',(67.5,-109.,1.6));
#2217=CARTESIAN_POINT('',(67.5,-109.,1.6));
#2218=CARTESIAN_POINT('',(67.5,-107.5,1.6));
#2219=CARTESIAN_POINT('Origin',(71.25,-108.25,1.6));
#2220=CARTESIAN_POINT('',(70.5,-109.,1.6));
#2221=CARTESIAN_POINT('',(72.,-107.5,1.6));
#2222=CARTESIAN_POINT('',(71.25,-108.25,1.6));
#2223=CARTESIAN_POINT('',(72.,-107.5,3.1));
#2224=CARTESIAN_POINT('',(72.,-107.5,1.6));
#2225=CARTESIAN_POINT('',(70.5,-109.,3.1));
#2226=CARTESIAN_POINT('',(71.25,-108.25,3.1));
#2227=CARTESIAN_POINT('',(70.5,-109.,1.6));
#2228=CARTESIAN_POINT('Origin',(85.9999990221108,-107.5,1.6));
#2229=CARTESIAN_POINT('',(86.9999990221108,-107.5,1.6));
#2230=CARTESIAN_POINT('',(88.,-107.5,1.6));
#2231=CARTESIAN_POINT('',(86.9999990221108,-107.5,3.1));
#2232=CARTESIAN_POINT('',(86.9999990221108,-107.5,1.6));
#2233=CARTESIAN_POINT('',(88.,-107.5,3.1));
#2234=CARTESIAN_POINT('Origin',(66.75,-108.25,1.6));
#2235=CARTESIAN_POINT('',(66.,-107.5,1.6));
#2236=CARTESIAN_POINT('',(57.2500025641887,-98.7500025641887,1.6));
#2237=CARTESIAN_POINT('',(66.,-107.5,3.1));
#2238=CARTESIAN_POINT('',(57.2500025641887,-98.7500025641887,3.1));
#2239=CARTESIAN_POINT('',(66.,-107.5,1.6));
#2240=CARTESIAN_POINT('Origin',(66.75,-103.75,1.6));
#2241=CARTESIAN_POINT('',(66.,-104.5,3.1));
#2242=CARTESIAN_POINT('',(67.5,-103.,3.1));
#2243=CARTESIAN_POINT('',(66.75,-103.75,3.1));
#2244=CARTESIAN_POINT('',(67.5,-103.,1.6));
#2245=CARTESIAN_POINT('',(67.5,-103.,1.6));
#2246=CARTESIAN_POINT('',(66.,-104.5,1.6));
#2247=CARTESIAN_POINT('',(66.75,-103.75,1.6));
#2248=CARTESIAN_POINT('',(66.,-104.5,1.6));
#2249=CARTESIAN_POINT('Origin',(67.5,-50.5,1.6));
#2250=CARTESIAN_POINT('',(67.5,-52.,3.1));
#2251=CARTESIAN_POINT('',(67.5,-104.5,3.1));
#2252=CARTESIAN_POINT('',(67.5,-52.,1.6));
#2253=CARTESIAN_POINT('',(67.5,-52.,1.6));
#2254=CARTESIAN_POINT('',(67.5,-104.5,1.6));
#2255=CARTESIAN_POINT('Origin',(71.25,-103.75,1.6));
#2256=CARTESIAN_POINT('',(70.5,-103.,3.1));
#2257=CARTESIAN_POINT('',(72.,-104.5,3.1));
#2258=CARTESIAN_POINT('',(61.7500025641887,-94.2500025641887,3.1));
#2259=CARTESIAN_POINT('',(72.,-104.5,1.6));
#2260=CARTESIAN_POINT('',(72.,-104.5,1.6));
#2261=CARTESIAN_POINT('',(70.5,-103.,1.6));
#2262=CARTESIAN_POINT('',(61.7500025641887,-94.2500025641887,1.6));
#2263=CARTESIAN_POINT('',(70.5,-103.,1.6));
#2264=CARTESIAN_POINT('Origin',(69.,-104.5,1.6));
#2265=CARTESIAN_POINT('',(86.9999990221108,-104.5,3.1));
#2266=CARTESIAN_POINT('',(88.,-104.5,3.1));
#2267=CARTESIAN_POINT('',(86.9999990221108,-104.5,1.6));
#2268=CARTESIAN_POINT('',(86.9999990221108,-104.5,1.6));
#2269=CARTESIAN_POINT('',(88.,-104.5,1.6));
#2270=CARTESIAN_POINT('Origin',(71.25,-51.25,1.6));
#2271=CARTESIAN_POINT('',(70.5,-52.,1.6));
#2272=CARTESIAN_POINT('',(72.,-50.5,1.6));
#2273=CARTESIAN_POINT('',(57.,-65.5,1.6));
#2274=CARTESIAN_POINT('',(72.,-50.5,3.1));
#2275=CARTESIAN_POINT('',(72.,-50.5,1.6));
#2276=CARTESIAN_POINT('',(70.5,-52.,3.1));
#2277=CARTESIAN_POINT('',(57.,-65.5,3.1));
#2278=CARTESIAN_POINT('',(70.5,-52.,1.6));
#2279=CARTESIAN_POINT('Origin',(85.9999990221113,-50.5,1.6));
#2280=CARTESIAN_POINT('',(85.9999990221113,-50.5,1.6));
#2281=CARTESIAN_POINT('',(88.,-50.5,1.6));
#2282=CARTESIAN_POINT('',(85.9999990221113,-50.5,3.1));
#2283=CARTESIAN_POINT('',(85.9999990221113,-50.5,1.6));
#2284=CARTESIAN_POINT('',(88.,-50.5,3.1));
#2285=CARTESIAN_POINT('Origin',(66.75,-51.25,1.6));
#2286=CARTESIAN_POINT('',(66.,-50.5,1.6));
#2287=CARTESIAN_POINT('',(71.5000025641887,-56.0000025641887,1.6));
#2288=CARTESIAN_POINT('',(66.,-50.5,3.1));
#2289=CARTESIAN_POINT('',(71.5000025641887,-56.0000025641887,3.1));
#2290=CARTESIAN_POINT('',(66.,-50.5,1.6));
#2291=CARTESIAN_POINT('Origin',(70.5,-107.5,1.6));
#2292=CARTESIAN_POINT('',(70.5,-107.5,1.6));
#2293=CARTESIAN_POINT('',(70.5,-107.5,3.1));
#2294=CARTESIAN_POINT('Origin',(70.5,-50.5,1.6));
#2295=CARTESIAN_POINT('',(70.5,-104.5,1.6));
#2296=CARTESIAN_POINT('',(70.5,-104.5,3.1));
#2297=CARTESIAN_POINT('Origin',(106.250000692906,-143.249998390675,1.6));
#2298=CARTESIAN_POINT('',(105.500000692907,-143.999996781349,3.1));
#2299=CARTESIAN_POINT('',(107.000000692904,-142.499996781349,3.1));
#2300=CARTESIAN_POINT('',(115.750007343193,-133.749971355563,3.1));
#2301=CARTESIAN_POINT('',(105.500000692907,-144.,1.6));
#2302=CARTESIAN_POINT('',(105.500000692907,-144.,1.6));
#2303=CARTESIAN_POINT('',(107.000000692904,-142.499996781349,1.6));
#2304=CARTESIAN_POINT('',(115.750007343193,-133.749971355563,1.6));
#2305=CARTESIAN_POINT('',(107.000000692904,-142.499996781349,1.6));
#2306=CARTESIAN_POINT('Origin',(106.250000692904,-30.7499993294477,1.6));
#2307=CARTESIAN_POINT('',(107.000000692904,-31.4999993294477,3.1));
#2308=CARTESIAN_POINT('',(105.500000692904,-29.9999993294477,3.1));
#2309=CARTESIAN_POINT('',(115.750000687316,-40.2499993238598,3.1));
#2310=CARTESIAN_POINT('',(107.000000692904,-31.4999993294477,1.6));
#2311=CARTESIAN_POINT('',(107.000000692904,-31.4999993294477,1.6));
#2312=CARTESIAN_POINT('',(105.500000692904,-29.9999993294477,1.6));
#2313=CARTESIAN_POINT('',(115.750000687316,-40.2499993238598,1.6));
#2314=CARTESIAN_POINT('',(105.500000692904,-29.9999993294477,1.6));
#2315=CARTESIAN_POINT('Origin',(104.006354260989,-29.9999993294477,1.6));
#2316=CARTESIAN_POINT('',(104.006354260989,-29.9999978018852,1.6));
#2317=CARTESIAN_POINT('',(107.000000692904,-29.9999993294477,1.6));
#2318=CARTESIAN_POINT('',(104.006354260989,-29.9999978018852,3.1));
#2319=CARTESIAN_POINT('',(104.006354260989,-29.9999978018852,1.6));
#2320=CARTESIAN_POINT('',(107.000000692904,-29.9999993294477,3.1));
#2321=CARTESIAN_POINT('Origin',(104.6,-108.,1.6));
#2322=CARTESIAN_POINT('',(105.1,-108.5,1.6));
#2323=CARTESIAN_POINT('',(104.1,-107.5,1.6));
#2324=CARTESIAN_POINT('',(95.2,-98.6,1.6));
#2325=CARTESIAN_POINT('',(105.1,-108.5,3.1));
#2326=CARTESIAN_POINT('',(105.1,-108.5,1.6));
#2327=CARTESIAN_POINT('',(104.1,-107.5,3.1));
#2328=CARTESIAN_POINT('',(95.2,-98.6,3.1));
#2329=CARTESIAN_POINT('',(104.1,-107.5,1.6));
#2330=CARTESIAN_POINT('Origin',(106.1,-107.5,1.6));
#2331=CARTESIAN_POINT('',(91.0000009778892,-107.5,3.1));
#2332=CARTESIAN_POINT('',(88.,-107.5,3.1));
#2333=CARTESIAN_POINT('',(91.0000009778892,-107.5,1.6));
#2334=CARTESIAN_POINT('',(91.0000009778892,-107.5,1.6));
#2335=CARTESIAN_POINT('',(88.,-107.5,1.6));
#2336=CARTESIAN_POINT('Origin',(104.6,-104.,1.6));
#2337=CARTESIAN_POINT('',(105.1,-103.5,3.1));
#2338=CARTESIAN_POINT('',(104.1,-104.5,3.1));
#2339=CARTESIAN_POINT('',(104.699997435811,-103.900002564189,3.1));
#2340=CARTESIAN_POINT('',(105.1,-103.5,1.6));
#2341=CARTESIAN_POINT('',(105.1,-103.5,1.6));
#2342=CARTESIAN_POINT('',(104.1,-104.5,1.6));
#2343=CARTESIAN_POINT('',(104.699997435811,-103.900002564189,1.6));
#2344=CARTESIAN_POINT('',(104.1,-104.5,1.6));
#2345=CARTESIAN_POINT('Origin',(90.0000009778892,-104.5,1.6));
#2346=CARTESIAN_POINT('',(91.0000009778892,-104.5,1.6));
#2347=CARTESIAN_POINT('',(88.,-104.5,1.6));
#2348=CARTESIAN_POINT('',(91.0000009778892,-104.5,3.1));
#2349=CARTESIAN_POINT('',(91.0000009778892,-104.5,1.6));
#2350=CARTESIAN_POINT('',(88.,-104.5,3.1));
#2351=CARTESIAN_POINT('Origin',(104.6,-51.,1.6));
#2352=CARTESIAN_POINT('',(105.1,-51.5,1.6));
#2353=CARTESIAN_POINT('',(104.1,-50.5,1.6));
#2354=CARTESIAN_POINT('',(109.45,-55.85,1.6));
#2355=CARTESIAN_POINT('',(105.1,-51.5,3.1));
#2356=CARTESIAN_POINT('',(105.1,-51.5,1.6));
#2357=CARTESIAN_POINT('',(104.1,-50.5,3.1));
#2358=CARTESIAN_POINT('',(109.45,-55.85,3.1));
#2359=CARTESIAN_POINT('',(104.1,-50.5,1.6));
#2360=CARTESIAN_POINT('Origin',(106.1,-50.5,1.6));
#2361=CARTESIAN_POINT('',(90.0000009778888,-50.5,3.1));
#2362=CARTESIAN_POINT('',(88.,-50.5,3.1));
#2363=CARTESIAN_POINT('',(90.0000009778888,-50.5,1.6));
#2364=CARTESIAN_POINT('',(90.0000009778888,-50.5,1.6));
#2365=CARTESIAN_POINT('',(88.,-50.5,1.6));
#2366=CARTESIAN_POINT('Origin',(104.6,-47.,1.6));
#2367=CARTESIAN_POINT('',(105.1,-46.5,3.1));
#2368=CARTESIAN_POINT('',(104.1,-47.5,3.1));
#2369=CARTESIAN_POINT('',(90.4499974358112,-61.1500025641886,3.1));
#2370=CARTESIAN_POINT('',(105.1,-46.5,1.6));
#2371=CARTESIAN_POINT('',(105.1,-46.5,1.6));
#2372=CARTESIAN_POINT('',(104.1,-47.5,1.6));
#2373=CARTESIAN_POINT('',(90.4499974358112,-61.1500025641886,1.6));
#2374=CARTESIAN_POINT('',(104.1,-47.5,1.6));
#2375=CARTESIAN_POINT('Origin',(90.0000009778888,-47.5,1.6));
#2376=CARTESIAN_POINT('',(90.0000009778888,-47.5,1.6));
#2377=CARTESIAN_POINT('',(88.,-47.5,1.6));
#2378=CARTESIAN_POINT('',(90.0000009778888,-47.5,3.1));
#2379=CARTESIAN_POINT('',(90.0000009778888,-47.5,1.6));
#2380=CARTESIAN_POINT('',(88.,-47.5,3.1));
#2381=CARTESIAN_POINT('Origin',(104.6,-141.199996810406,1.6));
#2382=CARTESIAN_POINT('',(105.1,-140.699996810406,3.1));
#2383=CARTESIAN_POINT('',(113.999996638413,-131.800000171993,3.1));
#2384=CARTESIAN_POINT('',(105.1,-140.699996810406,1.6));
#2385=CARTESIAN_POINT('',(105.1,-140.699996810406,1.6));
#2386=CARTESIAN_POINT('',(113.999996638413,-131.800000171993,1.6));
#2387=CARTESIAN_POINT('Origin',(104.6,-32.4888766397968,1.6));
#2388=CARTESIAN_POINT('',(105.1,-32.9888766397968,1.6));
#2389=CARTESIAN_POINT('',(104.1,-31.9888766397968,1.6));
#2390=CARTESIAN_POINT('',(114.077780840051,-41.9666574798475,1.6));
#2391=CARTESIAN_POINT('',(105.1,-32.9888766397968,3.1));
#2392=CARTESIAN_POINT('',(105.1,-32.9888766397968,1.6));
#2393=CARTESIAN_POINT('',(104.1,-31.9888766397968,3.1));
#2394=CARTESIAN_POINT('',(114.077780840051,-41.9666574798475,3.1));
#2395=CARTESIAN_POINT('',(104.1,-31.9888766397968,1.6));
#2396=CARTESIAN_POINT('Origin',(105.1,-142.699996810406,1.6));
#2397=CARTESIAN_POINT('',(105.1,-114.850000969392,1.6));
#2398=CARTESIAN_POINT('',(105.1,-114.850000969392,3.1));
#2399=CARTESIAN_POINT('Origin',(104.004214237108,-32.99804350183,1.6));
#2400=CARTESIAN_POINT('',(104.,-30.,1.6));
#2401=CARTESIAN_POINT('Origin',(104.004214237108,-32.99804350183,1.6));
#2402=CARTESIAN_POINT('',(104.,-30.,3.1));
#2403=CARTESIAN_POINT('',(104.,-30.,1.6));
#2404=CARTESIAN_POINT('Origin',(104.004214237108,-32.99804350183,3.1));
#2405=CARTESIAN_POINT('Origin',(88.,-49.,1.6));
#2406=CARTESIAN_POINT('',(86.9,-49.,3.1));
#2407=CARTESIAN_POINT('Origin',(88.,-49.,3.1));
#2408=CARTESIAN_POINT('',(86.9,-49.,1.6));
#2409=CARTESIAN_POINT('',(86.9,-49.,1.6));
#2410=CARTESIAN_POINT('Origin',(88.,-49.,1.6));
#2411=CARTESIAN_POINT('Origin',(88.,-49.,1.6));
#2412=CARTESIAN_POINT('',(85.9999990221113,-47.5,1.6));
#2413=CARTESIAN_POINT('Origin',(88.,-49.,1.6));
#2414=CARTESIAN_POINT('',(85.9999990221113,-47.5,3.1));
#2415=CARTESIAN_POINT('',(85.9999990221113,-47.5,1.6));
#2416=CARTESIAN_POINT('Origin',(88.,-49.,3.1));
#2417=CARTESIAN_POINT('Origin',(88.,-49.,1.6));
#2418=CARTESIAN_POINT('Origin',(88.,-49.,1.6));
#2419=CARTESIAN_POINT('Origin',(88.,-49.,3.1));
#2420=CARTESIAN_POINT('Origin',(105.1,-142.699996810406,1.6));
#2421=CARTESIAN_POINT('',(105.1,-114.850000969392,3.1));
#2422=CARTESIAN_POINT('',(105.1,-114.850000969392,1.6));
#2423=CARTESIAN_POINT('Origin',(105.1,-142.699996810406,1.6));
#2424=CARTESIAN_POINT('',(105.1,-114.850000969392,3.1));
#2425=CARTESIAN_POINT('',(105.1,-114.850000969392,1.6));
#2426=CARTESIAN_POINT('Origin',(89.,-106.,1.6));
#2427=CARTESIAN_POINT('',(87.9,-106.,3.1));
#2428=CARTESIAN_POINT('Origin',(89.,-106.,3.1));
#2429=CARTESIAN_POINT('',(87.9,-106.,1.6));
#2430=CARTESIAN_POINT('',(87.9,-106.,1.6));
#2431=CARTESIAN_POINT('Origin',(89.,-106.,1.6));
#2432=CARTESIAN_POINT('Origin',(89.,-106.,1.6));
#2433=CARTESIAN_POINT('Origin',(89.,-106.,1.6));
#2434=CARTESIAN_POINT('Origin',(89.,-106.,3.1));
#2435=CARTESIAN_POINT('Origin',(89.,-106.,1.6));
#2436=CARTESIAN_POINT('Origin',(89.,-106.,1.6));
#2437=CARTESIAN_POINT('Origin',(89.,-106.,3.1));
#2438=CARTESIAN_POINT('Origin',(107.000000692904,-141.006343797578,1.6));
#2439=CARTESIAN_POINT('',(107.000002205565,-141.006343797578,1.6));
#2440=CARTESIAN_POINT('',(107.000000692904,-143.999996781349,1.6));
#2441=CARTESIAN_POINT('',(107.000002205565,-141.006343797578,3.1));
#2442=CARTESIAN_POINT('',(107.000002205565,-141.006343797578,1.6));
#2443=CARTESIAN_POINT('',(107.000000692904,-143.999996781349,3.1));
#2444=CARTESIAN_POINT('Origin',(104.001956498161,-141.0042142371,1.6));
#2445=CARTESIAN_POINT('',(107.,-141.,1.6));
#2446=CARTESIAN_POINT('Origin',(104.001956498161,-141.0042142371,1.6));
#2447=CARTESIAN_POINT('',(107.,-141.,3.1));
#2448=CARTESIAN_POINT('',(107.,-141.,1.6));
#2449=CARTESIAN_POINT('Origin',(104.001956498161,-141.0042142371,3.1));
#2450=CARTESIAN_POINT('Origin',(107.000000692904,-29.9999993294477,1.6));
#2451=CARTESIAN_POINT('',(107.000000692904,-143.999996781349,3.1));
#2452=CARTESIAN_POINT('',(107.000000692904,-143.999996781349,1.6));
#2453=CARTESIAN_POINT('Origin',(50.0000051283775,-87.0000051283775,1.6));
#2454=CARTESIAN_POINT('',(32.4999993070926,-144.,1.6));
#2455=CARTESIAN_POINT('',(34.,-144.,1.6));
#2456=CARTESIAN_POINT('',(30.999999307096,-142.499996781349,1.6));
#2457=CARTESIAN_POINT('',(22.2499926568071,-133.749971355563,1.6));
#2458=CARTESIAN_POINT('',(30.9999977944347,-141.006343797578,1.6));
#2459=CARTESIAN_POINT('',(30.999999307096,-143.999996781349,1.6));
#2460=CARTESIAN_POINT('',(31.,-141.,1.6));
#2461=CARTESIAN_POINT('Origin',(33.998043501839,-141.0042142371,1.6));
#2462=CARTESIAN_POINT('',(30.999999307096,-31.4999993294477,1.6));
#2463=CARTESIAN_POINT('',(30.999999307096,-143.999996781349,1.6));
#2464=CARTESIAN_POINT('',(32.499999307096,-29.9999993294477,1.6));
#2465=CARTESIAN_POINT('',(22.249999312684,-40.2499993238598,1.6));
#2466=CARTESIAN_POINT('',(33.9936457390115,-29.9999978018852,1.6));
#2467=CARTESIAN_POINT('',(30.999999307096,-29.9999993294477,1.6));
#2468=CARTESIAN_POINT('',(34.,-30.,1.6));
#2469=CARTESIAN_POINT('Origin',(33.995785762892,-32.99804350183,1.6));
#2470=CARTESIAN_POINT('',(107.000000692904,-29.9999993294477,1.6));
#2471=CARTESIAN_POINT('',(52.0000009778887,-47.5,1.6));
#2472=CARTESIAN_POINT('',(88.,-47.5,1.6));
#2473=CARTESIAN_POINT('',(68.9999984577298,-31.9888766397969,1.6));
#2474=CARTESIAN_POINT('',(106.1,-31.9888766397968,1.6));
#2475=CARTESIAN_POINT('',(33.9,-31.9888766397968,1.6));
#2476=CARTESIAN_POINT('',(31.9,-31.9888766397968,1.6));
#2477=CARTESIAN_POINT('',(32.9,-32.9888766397968,1.6));
#2478=CARTESIAN_POINT('',(23.9222191599493,-41.9666574798475,1.6));
#2479=CARTESIAN_POINT('',(32.9,-46.5,1.6));
#2480=CARTESIAN_POINT('',(32.9,-114.850000969392,1.6));
#2481=CARTESIAN_POINT('',(33.9,-47.5,1.6));
#2482=CARTESIAN_POINT('',(47.5500025641888,-61.1500025641886,1.6));
#2483=CARTESIAN_POINT('',(47.9999990221113,-47.5,1.6));
#2484=CARTESIAN_POINT('',(50.,-47.5,1.6));
#2485=CARTESIAN_POINT('Origin',(50.,-49.,1.6));
#2486=CARTESIAN_POINT('',(52.0000009778887,-50.5,1.6));
#2487=CARTESIAN_POINT('',(50.,-50.5,1.6));
#2488=CARTESIAN_POINT('',(47.9999990221113,-50.5,1.6));
#2489=CARTESIAN_POINT('Origin',(50.,-49.,1.6));
#2490=CARTESIAN_POINT('',(33.9,-50.5,1.6));
#2491=CARTESIAN_POINT('',(50.,-50.5,1.6));
#2492=CARTESIAN_POINT('',(32.9,-51.5,1.6));
#2493=CARTESIAN_POINT('',(28.55,-55.85,1.6));
#2494=CARTESIAN_POINT('',(32.9,-103.5,1.6));
#2495=CARTESIAN_POINT('',(32.9,-114.850000969392,1.6));
#2496=CARTESIAN_POINT('',(33.9,-104.5,1.6));
#2497=CARTESIAN_POINT('',(33.3000025641887,-103.900002564189,1.6));
#2498=CARTESIAN_POINT('',(47.9999990221108,-104.5,1.6));
#2499=CARTESIAN_POINT('',(50.,-104.5,1.6));
#2500=CARTESIAN_POINT('',(52.0000009778892,-104.5,1.6));
#2501=CARTESIAN_POINT('Origin',(50.,-106.,1.6));
#2502=CARTESIAN_POINT('',(50.,-104.5,1.6));
#2503=CARTESIAN_POINT('',(51.1,-49.,1.6));
#2504=CARTESIAN_POINT('Origin',(50.,-49.,1.6));
#2505=CARTESIAN_POINT('',(51.1,-106.,1.6));
#2506=CARTESIAN_POINT('Origin',(50.,-106.,1.6));
#2507=CARTESIAN_POINT('',(52.0000009778892,-107.5,1.6));
#2508=CARTESIAN_POINT('',(50.,-107.5,1.6));
#2509=CARTESIAN_POINT('',(47.9999990221108,-107.5,1.6));
#2510=CARTESIAN_POINT('Origin',(50.,-106.,1.6));
#2511=CARTESIAN_POINT('',(33.9,-107.5,1.6));
#2512=CARTESIAN_POINT('',(50.,-107.5,1.6));
#2513=CARTESIAN_POINT('',(32.9,-108.5,1.6));
#2514=CARTESIAN_POINT('',(42.8,-98.6,1.6));
#2515=CARTESIAN_POINT('',(32.9,-140.699996810406,1.6));
#2516=CARTESIAN_POINT('',(32.9,-114.850000969392,1.6));
#2517=CARTESIAN_POINT('',(33.9,-141.699996810406,1.6));
#2518=CARTESIAN_POINT('',(24.0000033615871,-131.800000171993,1.6));
#2519=CARTESIAN_POINT('',(69.,-141.699996810406,1.6));
#2520=CARTESIAN_POINT('Origin',(69.,-104.5,1.6));
#2521=CARTESIAN_POINT('',(52.0000009778892,-104.5,3.1));
#2522=CARTESIAN_POINT('',(52.0000009778892,-104.5,1.6));
#2523=CARTESIAN_POINT('',(50.,-104.5,3.1));
#2524=CARTESIAN_POINT('Origin',(31.7499993070943,-143.249998390675,1.6));
#2525=CARTESIAN_POINT('',(32.4999993070926,-143.999996781349,3.1));
#2526=CARTESIAN_POINT('',(30.999999307096,-142.499996781349,3.1));
#2527=CARTESIAN_POINT('',(22.2499926568071,-133.749971355563,3.1));
#2528=CARTESIAN_POINT('',(30.999999307096,-142.499996781349,1.6));
#2529=CARTESIAN_POINT('',(32.4999993070926,-144.,1.6));
#2530=CARTESIAN_POINT('Origin',(34.,-144.,1.6));
#2531=CARTESIAN_POINT('',(104.,-144.,3.1));
#2532=CARTESIAN_POINT('',(69.0000015422702,-143.999996781349,3.1));
#2533=CARTESIAN_POINT('',(69.,-144.,3.1));
#2534=CARTESIAN_POINT('',(69.0000015422702,-143.999996781349,3.1));
#2535=CARTESIAN_POINT('',(34.,-144.,3.1));
#2536=CARTESIAN_POINT('',(68.9999984577298,-143.999996781349,3.1));
#2537=CARTESIAN_POINT('',(68.9999984577298,-143.999996781349,3.1));
#2538=CARTESIAN_POINT('Origin',(31.749999307096,-30.7499993294477,1.6));
#2539=CARTESIAN_POINT('',(30.999999307096,-31.4999993294477,3.1));
#2540=CARTESIAN_POINT('',(32.499999307096,-29.9999993294477,3.1));
#2541=CARTESIAN_POINT('',(22.249999312684,-40.2499993238598,3.1));
#2542=CARTESIAN_POINT('',(32.499999307096,-29.9999993294477,1.6));
#2543=CARTESIAN_POINT('',(30.999999307096,-31.4999993294477,1.6));
#2544=CARTESIAN_POINT('Origin',(33.9936457390115,-29.9999993294477,1.6));
#2545=CARTESIAN_POINT('',(33.9936457390115,-29.9999978018852,3.1));
#2546=CARTESIAN_POINT('',(30.999999307096,-29.9999993294477,3.1));
#2547=CARTESIAN_POINT('',(33.9936457390115,-29.9999978018852,1.6));
#2548=CARTESIAN_POINT('Origin',(50.0000051283775,-87.0000051283775,3.1));
#2549=CARTESIAN_POINT('',(34.,-30.,3.1));
#2550=CARTESIAN_POINT('',(107.000000692904,-29.9999993294477,3.1));
#2551=CARTESIAN_POINT('Origin',(33.995785762892,-32.99804350183,3.1));
#2552=CARTESIAN_POINT('',(31.,-141.,3.1));
#2553=CARTESIAN_POINT('',(30.999999307096,-143.999996781349,3.1));
#2554=CARTESIAN_POINT('',(30.9999977944347,-141.006343797578,3.1));
#2555=CARTESIAN_POINT('Origin',(33.998043501839,-141.0042142371,3.1));
#2556=CARTESIAN_POINT('',(30.999999307096,-143.999996781349,3.1));
#2557=CARTESIAN_POINT('',(52.0000009778887,-47.5,3.1));
#2558=CARTESIAN_POINT('',(88.,-47.5,3.1));
#2559=CARTESIAN_POINT('',(47.9999990221113,-47.5,3.1));
#2560=CARTESIAN_POINT('Origin',(50.,-49.,3.1));
#2561=CARTESIAN_POINT('',(33.9,-47.5,3.1));
#2562=CARTESIAN_POINT('',(50.,-47.5,3.1));
#2563=CARTESIAN_POINT('',(32.9,-46.5,3.1));
#2564=CARTESIAN_POINT('',(47.5500025641888,-61.1500025641886,3.1));
#2565=CARTESIAN_POINT('',(32.9,-32.9888766397968,3.1));
#2566=CARTESIAN_POINT('',(32.9,-114.850000969392,3.1));
#2567=CARTESIAN_POINT('',(33.9,-31.9888766397968,3.1));
#2568=CARTESIAN_POINT('',(23.9222191599493,-41.9666574798475,3.1));
#2569=CARTESIAN_POINT('',(68.9999984577298,-31.9888766397969,3.1));
#2570=CARTESIAN_POINT('',(31.9,-31.9888766397968,3.1));
#2571=CARTESIAN_POINT('',(106.1,-31.9888766397968,3.1));
#2572=CARTESIAN_POINT('',(33.9,-141.699996810406,3.1));
#2573=CARTESIAN_POINT('',(69.,-141.699996810406,3.1));
#2574=CARTESIAN_POINT('',(32.9,-140.699996810406,3.1));
#2575=CARTESIAN_POINT('',(24.0000033615871,-131.800000171993,3.1));
#2576=CARTESIAN_POINT('',(32.9,-108.5,3.1));
#2577=CARTESIAN_POINT('',(32.9,-114.850000969392,3.1));
#2578=CARTESIAN_POINT('',(33.9,-107.5,3.1));
#2579=CARTESIAN_POINT('',(42.8,-98.6,3.1));
#2580=CARTESIAN_POINT('',(47.9999990221108,-107.5,3.1));
#2581=CARTESIAN_POINT('',(50.,-107.5,3.1));
#2582=CARTESIAN_POINT('',(52.0000009778892,-107.5,3.1));
#2583=CARTESIAN_POINT('Origin',(50.,-106.,3.1));
#2584=CARTESIAN_POINT('',(50.,-107.5,3.1));
#2585=CARTESIAN_POINT('',(47.9999990221108,-104.5,3.1));
#2586=CARTESIAN_POINT('Origin',(50.,-106.,3.1));
#2587=CARTESIAN_POINT('',(33.9,-104.5,3.1));
#2588=CARTESIAN_POINT('',(50.,-104.5,3.1));
#2589=CARTESIAN_POINT('',(32.9,-103.5,3.1));
#2590=CARTESIAN_POINT('',(33.3000025641887,-103.900002564189,3.1));
#2591=CARTESIAN_POINT('',(32.9,-51.5,3.1));
#2592=CARTESIAN_POINT('',(32.9,-114.850000969392,3.1));
#2593=CARTESIAN_POINT('',(33.9,-50.5,3.1));
#2594=CARTESIAN_POINT('',(28.55,-55.85,3.1));
#2595=CARTESIAN_POINT('',(47.9999990221113,-50.5,3.1));
#2596=CARTESIAN_POINT('',(50.,-50.5,3.1));
#2597=CARTESIAN_POINT('',(52.0000009778887,-50.5,3.1));
#2598=CARTESIAN_POINT('Origin',(50.,-49.,3.1));
#2599=CARTESIAN_POINT('',(50.,-50.5,3.1));
#2600=CARTESIAN_POINT('',(51.1,-106.,3.1));
#2601=CARTESIAN_POINT('Origin',(50.,-106.,3.1));
#2602=CARTESIAN_POINT('',(51.1,-49.,3.1));
#2603=CARTESIAN_POINT('Origin',(50.,-49.,3.1));
#2604=CARTESIAN_POINT('Origin',(33.4,-108.,1.6));
#2605=CARTESIAN_POINT('',(33.9,-107.5,1.6));
#2606=CARTESIAN_POINT('',(32.9,-108.5,1.6));
#2607=CARTESIAN_POINT('Origin',(31.9,-107.5,1.6));
#2608=CARTESIAN_POINT('',(47.9999990221108,-107.5,1.6));
#2609=CARTESIAN_POINT('Origin',(33.4,-104.,1.6));
#2610=CARTESIAN_POINT('',(33.9,-104.5,1.6));
#2611=CARTESIAN_POINT('',(32.9,-103.5,1.6));
#2612=CARTESIAN_POINT('Origin',(47.9999990221108,-104.5,1.6));
#2613=CARTESIAN_POINT('',(47.9999990221108,-104.5,1.6));
#2614=CARTESIAN_POINT('Origin',(33.4,-51.,1.6));
#2615=CARTESIAN_POINT('',(33.9,-50.5,1.6));
#2616=CARTESIAN_POINT('',(32.9,-51.5,1.6));
#2617=CARTESIAN_POINT('Origin',(31.9,-50.5,1.6));
#2618=CARTESIAN_POINT('',(47.9999990221113,-50.5,1.6));
#2619=CARTESIAN_POINT('Origin',(33.4,-47.,1.6));
#2620=CARTESIAN_POINT('',(33.9,-47.5,1.6));
#2621=CARTESIAN_POINT('',(32.9,-46.5,1.6));
#2622=CARTESIAN_POINT('Origin',(47.9999990221113,-47.5,1.6));
#2623=CARTESIAN_POINT('',(47.9999990221113,-47.5,1.6));
#2624=CARTESIAN_POINT('Origin',(33.4,-141.199996810406,1.6));
#2625=CARTESIAN_POINT('',(33.9,-141.699996810406,1.6));
#2626=CARTESIAN_POINT('',(32.9,-140.699996810406,1.6));
#2627=CARTESIAN_POINT('Origin',(69.,-141.699996810406,1.6));
#2628=CARTESIAN_POINT('Origin',(33.4,-32.4888766397968,1.6));
#2629=CARTESIAN_POINT('',(33.9,-31.9888766397968,1.6));
#2630=CARTESIAN_POINT('',(32.9,-32.9888766397968,1.6));
#2631=CARTESIAN_POINT('Origin',(31.9,-31.9888766397968,1.6));
#2632=CARTESIAN_POINT('Origin',(32.9,-142.699996810406,1.6));
#2633=CARTESIAN_POINT('Origin',(33.995785762892,-32.99804350183,1.6));
#2634=CARTESIAN_POINT('',(34.,-30.,1.6));
#2635=CARTESIAN_POINT('Origin',(68.9999999998087,-29.9999993294477,1.6));
#2636=CARTESIAN_POINT('Origin',(50.,-49.,1.6));
#2637=CARTESIAN_POINT('',(51.1,-49.,1.6));
#2638=CARTESIAN_POINT('Origin',(50.,-49.,1.6));
#2639=CARTESIAN_POINT('',(52.0000009778887,-47.5,1.6));
#2640=CARTESIAN_POINT('Origin',(62.8,-47.5,1.6));
#2641=CARTESIAN_POINT('Origin',(52.0000009778887,-50.5,1.6));
#2642=CARTESIAN_POINT('',(52.0000009778887,-50.5,1.6));
#2643=CARTESIAN_POINT('Origin',(50.,-49.,1.6));
#2644=CARTESIAN_POINT('Origin',(32.9,-142.699996810406,1.6));
#2645=CARTESIAN_POINT('Origin',(32.9,-142.699996810406,1.6));
#2646=CARTESIAN_POINT('Origin',(50.,-106.,1.6));
#2647=CARTESIAN_POINT('',(51.1,-106.,1.6));
#2648=CARTESIAN_POINT('Origin',(50.,-106.,1.6));
#2649=CARTESIAN_POINT('Origin',(52.0000009778892,-107.5,1.6));
#2650=CARTESIAN_POINT('',(52.0000009778892,-107.5,1.6));
#2651=CARTESIAN_POINT('Origin',(50.,-106.,1.6));
#2652=CARTESIAN_POINT('Origin',(30.999999307096,-141.006343797578,1.6));
#2653=CARTESIAN_POINT('',(30.9999977944347,-141.006343797578,1.6));
#2654=CARTESIAN_POINT('Origin',(33.998043501839,-141.0042142371,1.6));
#2655=CARTESIAN_POINT('',(31.,-141.,1.6));
#2656=CARTESIAN_POINT('Origin',(30.999999307096,-29.9999993294477,1.6));
#2657=UNCERTAINTY_MEASURE_WITH_UNIT(LENGTH_MEASURE(0.01),#2661,
'DISTANCE_ACCURACY_VALUE',
'Maximum model space distance between geometric entities at asserted c
onnectivities');
#2658=UNCERTAINTY_MEASURE_WITH_UNIT(LENGTH_MEASURE(0.01),#2661,
'DISTANCE_ACCURACY_VALUE',
'Maximum model space distance between geometric entities at asserted c
onnectivities');
#2659=(
GEOMETRIC_REPRESENTATION_CONTEXT(3)
GLOBAL_UNCERTAINTY_ASSIGNED_CONTEXT((#2657))
GLOBAL_UNIT_ASSIGNED_CONTEXT((#2661,#2662,#2663))
REPRESENTATION_CONTEXT('','3D')
);
#2660=(
GEOMETRIC_REPRESENTATION_CONTEXT(3)
GLOBAL_UNCERTAINTY_ASSIGNED_CONTEXT((#2658))
GLOBAL_UNIT_ASSIGNED_CONTEXT((#2661,#2662,#2663))
REPRESENTATION_CONTEXT('','3D')
);
#2661=(
LENGTH_UNIT()
NAMED_UNIT(*)
SI_UNIT(.MILLI.,.METRE.)
);
#2662=(
NAMED_UNIT(*)
PLANE_ANGLE_UNIT()
SI_UNIT($,.RADIAN.)
);
#2663=(
NAMED_UNIT(*)
SI_UNIT($,.STERADIAN.)
SOLID_ANGLE_UNIT()
);
#2664=SHAPE_DEFINITION_REPRESENTATION(#2665,#2666);
#2665=PRODUCT_DEFINITION_SHAPE('',$,#2668);
#2666=SHAPE_REPRESENTATION('',(#1654),#2659);
#2667=PRODUCT_DEFINITION_CONTEXT('part definition',#2672,'design');
#2668=PRODUCT_DEFINITION('Low Profile Numpad V1',
'Low Profile Numpad V1 v19',#2669,#2667);
#2669=PRODUCT_DEFINITION_FORMATION('',$,#2674);
#2670=PRODUCT_RELATED_PRODUCT_CATEGORY('Low Profile Numpad V1 v19',
'Low Profile Numpad V1 v19',(#2674));
#2671=APPLICATION_PROTOCOL_DEFINITION('international standard',
'ap242_managed_model_based_3d_engineering',2011,#2672);
#2672=APPLICATION_CONTEXT('Managed model based 3d engineering');
#2673=PRODUCT_CONTEXT('part definition',#2672,'mechanical');
#2674=PRODUCT('Low Profile Numpad V1','Low Profile Numpad V1 v19',$,(#2673));
#2675=PRESENTATION_STYLE_ASSIGNMENT((#2682));
#2676=PRESENTATION_STYLE_ASSIGNMENT((#2683));
#2677=PRESENTATION_STYLE_ASSIGNMENT((#2684));
#2678=PRESENTATION_STYLE_ASSIGNMENT((#2685));
#2679=PRESENTATION_STYLE_ASSIGNMENT((#2686));
#2680=PRESENTATION_STYLE_ASSIGNMENT((#2687));
#2681=PRESENTATION_STYLE_ASSIGNMENT((#2688));
#2682=SURFACE_STYLE_USAGE(.BOTH.,#2689);
#2683=SURFACE_STYLE_USAGE(.BOTH.,#2690);
#2684=SURFACE_STYLE_USAGE(.BOTH.,#2691);
#2685=SURFACE_STYLE_USAGE(.BOTH.,#2692);
#2686=SURFACE_STYLE_USAGE(.BOTH.,#2693);
#2687=SURFACE_STYLE_USAGE(.BOTH.,#2694);
#2688=SURFACE_STYLE_USAGE(.BOTH.,#2695);
#2689=SURFACE_SIDE_STYLE('',(#2696));
#2690=SURFACE_SIDE_STYLE('',(#2697));
#2691=SURFACE_SIDE_STYLE('',(#2698));
#2692=SURFACE_SIDE_STYLE('',(#2699));
#2693=SURFACE_SIDE_STYLE('',(#2700));
#2694=SURFACE_SIDE_STYLE('',(#2701));
#2695=SURFACE_SIDE_STYLE('',(#2702));
#2696=SURFACE_STYLE_FILL_AREA(#2703);
#2697=SURFACE_STYLE_FILL_AREA(#2704);
#2698=SURFACE_STYLE_FILL_AREA(#2705);
#2699=SURFACE_STYLE_FILL_AREA(#2706);
#2700=SURFACE_STYLE_FILL_AREA(#2707);
#2701=SURFACE_STYLE_FILL_AREA(#2708);
#2702=SURFACE_STYLE_FILL_AREA(#2709);
#2703=FILL_AREA_STYLE('Stainless Steel - Satin',(#2710));
#2704=FILL_AREA_STYLE('Steel - Satin',(#2711));
#2705=FILL_AREA_STYLE('Opaque(10,10,10)',(#2712));
#2706=FILL_AREA_STYLE('Black',(#2713));
#2707=FILL_AREA_STYLE('Opaque(44,44,44)',(#2714));
#2708=FILL_AREA_STYLE('Paint - Metallic (Blue)',(#2715));
#2709=FILL_AREA_STYLE('Plastic - Glossy (Black)',(#2716));
#2710=FILL_AREA_STYLE_COLOUR('Stainless Steel - Satin',#2717);
#2711=FILL_AREA_STYLE_COLOUR('Steel - Satin',#2718);
#2712=FILL_AREA_STYLE_COLOUR('Opaque(10,10,10)',#2719);
#2713=FILL_AREA_STYLE_COLOUR('Black',#2720);
#2714=FILL_AREA_STYLE_COLOUR('Opaque(44,44,44)',#2721);
#2715=FILL_AREA_STYLE_COLOUR('Paint - Metallic (Blue)',#2722);
#2716=FILL_AREA_STYLE_COLOUR('Plastic - Glossy (Black)',#2723);
#2717=COLOUR_RGB('Stainless Steel - Satin',0.796078431372549,0.796078431372549,
0.796078431372549);
#2718=COLOUR_RGB('Steel - Satin',0.627450980392157,0.627450980392157,0.627450980392157);
#2719=COLOUR_RGB('Opaque(10,10,10)',0.0392156862745098,0.0392156862745098,
0.0392156862745098);
#2720=COLOUR_RGB('Black',0.172549019607843,0.172549019607843,0.172549019607843);
#2721=COLOUR_RGB('Opaque(44,44,44)',0.172549019607843,0.172549019607843,
0.172549019607843);
#2722=COLOUR_RGB('Paint - Metallic (Blue)',0.188235294117647,0.231372549019608,
0.588235294117647);
#2723=COLOUR_RGB('Plastic - Glossy (Black)',0.0980392156862745,0.0980392156862745,
0.0980392156862745);
ENDSEC;
END-ISO-10303-21;
