ISO-10303-21;
HEADER;
/* Generated by software containing ST-Developer
 * from STEP Tools, Inc. (www.steptools.com) 
 */

FILE_DESCRIPTION(
/* description */ ('',
'CAx-IF Rec.Pracs.---Representation and Presentation of Product Manufa
cturing Information (PMI)---4.0---2014-10-13'),
/* implementation_level */ '2;1');

FILE_NAME(
/* name */ 'Low Profile Numpad encoder knob.step',
/* time_stamp */ '2025-02-12T18:06:59+01:00',
/* author */ (''),
/* organization */ (''),
/* preprocessor_version */ 'ST-DEVELOPER v20',
/* originating_system */ 'Autodesk Translation Framework v13.20.0.188',

/* authorisation */ '');

FILE_SCHEMA (('AP242_MANAGED_MODEL_BASED_3D_ENGINEERING_MIM_LF { 1 0 10303 442 1 1 4 }'));
ENDSEC;

DATA;
#10=MECHANICAL_DESIGN_GEOMETRIC_PRESENTATION_REPRESENTATION('',(#13),#7661);
#11=SHAPE_REPRESENTATION_RELATIONSHIP('SRR','None',#7667,#12);
#12=ADVANCED_BREP_SHAPE_REPRESENTATION('',(#14),#7660);
#13=STYLED_ITEM('',(#7680),#14);
#14=MANIFOLD_SOLID_BREP('Encoder Knob',#2957);
#15=CONICAL_SURFACE('',#2973,7.25,0.0872664625997165);
#16=CONICAL_SURFACE('',#2976,5.79694764632398,0.829031394697294);
#17=CONICAL_SURFACE('',#2990,5.79694764632398,0.829031394697294);
#18=CONICAL_SURFACE('',#2992,7.25,0.0872664625997165);
#19=CONICAL_SURFACE('',#2994,6.97821106431308,0.741764932097585);
#20=CONICAL_SURFACE('',#3000,6.97821106431308,0.741764932097585);
#21=CONICAL_SURFACE('',#3015,6.97821106431308,0.741764932097585);
#22=CONICAL_SURFACE('',#3017,7.25,0.0872664625997165);
#23=CONICAL_SURFACE('',#3019,5.79694764632398,0.829031394697294);
#24=CONICAL_SURFACE('',#3022,7.25,0.0872664625997165);
#25=CONICAL_SURFACE('',#3025,5.79694764632398,0.829031394697294);
#26=CONICAL_SURFACE('',#3030,6.97821106431308,0.741764932097585);
#27=CONICAL_SURFACE('',#3033,6.97821106431308,0.741764932097585);
#28=CONICAL_SURFACE('',#3035,7.25,0.0872664625997165);
#29=CONICAL_SURFACE('',#3037,5.79694764632398,0.829031394697294);
#30=CONICAL_SURFACE('',#3040,7.25,0.0872664625997165);
#31=CONICAL_SURFACE('',#3043,5.79694764632398,0.829031394697294);
#32=CONICAL_SURFACE('',#3048,6.97821106431308,0.741764932097585);
#33=CONICAL_SURFACE('',#3051,6.97821106431308,0.741764932097585);
#34=CONICAL_SURFACE('',#3053,7.25,0.0872664625997165);
#35=CONICAL_SURFACE('',#3055,5.79694764632398,0.829031394697294);
#36=CONICAL_SURFACE('',#3058,7.25,0.0872664625997165);
#37=CONICAL_SURFACE('',#3061,5.79694764632398,0.829031394697294);
#38=CONICAL_SURFACE('',#3066,6.97821106431308,0.741764932097585);
#39=CONICAL_SURFACE('',#3069,6.97821106431308,0.741764932097585);
#40=CONICAL_SURFACE('',#3071,7.25,0.0872664625997165);
#41=CONICAL_SURFACE('',#3073,5.79694764632398,0.829031394697294);
#42=CONICAL_SURFACE('',#3076,7.25,0.0872664625997165);
#43=CONICAL_SURFACE('',#3079,5.79694764632398,0.829031394697294);
#44=CONICAL_SURFACE('',#3084,6.97821106431308,0.741764932097585);
#45=CONICAL_SURFACE('',#3087,6.97821106431308,0.741764932097585);
#46=CONICAL_SURFACE('',#3089,7.25,0.0872664625997165);
#47=CONICAL_SURFACE('',#3091,5.79694764632398,0.829031394697294);
#48=CONICAL_SURFACE('',#3095,6.97821106431308,0.741764932097585);
#49=CONICAL_SURFACE('',#3097,7.25,0.0872664625997165);
#50=CONICAL_SURFACE('',#3099,5.79694764632398,0.829031394697294);
#51=B_SPLINE_CURVE_WITH_KNOTS('',3,(#3566,#3567,#3568,#3569,#3570,#3571),
 .UNSPECIFIED.,.F.,.F.,(4,2,4),(0.,0.0155162961645454,0.0310302446708209),
 .UNSPECIFIED.);
#52=B_SPLINE_CURVE_WITH_KNOTS('',3,(#3585,#3586,#3587,#3588,#3589,#3590),
 .UNSPECIFIED.,.F.,.F.,(4,2,4),(0.,0.0165958889844613,0.0324507848589884),
 .UNSPECIFIED.);
#53=B_SPLINE_CURVE_WITH_KNOTS('',3,(#3591,#3592,#3593,#3594),
 .UNSPECIFIED.,.F.,.F.,(4,4),(0.0344105255712072,0.0351159696356507),
 .UNSPECIFIED.);
#54=B_SPLINE_CURVE_WITH_KNOTS('',3,(#3633,#3634,#3635,#3636),
 .UNSPECIFIED.,.F.,.F.,(4,4),(0.,0.000705443055364698),.UNSPECIFIED.);
#55=B_SPLINE_CURVE_WITH_KNOTS('',3,(#3638,#3639,#3640,#3641,#3642,#3643),
 .UNSPECIFIED.,.F.,.F.,(4,2,4),(0.,0.0165647853761531,0.0325802926303426),
 .UNSPECIFIED.);
#56=B_SPLINE_CURVE_WITH_KNOTS('',3,(#3656,#3657,#3658,#3659,#3660,#3661),
 .UNSPECIFIED.,.F.,.F.,(4,2,4),(0.,0.0155131817001205,0.0310302635911633),
 .UNSPECIFIED.);
#57=B_SPLINE_CURVE_WITH_KNOTS('',3,(#3696,#3697,#3698,#3699,#3700,#3701),
 .UNSPECIFIED.,.F.,.F.,(4,2,4),(-0.0715869330673683,-0.0685844960454291,
-0.00350062248894538),.UNSPECIFIED.);
#58=B_SPLINE_CURVE_WITH_KNOTS('',3,(#3703,#3704,#3705,#3706,#3707,#3708),
 .UNSPECIFIED.,.F.,.F.,(4,2,4),(0.,0.0190256181426476,0.0382119982411837),
 .UNSPECIFIED.);
#59=B_SPLINE_CURVE_WITH_KNOTS('',3,(#3710,#3711,#3712,#3713,#3714,#3715),
 .UNSPECIFIED.,.F.,.F.,(4,2,4),(-0.0195309847689444,6.54165773041228E-5,
0.0598400828732801),.UNSPECIFIED.);
#60=B_SPLINE_CURVE_WITH_KNOTS('',3,(#3717,#3718,#3719,#3720,#3721,#3722,
#3723),.UNSPECIFIED.,.F.,.F.,(4,3,4),(0.,0.0164722903894031,0.0325412799666299),
 .UNSPECIFIED.);
#61=B_SPLINE_CURVE_WITH_KNOTS('',3,(#3724,#3725,#3726,#3727),
 .UNSPECIFIED.,.F.,.F.,(4,4),(0.0334396668947306,0.0338377888066731),
 .UNSPECIFIED.);
#62=B_SPLINE_CURVE_WITH_KNOTS('',3,(#3744,#3745,#3746,#3747),
 .UNSPECIFIED.,.F.,.F.,(4,4),(-1.30464117360916,-2.42671068477649E-5),
 .UNSPECIFIED.);
#63=B_SPLINE_CURVE_WITH_KNOTS('',3,(#3748,#3749,#3750,#3751),
 .UNSPECIFIED.,.F.,.F.,(4,4),(0.00832274236387887,1.2970733939392),
 .UNSPECIFIED.);
#64=B_SPLINE_CURVE_WITH_KNOTS('',3,(#3786,#3787,#3788,#3789),
 .UNSPECIFIED.,.F.,.F.,(4,4),(-1.30579072551598,-0.00117381884752969),
 .UNSPECIFIED.);
#65=B_SPLINE_CURVE_WITH_KNOTS('',3,(#3791,#3792,#3793,#3794),
 .UNSPECIFIED.,.F.,.F.,(4,4),(0.00874159868237272,1.29749225026798),
 .UNSPECIFIED.);
#66=B_SPLINE_CURVE_WITH_KNOTS('',3,(#3795,#3796,#3797,#3798,#3799,#3800,
#3801),.UNSPECIFIED.,.F.,.F.,(4,3,4),(-0.0324920964600732,-0.0164123065720855,
0.),.UNSPECIFIED.);
#67=B_SPLINE_CURVE_WITH_KNOTS('',3,(#3835,#3836,#3837,#3838,#3839,#3840),
 .UNSPECIFIED.,.F.,.F.,(4,2,4),(0.00880584611343998,0.0685833808437833,
0.0881807224777534),.UNSPECIFIED.);
#68=B_SPLINE_CURVE_WITH_KNOTS('',3,(#3842,#3843,#3844,#3845,#3846,#3847),
 .UNSPECIFIED.,.F.,.F.,(4,2,4),(0.,0.0189370225562692,0.0378685246074541),
 .UNSPECIFIED.);
#69=B_SPLINE_CURVE_WITH_KNOTS('',3,(#3849,#3850,#3851,#3852,#3853,#3854),
 .UNSPECIFIED.,.F.,.F.,(4,2,4),(-0.0651480105062876,-6.10133367848658E-5,
0.00294156739978301),.UNSPECIFIED.);
#70=B_SPLINE_CURVE_WITH_KNOTS('',3,(#3855,#3856,#3857,#3858),
 .UNSPECIFIED.,.F.,.F.,(4,4),(0.,0.000398121675440665),.UNSPECIFIED.);
#71=B_SPLINE_CURVE_WITH_KNOTS('',3,(#3863,#3864,#3865,#3866),
 .UNSPECIFIED.,.F.,.F.,(4,4),(0.0344105256064259,0.0351159696712918),
 .UNSPECIFIED.);
#72=B_SPLINE_CURVE_WITH_KNOTS('',3,(#3868,#3869,#3870,#3871),
 .UNSPECIFIED.,.F.,.F.,(4,4),(-1.30579072551524,-0.00117381884664959),
 .UNSPECIFIED.);
#73=B_SPLINE_CURVE_WITH_KNOTS('',3,(#3873,#3874,#3875,#3876),
 .UNSPECIFIED.,.F.,.F.,(4,4),(0.,0.00039812167537275),.UNSPECIFIED.);
#74=B_SPLINE_CURVE_WITH_KNOTS('',3,(#3984,#3985,#3986,#3987),
 .UNSPECIFIED.,.F.,.F.,(4,4),(0.0334396669046594,0.0338377888167502),
 .UNSPECIFIED.);
#75=B_SPLINE_CURVE_WITH_KNOTS('',3,(#3989,#3990,#3991,#3992),
 .UNSPECIFIED.,.F.,.F.,(4,4),(-1.30452944743418,7.76691584103859E-5),
 .UNSPECIFIED.);
#76=B_SPLINE_CURVE_WITH_KNOTS('',3,(#3993,#3994,#3995,#3996),
 .UNSPECIFIED.,.F.,.F.,(4,4),(0.,0.000705443054386011),.UNSPECIFIED.);
#77=B_SPLINE_CURVE_WITH_KNOTS('',3,(#4000,#4001,#4002,#4003,#4004,#4005),
 .UNSPECIFIED.,.F.,.F.,(4,2,4),(-0.0715215967998367,-0.0685191563011708,
-0.00343520964427774),.UNSPECIFIED.);
#78=B_SPLINE_CURVE_WITH_KNOTS('',3,(#4050,#4051,#4052,#4053),
 .UNSPECIFIED.,.F.,.F.,(4,4),(0.,0.000705443055701068),.UNSPECIFIED.);
#79=B_SPLINE_CURVE_WITH_KNOTS('',3,(#4055,#4056,#4057,#4058,#4059,#4060),
 .UNSPECIFIED.,.F.,.F.,(4,2,4),(0.,0.0165631283350937,0.0325803624341667),
 .UNSPECIFIED.);
#80=B_SPLINE_CURVE_WITH_KNOTS('',3,(#4073,#4074,#4075,#4076,#4077,#4078),
 .UNSPECIFIED.,.F.,.F.,(4,2,4),(0.,0.0155131140166228,0.0310302635893147),
 .UNSPECIFIED.);
#81=B_SPLINE_CURVE_WITH_KNOTS('',3,(#4113,#4114,#4115,#4116,#4117,#4118),
 .UNSPECIFIED.,.F.,.F.,(4,2,4),(-0.0715869330675144,-0.0685844960450651,
-0.00350062248900195),.UNSPECIFIED.);
#82=B_SPLINE_CURVE_WITH_KNOTS('',3,(#4120,#4121,#4122,#4123,#4124,#4125),
 .UNSPECIFIED.,.F.,.F.,(4,2,4),(0.,0.0190256181445981,0.0382119982468252),
 .UNSPECIFIED.);
#83=B_SPLINE_CURVE_WITH_KNOTS('',3,(#4127,#4128,#4129,#4130,#4131,#4132),
 .UNSPECIFIED.,.F.,.F.,(4,2,4),(-0.0195309847719747,6.54165769657177E-5,
0.0598400828719069),.UNSPECIFIED.);
#84=B_SPLINE_CURVE_WITH_KNOTS('',3,(#4134,#4135,#4136,#4137,#4138,#4139,
#4140),.UNSPECIFIED.,.F.,.F.,(4,3,4),(0.,0.0164722903882209,0.0325412799657181),
 .UNSPECIFIED.);
#85=B_SPLINE_CURVE_WITH_KNOTS('',3,(#4141,#4142,#4143,#4144),
 .UNSPECIFIED.,.F.,.F.,(4,4),(0.033439666893671,0.033837788805611),
 .UNSPECIFIED.);
#86=B_SPLINE_CURVE_WITH_KNOTS('',3,(#4161,#4162,#4163,#4164),
 .UNSPECIFIED.,.F.,.F.,(4,4),(-1.30464117360932,-2.42671068534383E-5),
 .UNSPECIFIED.);
#87=B_SPLINE_CURVE_WITH_KNOTS('',3,(#4165,#4166,#4167,#4168),
 .UNSPECIFIED.,.F.,.F.,(4,4),(0.0083227423649659,1.29707339393992),
 .UNSPECIFIED.);
#88=B_SPLINE_CURVE_WITH_KNOTS('',3,(#4179,#4180,#4181,#4182,#4183,#4184),
 .UNSPECIFIED.,.F.,.F.,(4,2,4),(-0.031030244828977,-0.0155164591162508,
0.),.UNSPECIFIED.);
#89=B_SPLINE_CURVE_WITH_KNOTS('',3,(#4221,#4222,#4223,#4224,#4225,#4226),
 .UNSPECIFIED.,.F.,.F.,(4,2,4),(0.,0.0166000105855606,0.0324507574497788),
 .UNSPECIFIED.);
#90=B_SPLINE_CURVE_WITH_KNOTS('',3,(#4244,#4245,#4246,#4247),
 .UNSPECIFIED.,.F.,.F.,(4,4),(0.00874159868108275,1.29749225026699),
 .UNSPECIFIED.);
#91=B_SPLINE_CURVE_WITH_KNOTS('',3,(#4248,#4249,#4250,#4251,#4252,#4253,
#4254),.UNSPECIFIED.,.F.,.F.,(4,3,4),(-0.0324920640284294,-0.0164134919919494,
0.),.UNSPECIFIED.);
#92=B_SPLINE_CURVE_WITH_KNOTS('',3,(#4288,#4289,#4290,#4291,#4292,#4293),
 .UNSPECIFIED.,.F.,.F.,(4,2,4),(0.00880584611316324,0.0685833808434382,
0.0881807224759869),.UNSPECIFIED.);
#93=B_SPLINE_CURVE_WITH_KNOTS('',3,(#4295,#4296,#4297,#4298,#4299,#4300),
 .UNSPECIFIED.,.F.,.F.,(4,2,4),(0.,0.0189420774570223,0.0378685911359687),
 .UNSPECIFIED.);
#94=B_SPLINE_CURVE_WITH_KNOTS('',3,(#4301,#4302,#4303,#4304,#4305,#4306),
 .UNSPECIFIED.,.F.,.F.,(4,2,4),(-0.0651480105061705,-6.10133364595438E-5,
0.00294156740010433),.UNSPECIFIED.);
#95=B_SPLINE_CURVE_WITH_KNOTS('',3,(#4319,#4320,#4321,#4322,#4323,#4324),
 .UNSPECIFIED.,.F.,.F.,(4,2,4),(0.,0.0189491006593136,0.0378686835244041),
 .UNSPECIFIED.);
#96=B_SPLINE_CURVE_WITH_KNOTS('',3,(#4330,#4331,#4332,#4333,#4334,#4335),
 .UNSPECIFIED.,.F.,.F.,(4,2,4),(0.,0.0190256181430958,0.0382119982429848),
 .UNSPECIFIED.);
#97=B_SPLINE_CURVE_WITH_KNOTS('',3,(#4339,#4340,#4341,#4342,#4343,#4344),
 .UNSPECIFIED.,.F.,.F.,(4,2,4),(0.,0.0189532797300688,0.0378687385037429),
 .UNSPECIFIED.);
#98=B_SPLINE_CURVE_WITH_KNOTS('',3,(#4350,#4351,#4352,#4353,#4354,#4355),
 .UNSPECIFIED.,.F.,.F.,(4,2,4),(0.,0.0190256181413288,0.0382119982397799),
 .UNSPECIFIED.);
#99=B_SPLINE_CURVE_WITH_KNOTS('',3,(#4359,#4360,#4361,#4362,#4363,#4364),
 .UNSPECIFIED.,.F.,.F.,(4,2,4),(0.,0.0189561997533385,0.0378687769092384),
 .UNSPECIFIED.);
#100=B_SPLINE_CURVE_WITH_KNOTS('',3,(#4370,#4371,#4372,#4373,#4374,#4375),
 .UNSPECIFIED.,.F.,.F.,(4,2,4),(0.,0.0190256181454316,0.0382119982511407),
 .UNSPECIFIED.);
#101=B_SPLINE_CURVE_WITH_KNOTS('',3,(#4379,#4380,#4381,#4382,#4383,#4384),
 .UNSPECIFIED.,.F.,.F.,(4,2,4),(0.,0.0189491006603277,0.0378686835245674),
 .UNSPECIFIED.);
#102=B_SPLINE_CURVE_WITH_KNOTS('',3,(#4390,#4391,#4392,#4393,#4394,#4395),
 .UNSPECIFIED.,.F.,.F.,(4,2,4),(0.,0.0190256181443773,0.0382119982486267),
 .UNSPECIFIED.);
#103=B_SPLINE_CURVE_WITH_KNOTS('',3,(#4399,#4400,#4401,#4402,#4403,#4404),
 .UNSPECIFIED.,.F.,.F.,(4,2,4),(0.,0.0189532797282041,0.037868738502692),
 .UNSPECIFIED.);
#104=B_SPLINE_CURVE_WITH_KNOTS('',3,(#4410,#4411,#4412,#4413,#4414,#4415),
 .UNSPECIFIED.,.F.,.F.,(4,2,4),(0.,0.0190256181429541,0.0382119982429066),
 .UNSPECIFIED.);
#105=B_SPLINE_CURVE_WITH_KNOTS('',3,(#4419,#4420,#4421,#4422,#4423,#4424),
 .UNSPECIFIED.,.F.,.F.,(4,2,4),(0.,0.0189568686295021,0.0378687857072993),
 .UNSPECIFIED.);
#106=B_SPLINE_CURVE_WITH_KNOTS('',3,(#4430,#4431,#4432,#4433,#4434,#4435),
 .UNSPECIFIED.,.F.,.F.,(4,2,4),(0.,0.0190256181428521,0.0382119982414747),
 .UNSPECIFIED.);
#107=B_SPLINE_CURVE_WITH_KNOTS('',3,(#4439,#4440,#4441,#4442,#4443,#4444),
 .UNSPECIFIED.,.F.,.F.,(4,2,4),(0.,0.0189550458309323,0.0378687617349867),
 .UNSPECIFIED.);
#108=B_SPLINE_CURVE_WITH_KNOTS('',3,(#4450,#4451,#4452,#4453,#4454,#4455),
 .UNSPECIFIED.,.F.,.F.,(4,2,4),(0.,0.0190256181466609,0.0382119982531298),
 .UNSPECIFIED.);
#109=B_SPLINE_CURVE_WITH_KNOTS('',3,(#4459,#4460,#4461,#4462,#4463,#4464),
 .UNSPECIFIED.,.F.,.F.,(4,2,4),(0.,0.0189532797297761,0.0378687385026392),
 .UNSPECIFIED.);
#110=B_SPLINE_CURVE_WITH_KNOTS('',3,(#4470,#4471,#4472,#4473,#4474,#4475),
 .UNSPECIFIED.,.F.,.F.,(4,2,4),(0.,0.0190256181417805,0.0382119982360849),
 .UNSPECIFIED.);
#111=B_SPLINE_CURVE_WITH_KNOTS('',3,(#4479,#4480,#4481,#4482,#4483,#4484),
 .UNSPECIFIED.,.F.,.F.,(4,2,4),(0.,0.0189568686298926,0.0378687857026839),
 .UNSPECIFIED.);
#112=B_SPLINE_CURVE_WITH_KNOTS('',3,(#4490,#4491,#4492,#4493,#4494,#4495),
 .UNSPECIFIED.,.F.,.F.,(4,2,4),(0.,0.0190256181451043,0.0382119982504659),
 .UNSPECIFIED.);
#113=B_SPLINE_CURVE_WITH_KNOTS('',3,(#4499,#4500,#4501,#4502,#4503,#4504),
 .UNSPECIFIED.,.F.,.F.,(4,2,4),(0.,0.0189550458329826,0.0378687617356167),
 .UNSPECIFIED.);
#114=B_SPLINE_CURVE_WITH_KNOTS('',3,(#4509,#4510,#4511,#4512,#4513,#4514),
 .UNSPECIFIED.,.F.,.F.,(4,2,4),(0.,0.0190436480806679,0.0382124223308373),
 .UNSPECIFIED.);
#115=B_SPLINE_CURVE_WITH_KNOTS('',3,(#4518,#4519,#4520,#4521,#4522,#4523),
 .UNSPECIFIED.,.F.,.F.,(4,2,4),(-0.0651480105065403,-6.10133366431582E-5,
0.0029415673997533),.UNSPECIFIED.);
#116=B_SPLINE_CURVE_WITH_KNOTS('',3,(#4528,#4529,#4530,#4531),
 .UNSPECIFIED.,.F.,.F.,(4,4),(0.0344105256173543,0.0351159696823933),
 .UNSPECIFIED.);
#117=B_SPLINE_CURVE_WITH_KNOTS('',3,(#4533,#4534,#4535,#4536),
 .UNSPECIFIED.,.F.,.F.,(4,4),(-1.30579072551474,-0.00117381884621443),
 .UNSPECIFIED.);
#118=B_SPLINE_CURVE_WITH_KNOTS('',3,(#4537,#4538,#4539,#4540),
 .UNSPECIFIED.,.F.,.F.,(4,4),(0.,0.000398121675282587),.UNSPECIFIED.);
#119=B_SPLINE_CURVE_WITH_KNOTS('',3,(#4582,#4583,#4584,#4585,#4586,#4587),
 .UNSPECIFIED.,.F.,.F.,(4,2,4),(0.,0.0155165069979709,0.0310302447919521),
 .UNSPECIFIED.);
#120=B_SPLINE_CURVE_WITH_KNOTS('',3,(#4600,#4601,#4602,#4603,#4604,#4605),
 .UNSPECIFIED.,.F.,.F.,(4,2,4),(0.,0.0166012232522993,0.0324507493606129),
 .UNSPECIFIED.);
#121=B_SPLINE_CURVE_WITH_KNOTS('',3,(#4644,#4645,#4646,#4647),
 .UNSPECIFIED.,.F.,.F.,(4,4),(0.,0.000705443055845966),.UNSPECIFIED.);
#122=B_SPLINE_CURVE_WITH_KNOTS('',3,(#4649,#4650,#4651,#4652,#4653,#4654),
 .UNSPECIFIED.,.F.,.F.,(4,2,4),(0.,0.0165624291594931,0.0325803918660346),
 .UNSPECIFIED.);
#123=B_SPLINE_CURVE_WITH_KNOTS('',3,(#4667,#4668,#4669,#4670,#4671,#4672),
 .UNSPECIFIED.,.F.,.F.,(4,2,4),(0.,0.0155130854521559,0.0310302635835874),
 .UNSPECIFIED.);
#124=B_SPLINE_CURVE_WITH_KNOTS('',3,(#4706,#4707,#4708,#4709,#4710,#4711),
 .UNSPECIFIED.,.F.,.F.,(4,2,4),(-0.0715869330676681,-0.068584496045261,
-0.00350062248941995),.UNSPECIFIED.);
#125=B_SPLINE_CURVE_WITH_KNOTS('',3,(#4713,#4714,#4715,#4716,#4717,#4718),
 .UNSPECIFIED.,.F.,.F.,(4,2,4),(-0.0195309847731361,6.54165771691768E-5,
0.0598400828722393),.UNSPECIFIED.);
#126=B_SPLINE_CURVE_WITH_KNOTS('',3,(#4720,#4721,#4722,#4723,#4724,#4725,
#4726),.UNSPECIFIED.,.F.,.F.,(4,3,4),(0.,0.0164722903872534,0.0325412799531876),
 .UNSPECIFIED.);
#127=B_SPLINE_CURVE_WITH_KNOTS('',3,(#4727,#4728,#4729,#4730),
 .UNSPECIFIED.,.F.,.F.,(4,4),(0.0334396668942126,0.033837788806122),
 .UNSPECIFIED.);
#128=B_SPLINE_CURVE_WITH_KNOTS('',3,(#4747,#4748,#4749,#4750),
 .UNSPECIFIED.,.F.,.F.,(4,4),(-1.30464117360948,-2.42671068538397E-5),
 .UNSPECIFIED.);
#129=B_SPLINE_CURVE_WITH_KNOTS('',3,(#4751,#4752,#4753,#4754),
 .UNSPECIFIED.,.F.,.F.,(4,4),(0.00832274236544535,1.29707339394084),
 .UNSPECIFIED.);
#130=B_SPLINE_CURVE_WITH_KNOTS('',3,(#4781,#4782,#4783,#4784),
 .UNSPECIFIED.,.F.,.F.,(4,4),(0.0087415986812994,1.29749225026697),
 .UNSPECIFIED.);
#131=B_SPLINE_CURVE_WITH_KNOTS('',3,(#4785,#4786,#4787,#4788,#4789,#4790,
#4791),.UNSPECIFIED.,.F.,.F.,(4,3,4),(-0.0324920189989617,-0.016415138242863,
0.),.UNSPECIFIED.);
#132=B_SPLINE_CURVE_WITH_KNOTS('',3,(#4824,#4825,#4826,#4827,#4828,#4829),
 .UNSPECIFIED.,.F.,.F.,(4,2,4),(0.00880584611302288,0.0685833808436831,
0.0881807224753758),.UNSPECIFIED.);
#133=B_SPLINE_CURVE_WITH_KNOTS('',3,(#4834,#4835,#4836,#4837),
 .UNSPECIFIED.,.F.,.F.,(4,4),(0.0344105256227164,0.0351159696877968),
 .UNSPECIFIED.);
#134=B_SPLINE_CURVE_WITH_KNOTS('',3,(#4839,#4840,#4841,#4842),
 .UNSPECIFIED.,.F.,.F.,(4,4),(-1.30579072551458,-0.00117381884605787),
 .UNSPECIFIED.);
#135=B_SPLINE_CURVE_WITH_KNOTS('',3,(#4844,#4845,#4846,#4847),
 .UNSPECIFIED.,.F.,.F.,(4,4),(0.,0.000398121675227885),.UNSPECIFIED.);
#136=B_SPLINE_CURVE_WITH_KNOTS('',3,(#4906,#4907,#4908,#4909),
 .UNSPECIFIED.,.F.,.F.,(4,4),(0.,0.000705443055363628),.UNSPECIFIED.);
#137=B_SPLINE_CURVE_WITH_KNOTS('',3,(#4911,#4912,#4913,#4914,#4915,#4916),
 .UNSPECIFIED.,.F.,.F.,(4,2,4),(0.,0.0165647930340815,0.0325802923341854),
 .UNSPECIFIED.);
#138=B_SPLINE_CURVE_WITH_KNOTS('',3,(#4929,#4930,#4931,#4932,#4933,#4934),
 .UNSPECIFIED.,.F.,.F.,(4,2,4),(0.,0.0155131820134029,0.0310302636159447),
 .UNSPECIFIED.);
#139=B_SPLINE_CURVE_WITH_KNOTS('',3,(#4968,#4969,#4970,#4971,#4972,#4973),
 .UNSPECIFIED.,.F.,.F.,(4,2,4),(-0.0715869330674753,-0.0685844960455353,
-0.00350062248920481),.UNSPECIFIED.);
#140=B_SPLINE_CURVE_WITH_KNOTS('',3,(#4975,#4976,#4977,#4978,#4979,#4980),
 .UNSPECIFIED.,.F.,.F.,(4,2,4),(-0.019530984769844,6.54165774044593E-5,
0.0598400828734162),.UNSPECIFIED.);
#141=B_SPLINE_CURVE_WITH_KNOTS('',3,(#4982,#4983,#4984,#4985,#4986,#4987,
#4988),.UNSPECIFIED.,.F.,.F.,(4,3,4),(0.,0.0164722903952563,0.0325412799772337),
 .UNSPECIFIED.);
#142=B_SPLINE_CURVE_WITH_KNOTS('',3,(#4989,#4990,#4991,#4992),
 .UNSPECIFIED.,.F.,.F.,(4,4),(0.0334396668940874,0.0338377888060211),
 .UNSPECIFIED.);
#143=B_SPLINE_CURVE_WITH_KNOTS('',3,(#5009,#5010,#5011,#5012),
 .UNSPECIFIED.,.F.,.F.,(4,4),(-1.30464117360947,-2.42671068500712E-5),
 .UNSPECIFIED.);
#144=B_SPLINE_CURVE_WITH_KNOTS('',3,(#5013,#5014,#5015,#5016),
 .UNSPECIFIED.,.F.,.F.,(4,4),(0.00832274236538376,1.29707339394066),
 .UNSPECIFIED.);
#145=B_SPLINE_CURVE_WITH_KNOTS('',3,(#5027,#5028,#5029,#5030,#5031,#5032),
 .UNSPECIFIED.,.F.,.F.,(4,2,4),(-0.0310302447474259,-0.015516538403415,
0.),.UNSPECIFIED.);
#146=B_SPLINE_CURVE_WITH_KNOTS('',3,(#5069,#5070,#5071,#5072,#5073,#5074),
 .UNSPECIFIED.,.F.,.F.,(4,2,4),(0.,0.0166020189809733,0.0324507440764772),
 .UNSPECIFIED.);
#147=B_SPLINE_CURVE_WITH_KNOTS('',3,(#5092,#5093,#5094,#5095),
 .UNSPECIFIED.,.F.,.F.,(4,4),(0.00874159868129041,1.29749225026702),
 .UNSPECIFIED.);
#148=B_SPLINE_CURVE_WITH_KNOTS('',3,(#5096,#5097,#5098,#5099,#5100,#5101,
#5102),.UNSPECIFIED.,.F.,.F.,(4,3,4),(-0.0324919922404916,-0.0164161174099259,
0.),.UNSPECIFIED.);
#149=B_SPLINE_CURVE_WITH_KNOTS('',3,(#5135,#5136,#5137,#5138,#5139,#5140),
 .UNSPECIFIED.,.F.,.F.,(4,2,4),(0.00880584611408644,0.0685833808438208,
0.088180722474895),.UNSPECIFIED.);
#150=B_SPLINE_CURVE_WITH_KNOTS('',3,(#5141,#5142,#5143,#5144,#5145,#5146),
 .UNSPECIFIED.,.F.,.F.,(4,2,4),(-0.0651480105067993,-6.1013336879471E-5,
0.00294156739988171),.UNSPECIFIED.);
#151=B_SPLINE_CURVE_WITH_KNOTS('',3,(#5154,#5155,#5156,#5157,#5158,#5159),
 .UNSPECIFIED.,.F.,.F.,(4,2,4),(-0.0651480105062999,-6.10133366961889E-5,
0.00294156739976439),.UNSPECIFIED.);
#152=B_SPLINE_CURVE_WITH_KNOTS('',3,(#5164,#5165,#5166,#5167),
 .UNSPECIFIED.,.F.,.F.,(4,4),(0.0344105256252578,0.0351159696904069),
 .UNSPECIFIED.);
#153=B_SPLINE_CURVE_WITH_KNOTS('',3,(#5169,#5170,#5171,#5172),
 .UNSPECIFIED.,.F.,.F.,(4,4),(-1.30579072551524,-0.00117381884666301),
 .UNSPECIFIED.);
#154=B_SPLINE_CURVE_WITH_KNOTS('',3,(#5173,#5174,#5175,#5176),
 .UNSPECIFIED.,.F.,.F.,(4,4),(0.,0.000398121675191751),.UNSPECIFIED.);
#155=B_SPLINE_CURVE_WITH_KNOTS('',3,(#5218,#5219,#5220,#5221,#5222,#5223),
 .UNSPECIFIED.,.F.,.F.,(4,2,4),(0.,0.0155165543391166,0.0310302577548622),
 .UNSPECIFIED.);
#156=B_SPLINE_CURVE_WITH_KNOTS('',3,(#5236,#5237,#5238,#5239,#5240,#5241),
 .UNSPECIFIED.,.F.,.F.,(4,2,4),(0.,0.0166022901984342,0.0324507422848968),
 .UNSPECIFIED.);
#157=B_SPLINE_CURVE_WITH_KNOTS('',3,(#5280,#5281,#5282,#5283),
 .UNSPECIFIED.,.F.,.F.,(4,4),(0.,0.000705443055710178),.UNSPECIFIED.);
#158=B_SPLINE_CURVE_WITH_KNOTS('',3,(#5285,#5286,#5287,#5288,#5289,#5290),
 .UNSPECIFIED.,.F.,.F.,(4,2,4),(0.,0.0165631283333023,0.0325803624372342),
 .UNSPECIFIED.);
#159=B_SPLINE_CURVE_WITH_KNOTS('',3,(#5303,#5304,#5305,#5306,#5307,#5308),
 .UNSPECIFIED.,.F.,.F.,(4,2,4),(0.,0.015513114018741,0.0310302635943561),
 .UNSPECIFIED.);
#160=B_SPLINE_CURVE_WITH_KNOTS('',3,(#5342,#5343,#5344,#5345,#5346,#5347),
 .UNSPECIFIED.,.F.,.F.,(4,2,4),(-0.0715869330673823,-0.0685844960453374,
-0.00350062248884228),.UNSPECIFIED.);
#161=B_SPLINE_CURVE_WITH_KNOTS('',3,(#5349,#5350,#5351,#5352,#5353,#5354),
 .UNSPECIFIED.,.F.,.F.,(4,2,4),(-0.0195309847690092,6.54165772087216E-5,
0.0598400828729379),.UNSPECIFIED.);
#162=B_SPLINE_CURVE_WITH_KNOTS('',3,(#5356,#5357,#5358,#5359,#5360,#5361,
#5362),.UNSPECIFIED.,.F.,.F.,(4,3,4),(0.,0.016472290386453,0.0325412799581465),
 .UNSPECIFIED.);
#163=B_SPLINE_CURVE_WITH_KNOTS('',3,(#5363,#5364,#5365,#5366),
 .UNSPECIFIED.,.F.,.F.,(4,4),(0.0334396668930446,0.0338377888049579),
 .UNSPECIFIED.);
#164=B_SPLINE_CURVE_WITH_KNOTS('',3,(#5383,#5384,#5385,#5386),
 .UNSPECIFIED.,.F.,.F.,(4,4),(-1.30464117360934,-2.42671068543371E-5),
 .UNSPECIFIED.);
#165=B_SPLINE_CURVE_WITH_KNOTS('',3,(#5387,#5388,#5389,#5390),
 .UNSPECIFIED.,.F.,.F.,(4,4),(0.00832274236499895,1.29707339394006),
 .UNSPECIFIED.);
#166=B_SPLINE_CURVE_WITH_KNOTS('',3,(#5417,#5418,#5419,#5420),
 .UNSPECIFIED.,.F.,.F.,(4,4),(0.00874159868117496,1.29749225026694),
 .UNSPECIFIED.);
#167=B_SPLINE_CURVE_WITH_KNOTS('',3,(#5421,#5422,#5423,#5424,#5425,#5426,
#5427),.UNSPECIFIED.,.F.,.F.,(4,3,4),(0.,0.0162906683172432,0.0325427418739617),
 .UNSPECIFIED.);
#168=B_SPLINE_CURVE_WITH_KNOTS('',3,(#5460,#5461,#5462,#5463,#5464,#5465),
 .UNSPECIFIED.,.F.,.F.,(4,2,4),(0.00880584611313346,0.0685833808437036,
0.088180722477072),.UNSPECIFIED.);
#169=B_SPLINE_CURVE_WITH_KNOTS('',3,(#5470,#5471,#5472,#5473),
 .UNSPECIFIED.,.F.,.F.,(4,4),(0.034410525616701,0.0351159696816739),
 .UNSPECIFIED.);
#170=B_SPLINE_CURVE_WITH_KNOTS('',3,(#5475,#5476,#5477,#5478),
 .UNSPECIFIED.,.F.,.F.,(4,4),(-1.30579072551475,-0.00117381884618631),
 .UNSPECIFIED.);
#171=B_SPLINE_CURVE_WITH_KNOTS('',3,(#5480,#5481,#5482,#5483),
 .UNSPECIFIED.,.F.,.F.,(4,4),(0.,0.000398121675286134),.UNSPECIFIED.);
#172=B_SPLINE_CURVE_WITH_KNOTS('',3,(#5542,#5543,#5544,#5545),
 .UNSPECIFIED.,.F.,.F.,(4,4),(0.,0.000705443055854891),.UNSPECIFIED.);
#173=B_SPLINE_CURVE_WITH_KNOTS('',3,(#5547,#5548,#5549,#5550,#5551,#5552),
 .UNSPECIFIED.,.F.,.F.,(4,2,4),(0.,0.0165624291576671,0.0325803918622654),
 .UNSPECIFIED.);
#174=B_SPLINE_CURVE_WITH_KNOTS('',3,(#5565,#5566,#5567,#5568,#5569,#5570),
 .UNSPECIFIED.,.F.,.F.,(4,2,4),(0.,0.0155130854621726,0.0310302636077261),
 .UNSPECIFIED.);
#175=B_SPLINE_CURVE_WITH_KNOTS('',3,(#5604,#5605,#5606,#5607,#5608,#5609),
 .UNSPECIFIED.,.F.,.F.,(4,2,4),(-0.0715869330677928,-0.0685844960455511,
-0.00350062248906535),.UNSPECIFIED.);
#176=B_SPLINE_CURVE_WITH_KNOTS('',3,(#5611,#5612,#5613,#5614,#5615,#5616),
 .UNSPECIFIED.,.F.,.F.,(4,2,4),(-0.0195309847689391,6.54165774206188E-5,
0.0598400828727335),.UNSPECIFIED.);
#177=B_SPLINE_CURVE_WITH_KNOTS('',3,(#5618,#5619,#5620,#5621,#5622,#5623,
#5624),.UNSPECIFIED.,.F.,.F.,(4,3,4),(0.,0.0164722903878931,0.0325412799662724),
 .UNSPECIFIED.);
#178=B_SPLINE_CURVE_WITH_KNOTS('',3,(#5625,#5626,#5627,#5628),
 .UNSPECIFIED.,.F.,.F.,(4,4),(0.0334396668929856,0.0338377888048985),
 .UNSPECIFIED.);
#179=B_SPLINE_CURVE_WITH_KNOTS('',3,(#5645,#5646,#5647,#5648),
 .UNSPECIFIED.,.F.,.F.,(4,4),(-1.30464117360946,-2.42671068529718E-5),
 .UNSPECIFIED.);
#180=B_SPLINE_CURVE_WITH_KNOTS('',3,(#5649,#5650,#5651,#5652),
 .UNSPECIFIED.,.F.,.F.,(4,4),(0.00832274236559965,1.29707339394072),
 .UNSPECIFIED.);
#181=B_SPLINE_CURVE_WITH_KNOTS('',3,(#5663,#5664,#5665,#5666,#5667,#5668),
 .UNSPECIFIED.,.F.,.F.,(4,2,4),(-0.0310302448039418,-0.0155165070071289,
0.),.UNSPECIFIED.);
#182=B_SPLINE_CURVE_WITH_KNOTS('',3,(#5705,#5706,#5707,#5708,#5709,#5710),
 .UNSPECIFIED.,.F.,.F.,(4,2,4),(0.,0.0166012232543018,0.032450749374587),
 .UNSPECIFIED.);
#183=B_SPLINE_CURVE_WITH_KNOTS('',3,(#5728,#5729,#5730,#5731),
 .UNSPECIFIED.,.F.,.F.,(4,4),(0.00874159868113954,1.29749225026701),
 .UNSPECIFIED.);
#184=B_SPLINE_CURVE_WITH_KNOTS('',3,(#5732,#5733,#5734,#5735,#5736,#5737,
#5738),.UNSPECIFIED.,.F.,.F.,(4,3,4),(-0.0324920190200706,-0.0164151382521034,
0.),.UNSPECIFIED.);
#185=B_SPLINE_CURVE_WITH_KNOTS('',3,(#5771,#5772,#5773,#5774,#5775,#5776),
 .UNSPECIFIED.,.F.,.F.,(4,2,4),(0.0088058461138495,0.0685833808438608,0.0881807224755864),
 .UNSPECIFIED.);
#186=B_SPLINE_CURVE_WITH_KNOTS('',3,(#5777,#5778,#5779,#5780,#5781,#5782),
 .UNSPECIFIED.,.F.,.F.,(4,2,4),(-0.0651480105067286,-6.10133368998283E-5,
0.00294156739975839),.UNSPECIFIED.);
#187=B_SPLINE_CURVE_WITH_KNOTS('',3,(#5790,#5791,#5792,#5793,#5794,#5795),
 .UNSPECIFIED.,.F.,.F.,(4,2,4),(-0.0651480105061009,-6.10133365264014E-5,
0.00294156740000472),.UNSPECIFIED.);
#188=B_SPLINE_CURVE_WITH_KNOTS('',3,(#5800,#5801,#5802,#5803),
 .UNSPECIFIED.,.F.,.F.,(4,4),(0.0344105256233503,0.0351159696884252),
 .UNSPECIFIED.);
#189=B_SPLINE_CURVE_WITH_KNOTS('',3,(#5805,#5806,#5807,#5808),
 .UNSPECIFIED.,.F.,.F.,(4,4),(-1.30579072551431,-0.00117381884579909),
 .UNSPECIFIED.);
#190=B_SPLINE_CURVE_WITH_KNOTS('',3,(#5809,#5810,#5811,#5812),
 .UNSPECIFIED.,.F.,.F.,(4,4),(0.,0.000398121675232109),.UNSPECIFIED.);
#191=B_SPLINE_CURVE_WITH_KNOTS('',3,(#5854,#5855,#5856,#5857,#5858,#5859),
 .UNSPECIFIED.,.F.,.F.,(4,2,4),(0.,0.0155165384382471,0.0310302447879176),
 .UNSPECIFIED.);
#192=B_SPLINE_CURVE_WITH_KNOTS('',3,(#5872,#5873,#5874,#5875,#5876,#5877),
 .UNSPECIFIED.,.F.,.F.,(4,2,4),(0.,0.0166020189827361,0.0324507440818583),
 .UNSPECIFIED.);
#193=B_SPLINE_CURVE_WITH_KNOTS('',3,(#5916,#5917,#5918,#5919),
 .UNSPECIFIED.,.F.,.F.,(4,4),(0.,0.000705443055363977),.UNSPECIFIED.);
#194=B_SPLINE_CURVE_WITH_KNOTS('',3,(#5921,#5922,#5923,#5924,#5925,#5926),
 .UNSPECIFIED.,.F.,.F.,(4,2,4),(0.,0.0165647907567212,0.0325802924332083),
 .UNSPECIFIED.);
#195=B_SPLINE_CURVE_WITH_KNOTS('',3,(#5939,#5940,#5941,#5942,#5943,#5944),
 .UNSPECIFIED.,.F.,.F.,(4,2,4),(0.,0.0155131819125832,0.0310302635873956),
 .UNSPECIFIED.);
#196=B_SPLINE_CURVE_WITH_KNOTS('',3,(#5978,#5979,#5980,#5981,#5982,#5983),
 .UNSPECIFIED.,.F.,.F.,(4,2,4),(-0.0715869330672418,-0.0685844960451428,
-0.00350062248894213),.UNSPECIFIED.);
#197=B_SPLINE_CURVE_WITH_KNOTS('',3,(#5985,#5986,#5987,#5988,#5989,#5990),
 .UNSPECIFIED.,.F.,.F.,(4,2,4),(-0.0195309847709976,6.54165770324476E-5,
0.0598400828727271),.UNSPECIFIED.);
#198=B_SPLINE_CURVE_WITH_KNOTS('',3,(#5992,#5993,#5994,#5995,#5996,#5997,
#5998),.UNSPECIFIED.,.F.,.F.,(4,3,4),(0.,0.0164722903916213,0.0325412799809816),
 .UNSPECIFIED.);
#199=B_SPLINE_CURVE_WITH_KNOTS('',3,(#5999,#6000,#6001,#6002),
 .UNSPECIFIED.,.F.,.F.,(4,4),(0.0334396668944409,0.0338377888063557),
 .UNSPECIFIED.);
#200=B_SPLINE_CURVE_WITH_KNOTS('',3,(#6019,#6020,#6021,#6022),
 .UNSPECIFIED.,.F.,.F.,(4,4),(-1.30464117360946,-2.42671068486283E-5),
 .UNSPECIFIED.);
#201=B_SPLINE_CURVE_WITH_KNOTS('',3,(#6023,#6024,#6025,#6026),
 .UNSPECIFIED.,.F.,.F.,(4,4),(0.00832274236497845,1.29707339394037),
 .UNSPECIFIED.);
#202=B_SPLINE_CURVE_WITH_KNOTS('',3,(#6053,#6054,#6055,#6056),
 .UNSPECIFIED.,.F.,.F.,(4,4),(0.00874159868125285,1.29749225026749),
 .UNSPECIFIED.);
#203=B_SPLINE_CURVE_WITH_KNOTS('',3,(#6057,#6058,#6059,#6060,#6061,#6062,
#6063),.UNSPECIFIED.,.F.,.F.,(4,3,4),(-0.0324919922328619,-0.0164161174062739,
0.),.UNSPECIFIED.);
#204=B_SPLINE_CURVE_WITH_KNOTS('',3,(#6096,#6097,#6098,#6099,#6100,#6101),
 .UNSPECIFIED.,.F.,.F.,(4,2,4),(0.00880584611312336,0.0685833808434607,
0.0881807224765875),.UNSPECIFIED.);
#205=B_SPLINE_CURVE_WITH_KNOTS('',3,(#6106,#6107,#6108,#6109),
 .UNSPECIFIED.,.F.,.F.,(4,4),(0.0344105256299856,0.035115969695207),
 .UNSPECIFIED.);
#206=B_SPLINE_CURVE_WITH_KNOTS('',3,(#6111,#6112,#6113,#6114),
 .UNSPECIFIED.,.F.,.F.,(4,4),(-1.30579072551454,-0.00117381884600261),
 .UNSPECIFIED.);
#207=B_SPLINE_CURVE_WITH_KNOTS('',3,(#6116,#6117,#6118,#6119),
 .UNSPECIFIED.,.F.,.F.,(4,4),(0.,0.000398121675182915),.UNSPECIFIED.);
#208=B_SPLINE_CURVE_WITH_KNOTS('',3,(#6178,#6179,#6180,#6181),
 .UNSPECIFIED.,.F.,.F.,(4,4),(0.,0.000705443055702782),.UNSPECIFIED.);
#209=B_SPLINE_CURVE_WITH_KNOTS('',3,(#6183,#6184,#6185,#6186,#6187,#6188),
 .UNSPECIFIED.,.F.,.F.,(4,2,4),(0.,0.016563131675495,0.0325803623123008),
 .UNSPECIFIED.);
#210=B_SPLINE_CURVE_WITH_KNOTS('',3,(#6201,#6202,#6203,#6204,#6205,#6206),
 .UNSPECIFIED.,.F.,.F.,(4,2,4),(0.,0.0155131141594471,0.0310302636262394),
 .UNSPECIFIED.);
#211=B_SPLINE_CURVE_WITH_KNOTS('',3,(#6240,#6241,#6242,#6243,#6244,#6245),
 .UNSPECIFIED.,.F.,.F.,(4,2,4),(-0.0715869330676467,-0.0685844960454731,
-0.00350062248907023),.UNSPECIFIED.);
#212=B_SPLINE_CURVE_WITH_KNOTS('',3,(#6247,#6248,#6249,#6250,#6251,#6252),
 .UNSPECIFIED.,.F.,.F.,(4,2,4),(-0.0195309847695832,6.54165773428927E-5,
0.059840082872834),.UNSPECIFIED.);
#213=B_SPLINE_CURVE_WITH_KNOTS('',3,(#6254,#6255,#6256,#6257,#6258,#6259,
#6260),.UNSPECIFIED.,.F.,.F.,(4,3,4),(0.,0.0164722903889194,0.0325412799677508),
 .UNSPECIFIED.);
#214=B_SPLINE_CURVE_WITH_KNOTS('',3,(#6261,#6262,#6263,#6264),
 .UNSPECIFIED.,.F.,.F.,(4,4),(0.0334396668943972,0.0338377888063392),
 .UNSPECIFIED.);
#215=B_SPLINE_CURVE_WITH_KNOTS('',3,(#6281,#6282,#6283,#6284),
 .UNSPECIFIED.,.F.,.F.,(4,4),(-1.30464117360927,-2.42671068485941E-5),
 .UNSPECIFIED.);
#216=B_SPLINE_CURVE_WITH_KNOTS('',3,(#6285,#6286,#6287,#6288),
 .UNSPECIFIED.,.F.,.F.,(4,4),(0.00832274236360487,1.29707339393912),
 .UNSPECIFIED.);
#217=B_SPLINE_CURVE_WITH_KNOTS('',3,(#6299,#6300,#6301,#6302,#6303,#6304),
 .UNSPECIFIED.,.F.,.F.,(4,2,4),(-0.0310302577201174,-0.0155165717243553,
0.),.UNSPECIFIED.);
#218=B_SPLINE_CURVE_WITH_KNOTS('',3,(#6341,#6342,#6343,#6344,#6345,#6346),
 .UNSPECIFIED.,.F.,.F.,(4,2,4),(0.,0.0166027309910629,0.0324507393565685),
 .UNSPECIFIED.);
#219=B_SPLINE_CURVE_WITH_KNOTS('',3,(#6364,#6365,#6366,#6367),
 .UNSPECIFIED.,.F.,.F.,(4,4),(0.00874159868119836,1.29749225026716),
 .UNSPECIFIED.);
#220=B_SPLINE_CURVE_WITH_KNOTS('',3,(#6368,#6369,#6370,#6371,#6372,#6373,
#6374),.UNSPECIFIED.,.F.,.F.,(4,3,4),(0.,0.0162906683176945,0.0325427418631194),
 .UNSPECIFIED.);
#221=B_SPLINE_CURVE_WITH_KNOTS('',3,(#6407,#6408,#6409,#6410,#6411,#6412),
 .UNSPECIFIED.,.F.,.F.,(4,2,4),(0.00880584611287542,0.0685833808437984,
0.0881807224762309),.UNSPECIFIED.);
#222=B_SPLINE_CURVE_WITH_KNOTS('',3,(#6413,#6414,#6415,#6416,#6417,#6418),
 .UNSPECIFIED.,.F.,.F.,(4,2,4),(-0.0651480105065321,-6.10133368133465E-5,
0.0029415673994616),.UNSPECIFIED.);
#223=B_SPLINE_CURVE_WITH_KNOTS('',3,(#6426,#6427,#6428,#6429,#6430,#6431),
 .UNSPECIFIED.,.F.,.F.,(4,2,4),(-0.0651480105071125,-6.10133372673126E-5,
0.00294156739945978),.UNSPECIFIED.);
#224=B_SPLINE_CURVE_WITH_KNOTS('',3,(#6436,#6437,#6438,#6439),
 .UNSPECIFIED.,.F.,.F.,(4,4),(0.0344105256249758,0.0351159696900912),
 .UNSPECIFIED.);
#225=B_SPLINE_CURVE_WITH_KNOTS('',3,(#6441,#6442,#6443,#6444),
 .UNSPECIFIED.,.F.,.F.,(4,4),(-1.30579072551475,-0.00117381884621348),
 .UNSPECIFIED.);
#226=B_SPLINE_CURVE_WITH_KNOTS('',3,(#6445,#6446,#6447,#6448),
 .UNSPECIFIED.,.F.,.F.,(4,4),(0.,0.00039812167520648),.UNSPECIFIED.);
#227=B_SPLINE_CURVE_WITH_KNOTS('',3,(#6490,#6491,#6492,#6493,#6494,#6495),
 .UNSPECIFIED.,.F.,.F.,(4,2,4),(0.,0.0155165574439259,0.0310302577473269),
 .UNSPECIFIED.);
#228=B_SPLINE_CURVE_WITH_KNOTS('',3,(#6508,#6509,#6510,#6511,#6512,#6513),
 .UNSPECIFIED.,.F.,.F.,(4,2,4),(0.,0.0166023693411829,0.032450741748761),
 .UNSPECIFIED.);
#229=B_SPLINE_CURVE_WITH_KNOTS('',3,(#6552,#6553,#6554,#6555),
 .UNSPECIFIED.,.F.,.F.,(4,4),(0.,0.000705443055848643),.UNSPECIFIED.);
#230=B_SPLINE_CURVE_WITH_KNOTS('',3,(#6557,#6558,#6559,#6560,#6561,#6562),
 .UNSPECIFIED.,.F.,.F.,(4,2,4),(0.,0.0165624291669196,0.0325803918867723),
 .UNSPECIFIED.);
#231=B_SPLINE_CURVE_WITH_KNOTS('',3,(#6575,#6576,#6577,#6578,#6579,#6580),
 .UNSPECIFIED.,.F.,.F.,(4,2,4),(0.,0.0155130854498384,0.0310302635733185),
 .UNSPECIFIED.);
#232=B_SPLINE_CURVE_WITH_KNOTS('',3,(#6614,#6615,#6616,#6617,#6618,#6619),
 .UNSPECIFIED.,.F.,.F.,(4,2,4),(-0.0715869330681584,-0.0685844960459427,
-0.00350062248964363),.UNSPECIFIED.);
#233=B_SPLINE_CURVE_WITH_KNOTS('',3,(#6621,#6622,#6623,#6624,#6625,#6626),
 .UNSPECIFIED.,.F.,.F.,(4,2,4),(-0.0195309847696922,6.5416577819781E-5,
0.0598400828732257),.UNSPECIFIED.);
#234=B_SPLINE_CURVE_WITH_KNOTS('',3,(#6628,#6629,#6630,#6631,#6632,#6633,
#6634),.UNSPECIFIED.,.F.,.F.,(4,3,4),(0.,0.0164722903875913,0.0325412799553897),
 .UNSPECIFIED.);
#235=B_SPLINE_CURVE_WITH_KNOTS('',3,(#6635,#6636,#6637,#6638),
 .UNSPECIFIED.,.F.,.F.,(4,4),(0.0334396668957469,0.0338377888076883),
 .UNSPECIFIED.);
#236=B_SPLINE_CURVE_WITH_KNOTS('',3,(#6655,#6656,#6657,#6658),
 .UNSPECIFIED.,.F.,.F.,(4,4),(-1.3046411736095,-2.42671068562513E-5),
 .UNSPECIFIED.);
#237=B_SPLINE_CURVE_WITH_KNOTS('',3,(#6659,#6660,#6661,#6662),
 .UNSPECIFIED.,.F.,.F.,(4,4),(0.00832274236547362,1.29707339394092),
 .UNSPECIFIED.);
#238=B_SPLINE_CURVE_WITH_KNOTS('',3,(#6689,#6690,#6691,#6692),
 .UNSPECIFIED.,.F.,.F.,(4,4),(0.00874159868125532,1.29749225026698),
 .UNSPECIFIED.);
#239=B_SPLINE_CURVE_WITH_KNOTS('',3,(#6693,#6694,#6695,#6696,#6697,#6698,
#6699),.UNSPECIFIED.,.F.,.F.,(4,3,4),(0.,0.0162906683168228,0.0325427418764568),
 .UNSPECIFIED.);
#240=B_SPLINE_CURVE_WITH_KNOTS('',3,(#6732,#6733,#6734,#6735,#6736,#6737),
 .UNSPECIFIED.,.F.,.F.,(4,2,4),(0.00880584611436065,0.0685833808442872,
0.0881807224763032),.UNSPECIFIED.);
#241=B_SPLINE_CURVE_WITH_KNOTS('',3,(#6742,#6743,#6744,#6745),
 .UNSPECIFIED.,.F.,.F.,(4,4),(0.0344105256242236,0.0351159696893135),
 .UNSPECIFIED.);
#242=B_SPLINE_CURVE_WITH_KNOTS('',3,(#6747,#6748,#6749,#6750),
 .UNSPECIFIED.,.F.,.F.,(4,4),(-1.30579072551431,-0.00117381884578562),
 .UNSPECIFIED.);
#243=B_SPLINE_CURVE_WITH_KNOTS('',3,(#6752,#6753,#6754,#6755),
 .UNSPECIFIED.,.F.,.F.,(4,4),(0.,0.000398121675232606),.UNSPECIFIED.);
#244=B_SPLINE_CURVE_WITH_KNOTS('',3,(#6814,#6815,#6816,#6817),
 .UNSPECIFIED.,.F.,.F.,(4,4),(0.,0.000705443055371814),.UNSPECIFIED.);
#245=B_SPLINE_CURVE_WITH_KNOTS('',3,(#6819,#6820,#6821,#6822,#6823,#6824),
 .UNSPECIFIED.,.F.,.F.,(4,2,4),(0.,0.0165647907524163,0.0325802924221621),
 .UNSPECIFIED.);
#246=B_SPLINE_CURVE_WITH_KNOTS('',3,(#6837,#6838,#6839,#6840,#6841,#6842),
 .UNSPECIFIED.,.F.,.F.,(4,2,4),(0.,0.0155131819213181,0.0310302636004595),
 .UNSPECIFIED.);
#247=B_SPLINE_CURVE_WITH_KNOTS('',3,(#6876,#6877,#6878,#6879,#6880,#6881),
 .UNSPECIFIED.,.F.,.F.,(4,2,4),(-0.0715869330682213,-0.068584496046103,
-0.00350062248971244),.UNSPECIFIED.);
#248=B_SPLINE_CURVE_WITH_KNOTS('',3,(#6883,#6884,#6885,#6886,#6887,#6888),
 .UNSPECIFIED.,.F.,.F.,(4,2,4),(-0.0195309847689647,6.54165779699311E-5,
0.0598400828735828),.UNSPECIFIED.);
#249=B_SPLINE_CURVE_WITH_KNOTS('',3,(#6890,#6891,#6892,#6893,#6894,#6895,
#6896),.UNSPECIFIED.,.F.,.F.,(4,3,4),(0.,0.0164722903887789,0.0325412799544468),
 .UNSPECIFIED.);
#250=B_SPLINE_CURVE_WITH_KNOTS('',3,(#6897,#6898,#6899,#6900),
 .UNSPECIFIED.,.F.,.F.,(4,4),(0.0334396668939657,0.0338377888058919),
 .UNSPECIFIED.);
#251=B_SPLINE_CURVE_WITH_KNOTS('',3,(#6917,#6918,#6919,#6920),
 .UNSPECIFIED.,.F.,.F.,(4,4),(-1.30464117360947,-2.42671068520431E-5),
 .UNSPECIFIED.);
#252=B_SPLINE_CURVE_WITH_KNOTS('',3,(#6921,#6922,#6923,#6924),
 .UNSPECIFIED.,.F.,.F.,(4,4),(0.00832274236490627,1.29707339394054),
 .UNSPECIFIED.);
#253=B_SPLINE_CURVE_WITH_KNOTS('',3,(#6935,#6936,#6937,#6938,#6939,#6940),
 .UNSPECIFIED.,.F.,.F.,(4,2,4),(-0.0310302447338923,-0.0155165384130203,
0.),.UNSPECIFIED.);
#254=B_SPLINE_CURVE_WITH_KNOTS('',3,(#6977,#6978,#6979,#6980,#6981,#6982),
 .UNSPECIFIED.,.F.,.F.,(4,2,4),(0.,0.0166020189824318,0.0324507440688183),
 .UNSPECIFIED.);
#255=B_SPLINE_CURVE_WITH_KNOTS('',3,(#7000,#7001,#7002,#7003),
 .UNSPECIFIED.,.F.,.F.,(4,4),(0.00874159868114823,1.29749225026715),
 .UNSPECIFIED.);
#256=B_SPLINE_CURVE_WITH_KNOTS('',3,(#7004,#7005,#7006,#7007,#7008,#7009,
#7010),.UNSPECIFIED.,.F.,.F.,(4,3,4),(-0.032491992234064,-0.0164161174088267,
0.),.UNSPECIFIED.);
#257=B_SPLINE_CURVE_WITH_KNOTS('',3,(#7043,#7044,#7045,#7046,#7047,#7048),
 .UNSPECIFIED.,.F.,.F.,(4,2,4),(0.00880584611481913,0.0685833808444369,
0.0881807224778981),.UNSPECIFIED.);
#258=B_SPLINE_CURVE_WITH_KNOTS('',3,(#7049,#7050,#7051,#7052,#7053,#7054),
 .UNSPECIFIED.,.F.,.F.,(4,2,4),(-0.0651480105070427,-6.10133374039355E-5,
0.00294156739949213),.UNSPECIFIED.);
#259=B_SPLINE_CURVE_WITH_KNOTS('',3,(#7062,#7063,#7064,#7065,#7066,#7067),
 .UNSPECIFIED.,.F.,.F.,(4,2,4),(-0.0651480104455618,-6.10132760174516E-5,
0.00294156746076744),.UNSPECIFIED.);
#260=B_SPLINE_CURVE_WITH_KNOTS('',3,(#7072,#7073,#7074,#7075),
 .UNSPECIFIED.,.F.,.F.,(4,4),(0.034410525629052,0.0351159696942644),
 .UNSPECIFIED.);
#261=B_SPLINE_CURVE_WITH_KNOTS('',3,(#7077,#7078,#7079,#7080),
 .UNSPECIFIED.,.F.,.F.,(4,4),(-1.30579072552052,-0.00117381884587091),
 .UNSPECIFIED.);
#262=B_SPLINE_CURVE_WITH_KNOTS('',3,(#7081,#7082,#7083,#7084),
 .UNSPECIFIED.,.F.,.F.,(4,4),(0.,0.000398121675178828),.UNSPECIFIED.);
#263=B_SPLINE_CURVE_WITH_KNOTS('',3,(#7134,#7135,#7136,#7137,#7138,#7139),
 .UNSPECIFIED.,.F.,.F.,(4,2,4),(0.00880584605314122,0.0685833807831358,
0.0881807224177182),.UNSPECIFIED.);
#264=B_SPLINE_CURVE_WITH_KNOTS('',3,(#7140,#7141,#7142,#7143,#7144,#7145,
#7146),.UNSPECIFIED.,.F.,.F.,(4,3,4),(-0.0325427418535458,-0.0162906683146768,
0.),.UNSPECIFIED.);
#265=B_SPLINE_CURVE_WITH_KNOTS('',3,(#7172,#7173,#7174,#7175,#7176,#7177),
 .UNSPECIFIED.,.F.,.F.,(4,2,4),(0.,0.0155165717265939,0.0310302577293045),
 .UNSPECIFIED.);
#266=B_SPLINE_CURVE_WITH_KNOTS('',3,(#7190,#7191,#7192,#7193,#7194,#7195),
 .UNSPECIFIED.,.F.,.F.,(4,2,4),(0.,0.0166027309876224,0.0324507393341113),
 .UNSPECIFIED.);
#267=B_SPLINE_CURVE_WITH_KNOTS('',3,(#7229,#7230,#7231,#7232,#7233,#7234),
 .UNSPECIFIED.,.F.,.F.,(4,2,4),(-0.0715869330023463,-0.0685844959803352,
-0.00350062242366908),.UNSPECIFIED.);
#268=B_SPLINE_CURVE_WITH_KNOTS('',3,(#7236,#7237,#7238,#7239,#7240,#7241),
 .UNSPECIFIED.,.F.,.F.,(4,2,4),(-0.0195309848334076,6.5416512140418E-5,
0.0598400828079962),.UNSPECIFIED.);
#269=B_SPLINE_CURVE_WITH_KNOTS('',3,(#7243,#7244,#7245,#7246,#7247,#7248,
#7249),.UNSPECIFIED.,.F.,.F.,(4,3,4),(0.,0.0164722903890293,0.0325412799592665),
 .UNSPECIFIED.);
#270=B_SPLINE_CURVE_WITH_KNOTS('',3,(#7250,#7251,#7252,#7253),
 .UNSPECIFIED.,.F.,.F.,(4,4),(0.0334396668941983,0.033837788806123),
 .UNSPECIFIED.);
#271=B_SPLINE_CURVE_WITH_KNOTS('',3,(#7271,#7272,#7273,#7274),
 .UNSPECIFIED.,.F.,.F.,(4,4),(-1.30464117367751,-2.42671691776664E-5),
 .UNSPECIFIED.);
#272=B_SPLINE_CURVE_WITH_KNOTS('',3,(#7276,#7277,#7278,#7279),
 .UNSPECIFIED.,.F.,.F.,(4,4),(0.00832274242523032,1.29707339400679),
 .UNSPECIFIED.);
#273=B_SPLINE_CURVE_WITH_KNOTS('',3,(#7280,#7281,#7282,#7283,#7284,#7285),
 .UNSPECIFIED.,.F.,.F.,(4,2,4),(-0.0325803623265703,-0.0165631316785158,
0.),.UNSPECIFIED.);
#274=B_SPLINE_CURVE_WITH_KNOTS('',3,(#7323,#7324,#7325,#7326),
 .UNSPECIFIED.,.F.,.F.,(4,4),(0.,0.000705443055698749),.UNSPECIFIED.);
#275=B_SPLINE_CURVE_WITH_KNOTS('',3,(#7339,#7340,#7341,#7342,#7343,#7344),
 .UNSPECIFIED.,.F.,.F.,(4,2,4),(0.,0.0155131141563725,0.031030263606601),
 .UNSPECIFIED.);
#276=B_SPLINE_CURVE_WITH_KNOTS('',3,(#7370,#7371,#7372,#7373),
 .UNSPECIFIED.,.F.,.F.,(4,4),(0.00874159868026721,1.29749225027207),
 .UNSPECIFIED.);
#277=B_SPLINE_CURVE_WITH_KNOTS('',3,(#7379,#7380,#7381,#7382,#7383,#7384),
 .UNSPECIFIED.,.F.,.F.,(4,2,4),(-0.0650870702735686,0.,0.00300258421362686),
 .UNSPECIFIED.);
#278=B_SPLINE_CURVE_WITH_KNOTS('',3,(#7389,#7390,#7391,#7392),
 .UNSPECIFIED.,.F.,.F.,(4,4),(0.034410525626995,0.0351159696921421),
 .UNSPECIFIED.);
#279=B_SPLINE_CURVE_WITH_KNOTS('',3,(#7394,#7395,#7396,#7397),
 .UNSPECIFIED.,.F.,.F.,(4,4),(-1.305780925518,-0.00117380875871925),
 .UNSPECIFIED.);
#280=B_SPLINE_CURVE_WITH_KNOTS('',3,(#7398,#7399,#7400,#7401),
 .UNSPECIFIED.,.F.,.F.,(4,4),(0.,0.000398121675207802),.UNSPECIFIED.);
#281=B_SPLINE_CURVE_WITH_KNOTS('',3,(#7452,#7453,#7454,#7455,#7456,#7457),
 .UNSPECIFIED.,.F.,.F.,(4,2,4),(0.00874484286247374,0.0685224443436969,
0.0881198072351078),.UNSPECIFIED.);
#282=B_SPLINE_CURVE_WITH_KNOTS('',3,(#7458,#7459,#7460,#7461,#7462,#7463,
#7464),.UNSPECIFIED.,.F.,.F.,(4,3,4),(-0.0325427418848757,-0.0162906683168344,
0.),.UNSPECIFIED.);
#283=B_SPLINE_CURVE_WITH_KNOTS('',3,(#7490,#7491,#7492,#7493,#7494,#7495),
 .UNSPECIFIED.,.F.,.F.,(4,2,4),(0.,0.015516557454081,0.0310302577275601),
 .UNSPECIFIED.);
#284=B_SPLINE_CURVE_WITH_KNOTS('',3,(#7508,#7509,#7510,#7511,#7512,#7513),
 .UNSPECIFIED.,.F.,.F.,(4,2,4),(0.,0.0166023693855407,0.0324507416848396),
 .UNSPECIFIED.);
#285=B_SPLINE_CURVE_WITH_KNOTS('',3,(#7547,#7548,#7549,#7550,#7551,#7552),
 .UNSPECIFIED.,.F.,.F.,(4,2,4),(-0.0195964226037405,0.,0.0597747330440936),
 .UNSPECIFIED.);
#286=B_SPLINE_CURVE_WITH_KNOTS('',3,(#7553,#7554,#7555,#7556,#7557,#7558,
#7559),.UNSPECIFIED.,.F.,.F.,(4,3,4),(-0.0324971614991674,-0.0162283948232867,
0.),.UNSPECIFIED.);
#287=B_SPLINE_CURVE_WITH_KNOTS('',3,(#7577,#7578,#7579,#7580),
 .UNSPECIFIED.,.F.,.F.,(4,4),(0.0082207412785014,1.29696172222827),
 .UNSPECIFIED.);
#288=B_SPLINE_CURVE_WITH_KNOTS('',3,(#7581,#7582,#7583,#7584,#7585,#7586),
 .UNSPECIFIED.,.F.,.F.,(4,2,4),(-0.0325800925049413,-0.0165695408310919,
0.),.UNSPECIFIED.);
#289=B_SPLINE_CURVE_WITH_KNOTS('',3,(#7623,#7624,#7625,#7626,#7627,#7628),
 .UNSPECIFIED.,.F.,.F.,(4,2,4),(0.,0.015513375869508,0.0310302610456701),
 .UNSPECIFIED.);
#290=B_SPLINE_CURVE_WITH_KNOTS('',3,(#7651,#7652,#7653,#7654),
 .UNSPECIFIED.,.F.,.F.,(4,4),(0.00874153412695349,1.29748251508665),
 .UNSPECIFIED.);
#291=(
BOUNDED_CURVE()
B_SPLINE_CURVE(3,(#3554,#3555,#3556,#3557,#3558,#3559,#3560,#3561,#3562,
#3563,#3564),.UNSPECIFIED.,.F.,.F.)
B_SPLINE_CURVE_WITH_KNOTS((4,2,3,2,4),(-0.0798119094478047,-0.0589610798607062,
-0.0381102502736076,-0.0191987330781546,-0.00562506215915259),
 .UNSPECIFIED.)
CURVE()
GEOMETRIC_REPRESENTATION_ITEM()
RATIONAL_B_SPLINE_CURVE((1.,1.,1.,1.,1.,1.,1.,1.,1.,1.,1.))
REPRESENTATION_ITEM('')
);
#292=(
BOUNDED_CURVE()
B_SPLINE_CURVE(3,(#3573,#3574,#3575,#3576,#3577,#3578,#3579,#3580,#3581,
#3582,#3583),.UNSPECIFIED.,.F.,.F.)
B_SPLINE_CURVE_WITH_KNOTS((4,2,3,2,4),(0.00812542883708953,0.0191987330781546,
0.0381102502736076,0.0589610798607062,0.0682933634149014),.UNSPECIFIED.)
CURVE()
GEOMETRIC_REPRESENTATION_ITEM()
RATIONAL_B_SPLINE_CURVE((1.,1.,1.,1.,1.,1.,1.,1.,1.,1.,1.))
REPRESENTATION_ITEM('')
);
#293=(
BOUNDED_CURVE()
B_SPLINE_CURVE(3,(#3621,#3622,#3623,#3624,#3625,#3626,#3627,#3628,#3629,
#3630,#3631),.UNSPECIFIED.,.F.,.F.)
B_SPLINE_CURVE_WITH_KNOTS((4,2,3,2,4),(-0.0711288712945304,-0.0575552010238978,
-0.0386436837144198,-0.017792853766574,0.00305797618127188),
 .UNSPECIFIED.)
CURVE()
GEOMETRIC_REPRESENTATION_ITEM()
RATIONAL_B_SPLINE_CURVE((1.,1.,1.,1.,1.,1.,1.,1.,1.,1.,1.))
REPRESENTATION_ITEM('')
);
#294=(
BOUNDED_CURVE()
B_SPLINE_CURVE(3,(#3645,#3646,#3647,#3648,#3649,#3650,#3651,#3652,#3653,
#3654,#3655),.UNSPECIFIED.,.F.,.F.)
B_SPLINE_CURVE_WITH_KNOTS((4,2,3,2,4),(0.00846057038707714,0.017792853766574,
0.0386436837144198,0.0575552010238978,0.0686285054427803),.UNSPECIFIED.)
CURVE()
GEOMETRIC_REPRESENTATION_ITEM()
RATIONAL_B_SPLINE_CURVE((1.,1.,1.,1.,1.,1.,1.,1.,1.,1.,1.))
REPRESENTATION_ITEM('')
);
#295=(
BOUNDED_CURVE()
B_SPLINE_CURVE(2,(#3756,#3757,#3758),.UNSPECIFIED.,.F.,.F.)
B_SPLINE_CURVE_WITH_KNOTS((3,3),(0.000475085800291981,0.00150512841117656),
 .UNSPECIFIED.)
CURVE()
GEOMETRIC_REPRESENTATION_ITEM()
RATIONAL_B_SPLINE_CURVE((1.00002436909459,1.00005078089483,1.00007716776247))
REPRESENTATION_ITEM('')
);
#296=(
BOUNDED_CURVE()
B_SPLINE_CURVE(2,(#3766,#3767,#3768),.UNSPECIFIED.,.F.,.F.)
B_SPLINE_CURVE_WITH_KNOTS((3,3),(2.18175187854874,2.18278192091345),
 .UNSPECIFIED.)
CURVE()
GEOMETRIC_REPRESENTATION_ITEM()
RATIONAL_B_SPLINE_CURVE((1.000077167748,1.00005078088753,1.00002436909448))
REPRESENTATION_ITEM('')
);
#297=(
BOUNDED_CURVE()
B_SPLINE_CURVE(2,(#3882,#3883,#3884),.UNSPECIFIED.,.F.,.F.)
B_SPLINE_CURVE_WITH_KNOTS((3,3),(2.18175187854879,2.18278192091349),
 .UNSPECIFIED.)
CURVE()
GEOMETRIC_REPRESENTATION_ITEM()
RATIONAL_B_SPLINE_CURVE((1.000077167748,1.00005078088753,1.00002436909448))
REPRESENTATION_ITEM('')
);
#298=(
BOUNDED_CURVE()
B_SPLINE_CURVE(3,(#3885,#3886,#3887,#3888,#3889,#3890,#3891,#3892,#3893,
#3894,#3895),.UNSPECIFIED.,.F.,.F.)
B_SPLINE_CURVE_WITH_KNOTS((4,2,3,2,4),(-0.0798119094479082,-0.0589610798607514,
-0.0381102502735946,-0.0191987330781484,-0.00562506215914538),
 .UNSPECIFIED.)
CURVE()
GEOMETRIC_REPRESENTATION_ITEM()
RATIONAL_B_SPLINE_CURVE((1.,1.,1.,1.,1.,1.,1.,1.,1.,1.,1.))
REPRESENTATION_ITEM('')
);
#299=(
BOUNDED_CURVE()
B_SPLINE_CURVE(3,(#3966,#3967,#3968,#3969,#3970,#3971,#3972,#3973,#3974,
#3975,#3976),.UNSPECIFIED.,.F.,.F.)
B_SPLINE_CURVE_WITH_KNOTS((4,2,3,2,4),(-0.070282695978968,-0.056713987829873,
-0.0378093252199153,-0.0169660693889437,0.00387718644202798),
 .UNSPECIFIED.)
CURVE()
GEOMETRIC_REPRESENTATION_ITEM()
RATIONAL_B_SPLINE_CURVE((1.,1.,1.,1.,1.,1.,1.,1.,1.,1.,1.))
REPRESENTATION_ITEM('')
);
#300=(
BOUNDED_CURVE()
B_SPLINE_CURVE(2,(#3977,#3978,#3979),.UNSPECIFIED.,.F.,.F.)
B_SPLINE_CURVE_WITH_KNOTS((3,3),(0.,0.00102672276344472),.UNSPECIFIED.)
CURVE()
GEOMETRIC_REPRESENTATION_ITEM()
RATIONAL_B_SPLINE_CURVE((1.,1.00002621784502,1.00005241074789))
REPRESENTATION_ITEM('')
);
#301=(
BOUNDED_CURVE()
B_SPLINE_CURVE(3,(#4038,#4039,#4040,#4041,#4042,#4043,#4044,#4045,#4046,
#4047,#4048),.UNSPECIFIED.,.F.,.F.)
B_SPLINE_CURVE_WITH_KNOTS((4,2,3,2,4),(-0.0711288712948949,-0.0575552010238964,
-0.038643683714395,-0.0177928537666881,0.00305797618101883),
 .UNSPECIFIED.)
CURVE()
GEOMETRIC_REPRESENTATION_ITEM()
RATIONAL_B_SPLINE_CURVE((1.,1.,1.,1.,1.,1.,1.,1.,1.,1.,1.))
REPRESENTATION_ITEM('')
);
#302=(
BOUNDED_CURVE()
B_SPLINE_CURVE(3,(#4062,#4063,#4064,#4065,#4066,#4067,#4068,#4069,#4070,
#4071,#4072),.UNSPECIFIED.,.F.,.F.)
B_SPLINE_CURVE_WITH_KNOTS((4,2,3,2,4),(0.00846057038654243,0.0177928537666881,
0.038643683714395,0.0575552010238964,0.0686285054432457),.UNSPECIFIED.)
CURVE()
GEOMETRIC_REPRESENTATION_ITEM()
RATIONAL_B_SPLINE_CURVE((1.,1.,1.,1.,1.,1.,1.,1.,1.,1.,1.))
REPRESENTATION_ITEM('')
);
#303=(
BOUNDED_CURVE()
B_SPLINE_CURVE(2,(#4170,#4171,#4172),.UNSPECIFIED.,.F.,.F.)
B_SPLINE_CURVE_WITH_KNOTS((3,3),(0.000475085800293625,0.00150512841117634),
 .UNSPECIFIED.)
CURVE()
GEOMETRIC_REPRESENTATION_ITEM()
RATIONAL_B_SPLINE_CURVE((1.00002436909459,1.00005078089483,1.00007716776247))
REPRESENTATION_ITEM('')
);
#304=(
BOUNDED_CURVE()
B_SPLINE_CURVE(3,(#4210,#4211,#4212,#4213,#4214,#4215,#4216,#4217,#4218,
#4219,#4220),.UNSPECIFIED.,.F.,.F.)
B_SPLINE_CURVE_WITH_KNOTS((4,2,3,2,4),(0.00812542883707078,0.0191987330781484,
0.0381102502735946,0.0589610798607514,0.068293363414688),.UNSPECIFIED.)
CURVE()
GEOMETRIC_REPRESENTATION_ITEM()
RATIONAL_B_SPLINE_CURVE((1.,1.,1.,1.,1.,1.,1.,1.,1.,1.,1.))
REPRESENTATION_ITEM('')
);
#305=(
BOUNDED_CURVE()
B_SPLINE_CURVE(2,(#4543,#4544,#4545),.UNSPECIFIED.,.F.,.F.)
B_SPLINE_CURVE_WITH_KNOTS((3,3),(2.18175187854792,2.18278192091264),
 .UNSPECIFIED.)
CURVE()
GEOMETRIC_REPRESENTATION_ITEM()
RATIONAL_B_SPLINE_CURVE((1.000077167748,1.00005078088753,1.00002436909448))
REPRESENTATION_ITEM('')
);
#306=(
BOUNDED_CURVE()
B_SPLINE_CURVE(3,(#4546,#4547,#4548,#4549,#4550,#4551,#4552,#4553,#4554,
#4555,#4556),.UNSPECIFIED.,.F.,.F.)
B_SPLINE_CURVE_WITH_KNOTS((4,2,3,2,4),(-0.0798119094478102,-0.0589610798607058,
-0.0381102502736015,-0.0191987330781455,-0.00562506215894949),
 .UNSPECIFIED.)
CURVE()
GEOMETRIC_REPRESENTATION_ITEM()
RATIONAL_B_SPLINE_CURVE((1.,1.,1.,1.,1.,1.,1.,1.,1.,1.,1.))
REPRESENTATION_ITEM('')
);
#307=(
BOUNDED_CURVE()
B_SPLINE_CURVE(3,(#4589,#4590,#4591,#4592,#4593,#4594,#4595,#4596,#4597,
#4598,#4599),.UNSPECIFIED.,.F.,.F.)
B_SPLINE_CURVE_WITH_KNOTS((4,2,3,2,4),(0.00812542883681174,0.0191987330781455,
0.0381102502736015,0.0589610798607058,0.0682933634148698),.UNSPECIFIED.)
CURVE()
GEOMETRIC_REPRESENTATION_ITEM()
RATIONAL_B_SPLINE_CURVE((1.,1.,1.,1.,1.,1.,1.,1.,1.,1.,1.))
REPRESENTATION_ITEM('')
);
#308=(
BOUNDED_CURVE()
B_SPLINE_CURVE(3,(#4632,#4633,#4634,#4635,#4636,#4637,#4638,#4639,#4640,
#4641,#4642),.UNSPECIFIED.,.F.,.F.)
B_SPLINE_CURVE_WITH_KNOTS((4,2,3,2,4),(-0.0711288712945555,-0.0575552010238954,
-0.0386436837144152,-0.0177928537665844,0.00305797618124642),
 .UNSPECIFIED.)
CURVE()
GEOMETRIC_REPRESENTATION_ITEM()
RATIONAL_B_SPLINE_CURVE((1.,1.,1.,1.,1.,1.,1.,1.,1.,1.,1.))
REPRESENTATION_ITEM('')
);
#309=(
BOUNDED_CURVE()
B_SPLINE_CURVE(3,(#4656,#4657,#4658,#4659,#4660,#4661,#4662,#4663,#4664,
#4665,#4666),.UNSPECIFIED.,.F.,.F.)
B_SPLINE_CURVE_WITH_KNOTS((4,2,3,2,4),(0.00846057038701616,0.0177928537665844,
0.0386436837144152,0.0575552010238954,0.0686285054428059),.UNSPECIFIED.)
CURVE()
GEOMETRIC_REPRESENTATION_ITEM()
RATIONAL_B_SPLINE_CURVE((1.,1.,1.,1.,1.,1.,1.,1.,1.,1.,1.))
REPRESENTATION_ITEM('')
);
#310=(
BOUNDED_CURVE()
B_SPLINE_CURVE(2,(#4756,#4757,#4758),.UNSPECIFIED.,.F.,.F.)
B_SPLINE_CURVE_WITH_KNOTS((3,3),(0.000475085800292804,0.00150512841117206),
 .UNSPECIFIED.)
CURVE()
GEOMETRIC_REPRESENTATION_ITEM()
RATIONAL_B_SPLINE_CURVE((1.00002436909459,1.00005078089483,1.00007716776247))
REPRESENTATION_ITEM('')
);
#311=(
BOUNDED_CURVE()
B_SPLINE_CURVE(2,(#4851,#4852,#4853),.UNSPECIFIED.,.F.,.F.)
B_SPLINE_CURVE_WITH_KNOTS((3,3),(2.18175187854793,2.18278192091264),
 .UNSPECIFIED.)
CURVE()
GEOMETRIC_REPRESENTATION_ITEM()
RATIONAL_B_SPLINE_CURVE((1.000077167748,1.00005078088753,1.00002436909448))
REPRESENTATION_ITEM('')
);
#312=(
BOUNDED_CURVE()
B_SPLINE_CURVE(3,(#4854,#4855,#4856,#4857,#4858,#4859,#4860,#4861,#4862,
#4863,#4864),.UNSPECIFIED.,.F.,.F.)
B_SPLINE_CURVE_WITH_KNOTS((4,2,3,2,4),(-0.0798119094479332,-0.0589610798607629,
-0.0381102502735926,-0.0191987330781511,-0.00562506215928826),
 .UNSPECIFIED.)
CURVE()
GEOMETRIC_REPRESENTATION_ITEM()
RATIONAL_B_SPLINE_CURVE((1.,1.,1.,1.,1.,1.,1.,1.,1.,1.,1.))
REPRESENTATION_ITEM('')
);
#313=(
BOUNDED_CURVE()
B_SPLINE_CURVE(3,(#4894,#4895,#4896,#4897,#4898,#4899,#4900,#4901,#4902,
#4903,#4904),.UNSPECIFIED.,.F.,.F.)
B_SPLINE_CURVE_WITH_KNOTS((4,2,3,2,4),(-0.0711288712946781,-0.0575552010238998,
-0.0386436837144166,-0.0177928537665949,0.00305797618122672),
 .UNSPECIFIED.)
CURVE()
GEOMETRIC_REPRESENTATION_ITEM()
RATIONAL_B_SPLINE_CURVE((1.,1.,1.,1.,1.,1.,1.,1.,1.,1.,1.))
REPRESENTATION_ITEM('')
);
#314=(
BOUNDED_CURVE()
B_SPLINE_CURVE(3,(#4918,#4919,#4920,#4921,#4922,#4923,#4924,#4925,#4926,
#4927,#4928),.UNSPECIFIED.,.F.,.F.)
B_SPLINE_CURVE_WITH_KNOTS((4,2,3,2,4),(0.00846057038700225,0.0177928537665949,
0.0386436837144166,0.0575552010238998,0.0686285054429781),.UNSPECIFIED.)
CURVE()
GEOMETRIC_REPRESENTATION_ITEM()
RATIONAL_B_SPLINE_CURVE((1.,1.,1.,1.,1.,1.,1.,1.,1.,1.,1.))
REPRESENTATION_ITEM('')
);
#315=(
BOUNDED_CURVE()
B_SPLINE_CURVE(2,(#5018,#5019,#5020),.UNSPECIFIED.,.F.,.F.)
B_SPLINE_CURVE_WITH_KNOTS((3,3),(0.000475085800291512,0.00150512841118699),
 .UNSPECIFIED.)
CURVE()
GEOMETRIC_REPRESENTATION_ITEM()
RATIONAL_B_SPLINE_CURVE((1.00002436909459,1.00005078089483,1.00007716776248))
REPRESENTATION_ITEM('')
);
#316=(
BOUNDED_CURVE()
B_SPLINE_CURVE(3,(#5058,#5059,#5060,#5061,#5062,#5063,#5064,#5065,#5066,
#5067,#5068),.UNSPECIFIED.,.F.,.F.)
B_SPLINE_CURVE_WITH_KNOTS((4,2,3,2,4),(0.00812542883726105,0.0191987330781511,
0.0381102502735926,0.0589610798607629,0.0682933634146239),.UNSPECIFIED.)
CURVE()
GEOMETRIC_REPRESENTATION_ITEM()
RATIONAL_B_SPLINE_CURVE((1.,1.,1.,1.,1.,1.,1.,1.,1.,1.,1.))
REPRESENTATION_ITEM('')
);
#317=(
BOUNDED_CURVE()
B_SPLINE_CURVE(2,(#5179,#5180,#5181),.UNSPECIFIED.,.F.,.F.)
B_SPLINE_CURVE_WITH_KNOTS((3,3),(2.18175187854883,2.18278192091264),
 .UNSPECIFIED.)
CURVE()
GEOMETRIC_REPRESENTATION_ITEM()
RATIONAL_B_SPLINE_CURVE((1.00007716774795,1.00005078088751,1.00002436909448))
REPRESENTATION_ITEM('')
);
#318=(
BOUNDED_CURVE()
B_SPLINE_CURVE(3,(#5182,#5183,#5184,#5185,#5186,#5187,#5188,#5189,#5190,
#5191,#5192),.UNSPECIFIED.,.F.,.F.)
B_SPLINE_CURVE_WITH_KNOTS((4,2,3,2,4),(-0.0798119094478391,-0.0589610798607201,
-0.0381102502736011,-0.019198733078149,-0.00562506215839158),
 .UNSPECIFIED.)
CURVE()
GEOMETRIC_REPRESENTATION_ITEM()
RATIONAL_B_SPLINE_CURVE((1.,1.,1.,1.,1.,1.,1.,1.,1.,1.,1.))
REPRESENTATION_ITEM('')
);
#319=(
BOUNDED_CURVE()
B_SPLINE_CURVE(3,(#5225,#5226,#5227,#5228,#5229,#5230,#5231,#5232,#5233,
#5234,#5235),.UNSPECIFIED.,.F.,.F.)
B_SPLINE_CURVE_WITH_KNOTS((4,2,3,2,4),(0.00812542883696413,0.019198733078149,
0.0381102502736011,0.0589610798607201,0.0682933634148246),.UNSPECIFIED.)
CURVE()
GEOMETRIC_REPRESENTATION_ITEM()
RATIONAL_B_SPLINE_CURVE((1.,1.,1.,1.,1.,1.,1.,1.,1.,1.,1.))
REPRESENTATION_ITEM('')
);
#320=(
BOUNDED_CURVE()
B_SPLINE_CURVE(3,(#5268,#5269,#5270,#5271,#5272,#5273,#5274,#5275,#5276,
#5277,#5278),.UNSPECIFIED.,.F.,.F.)
B_SPLINE_CURVE_WITH_KNOTS((4,2,3,2,4),(-0.071128871294589,-0.0575552010238904,
-0.0386436837144025,-0.0177928537666221,0.00305797618115823),
 .UNSPECIFIED.)
CURVE()
GEOMETRIC_REPRESENTATION_ITEM()
RATIONAL_B_SPLINE_CURVE((1.,1.,1.,1.,1.,1.,1.,1.,1.,1.,1.))
REPRESENTATION_ITEM('')
);
#321=(
BOUNDED_CURVE()
B_SPLINE_CURVE(3,(#5292,#5293,#5294,#5295,#5296,#5297,#5298,#5299,#5300,
#5301,#5302),.UNSPECIFIED.,.F.,.F.)
B_SPLINE_CURVE_WITH_KNOTS((4,2,3,2,4),(0.00846057038679064,0.0177928537666221,
0.0386436837144025,0.0575552010238904,0.0686285054428404),.UNSPECIFIED.)
CURVE()
GEOMETRIC_REPRESENTATION_ITEM()
RATIONAL_B_SPLINE_CURVE((1.,1.,1.,1.,1.,1.,1.,1.,1.,1.,1.))
REPRESENTATION_ITEM('')
);
#322=(
BOUNDED_CURVE()
B_SPLINE_CURVE(2,(#5392,#5393,#5394),.UNSPECIFIED.,.F.,.F.)
B_SPLINE_CURVE_WITH_KNOTS((3,3),(0.000475085800295911,0.00150512841117448),
 .UNSPECIFIED.)
CURVE()
GEOMETRIC_REPRESENTATION_ITEM()
RATIONAL_B_SPLINE_CURVE((1.00002436909459,1.00005078089483,1.00007716776247))
REPRESENTATION_ITEM('')
);
#323=(
BOUNDED_CURVE()
B_SPLINE_CURVE(2,(#5487,#5488,#5489),.UNSPECIFIED.,.F.,.F.)
B_SPLINE_CURVE_WITH_KNOTS((3,3),(2.18175187854793,2.18278192091264),
 .UNSPECIFIED.)
CURVE()
GEOMETRIC_REPRESENTATION_ITEM()
RATIONAL_B_SPLINE_CURVE((1.000077167748,1.00005078088753,1.00002436909448))
REPRESENTATION_ITEM('')
);
#324=(
BOUNDED_CURVE()
B_SPLINE_CURVE(3,(#5490,#5491,#5492,#5493,#5494,#5495,#5496,#5497,#5498,
#5499,#5500),.UNSPECIFIED.,.F.,.F.)
B_SPLINE_CURVE_WITH_KNOTS((4,2,3,2,4),(-0.0798119094479017,-0.0589610798607496,
-0.0381102502735976,-0.0191987330781507,-0.00562506215919043),
 .UNSPECIFIED.)
CURVE()
GEOMETRIC_REPRESENTATION_ITEM()
RATIONAL_B_SPLINE_CURVE((1.,1.,1.,1.,1.,1.,1.,1.,1.,1.,1.))
REPRESENTATION_ITEM('')
);
#325=(
BOUNDED_CURVE()
B_SPLINE_CURVE(3,(#5530,#5531,#5532,#5533,#5534,#5535,#5536,#5537,#5538,
#5539,#5540),.UNSPECIFIED.,.F.,.F.)
B_SPLINE_CURVE_WITH_KNOTS((4,2,3,2,4),(-0.0711288712947463,-0.0575552010238993,
-0.0386436837144107,-0.0177928537666162,0.00305797618117835),
 .UNSPECIFIED.)
CURVE()
GEOMETRIC_REPRESENTATION_ITEM()
RATIONAL_B_SPLINE_CURVE((1.,1.,1.,1.,1.,1.,1.,1.,1.,1.,1.))
REPRESENTATION_ITEM('')
);
#326=(
BOUNDED_CURVE()
B_SPLINE_CURVE(3,(#5554,#5555,#5556,#5557,#5558,#5559,#5560,#5561,#5562,
#5563,#5564),.UNSPECIFIED.,.F.,.F.)
B_SPLINE_CURVE_WITH_KNOTS((4,2,3,2,4),(0.00846057038687207,0.0177928537666162,
0.0386436837144107,0.0575552010238993,0.068628505443059),.UNSPECIFIED.)
CURVE()
GEOMETRIC_REPRESENTATION_ITEM()
RATIONAL_B_SPLINE_CURVE((1.,1.,1.,1.,1.,1.,1.,1.,1.,1.,1.))
REPRESENTATION_ITEM('')
);
#327=(
BOUNDED_CURVE()
B_SPLINE_CURVE(2,(#5654,#5655,#5656),.UNSPECIFIED.,.F.,.F.)
B_SPLINE_CURVE_WITH_KNOTS((3,3),(0.00047508580029499,0.00150512841117852),
 .UNSPECIFIED.)
CURVE()
GEOMETRIC_REPRESENTATION_ITEM()
RATIONAL_B_SPLINE_CURVE((1.00002436909459,1.00005078089483,1.00007716776247))
REPRESENTATION_ITEM('')
);
#328=(
BOUNDED_CURVE()
B_SPLINE_CURVE(3,(#5694,#5695,#5696,#5697,#5698,#5699,#5700,#5701,#5702,
#5703,#5704),.UNSPECIFIED.,.F.,.F.)
B_SPLINE_CURVE_WITH_KNOTS((4,2,3,2,4),(0.00812542883713598,0.0191987330781507,
0.0381102502735976,0.0589610798607496,0.0682933634147309),.UNSPECIFIED.)
CURVE()
GEOMETRIC_REPRESENTATION_ITEM()
RATIONAL_B_SPLINE_CURVE((1.,1.,1.,1.,1.,1.,1.,1.,1.,1.,1.))
REPRESENTATION_ITEM('')
);
#329=(
BOUNDED_CURVE()
B_SPLINE_CURVE(2,(#5815,#5816,#5817),.UNSPECIFIED.,.F.,.F.)
B_SPLINE_CURVE_WITH_KNOTS((3,3),(2.18175187854791,2.18278192091261),
 .UNSPECIFIED.)
CURVE()
GEOMETRIC_REPRESENTATION_ITEM()
RATIONAL_B_SPLINE_CURVE((1.000077167748,1.00005078088753,1.00002436909448))
REPRESENTATION_ITEM('')
);
#330=(
BOUNDED_CURVE()
B_SPLINE_CURVE(3,(#5818,#5819,#5820,#5821,#5822,#5823,#5824,#5825,#5826,
#5827,#5828),.UNSPECIFIED.,.F.,.F.)
B_SPLINE_CURVE_WITH_KNOTS((4,2,3,2,4),(-0.0798119094478819,-0.0589610798607391,
-0.0381102502735964,-0.0191987330781485,-0.00562506215913208),
 .UNSPECIFIED.)
CURVE()
GEOMETRIC_REPRESENTATION_ITEM()
RATIONAL_B_SPLINE_CURVE((1.,1.,1.,1.,1.,1.,1.,1.,1.,1.,1.))
REPRESENTATION_ITEM('')
);
#331=(
BOUNDED_CURVE()
B_SPLINE_CURVE(3,(#5861,#5862,#5863,#5864,#5865,#5866,#5867,#5868,#5869,
#5870,#5871),.UNSPECIFIED.,.F.,.F.)
B_SPLINE_CURVE_WITH_KNOTS((4,2,3,2,4),(0.00812542883705553,0.0191987330781485,
0.0381102502735964,0.0589610798607391,0.0682933634147249),.UNSPECIFIED.)
CURVE()
GEOMETRIC_REPRESENTATION_ITEM()
RATIONAL_B_SPLINE_CURVE((1.,1.,1.,1.,1.,1.,1.,1.,1.,1.,1.))
REPRESENTATION_ITEM('')
);
#332=(
BOUNDED_CURVE()
B_SPLINE_CURVE(3,(#5904,#5905,#5906,#5907,#5908,#5909,#5910,#5911,#5912,
#5913,#5914),.UNSPECIFIED.,.F.,.F.)
B_SPLINE_CURVE_WITH_KNOTS((4,2,3,2,4),(-0.0711288712948384,-0.0575552010238966,
-0.0386436837143986,-0.0177928537666683,0.00305797618106199),
 .UNSPECIFIED.)
CURVE()
GEOMETRIC_REPRESENTATION_ITEM()
RATIONAL_B_SPLINE_CURVE((1.,1.,1.,1.,1.,1.,1.,1.,1.,1.,1.))
REPRESENTATION_ITEM('')
);
#333=(
BOUNDED_CURVE()
B_SPLINE_CURVE(3,(#5928,#5929,#5930,#5931,#5932,#5933,#5934,#5935,#5936,
#5937,#5938),.UNSPECIFIED.,.F.,.F.)
B_SPLINE_CURVE_WITH_KNOTS((4,2,3,2,4),(0.00846057038662959,0.0177928537666683,
0.0386436837143986,0.0575552010238966,0.0686285054431748),.UNSPECIFIED.)
CURVE()
GEOMETRIC_REPRESENTATION_ITEM()
RATIONAL_B_SPLINE_CURVE((1.,1.,1.,1.,1.,1.,1.,1.,1.,1.,1.))
REPRESENTATION_ITEM('')
);
#334=(
BOUNDED_CURVE()
B_SPLINE_CURVE(2,(#6028,#6029,#6030),.UNSPECIFIED.,.F.,.F.)
B_SPLINE_CURVE_WITH_KNOTS((3,3),(0.000475085800293669,0.00150512841117916),
 .UNSPECIFIED.)
CURVE()
GEOMETRIC_REPRESENTATION_ITEM()
RATIONAL_B_SPLINE_CURVE((1.00002436909459,1.00005078089483,1.00007716776247))
REPRESENTATION_ITEM('')
);
#335=(
BOUNDED_CURVE()
B_SPLINE_CURVE(2,(#6123,#6124,#6125),.UNSPECIFIED.,.F.,.F.)
B_SPLINE_CURVE_WITH_KNOTS((3,3),(2.18175187854882,2.18278192091263),
 .UNSPECIFIED.)
CURVE()
GEOMETRIC_REPRESENTATION_ITEM()
RATIONAL_B_SPLINE_CURVE((1.00007716774795,1.00005078088751,1.00002436909448))
REPRESENTATION_ITEM('')
);
#336=(
BOUNDED_CURVE()
B_SPLINE_CURVE(3,(#6126,#6127,#6128,#6129,#6130,#6131,#6132,#6133,#6134,
#6135,#6136),.UNSPECIFIED.,.F.,.F.)
B_SPLINE_CURVE_WITH_KNOTS((4,2,3,2,4),(-0.0798119094478702,-0.0589610798607357,
-0.0381102502736012,-0.019198733078153,-0.0056250621585485),
 .UNSPECIFIED.)
CURVE()
GEOMETRIC_REPRESENTATION_ITEM()
RATIONAL_B_SPLINE_CURVE((1.,1.,1.,1.,1.,1.,1.,1.,1.,1.,1.))
REPRESENTATION_ITEM('')
);
#337=(
BOUNDED_CURVE()
B_SPLINE_CURVE(3,(#6166,#6167,#6168,#6169,#6170,#6171,#6172,#6173,#6174,
#6175,#6176),.UNSPECIFIED.,.F.,.F.)
B_SPLINE_CURVE_WITH_KNOTS((4,2,3,2,4),(-0.0711288712948246,-0.057555201023899,
-0.0386436837144049,-0.0177928537666475,0.00305797618110988),
 .UNSPECIFIED.)
CURVE()
GEOMETRIC_REPRESENTATION_ITEM()
RATIONAL_B_SPLINE_CURVE((1.,1.,1.,1.,1.,1.,1.,1.,1.,1.,1.))
REPRESENTATION_ITEM('')
);
#338=(
BOUNDED_CURVE()
B_SPLINE_CURVE(3,(#6190,#6191,#6192,#6193,#6194,#6195,#6196,#6197,#6198,
#6199,#6200),.UNSPECIFIED.,.F.,.F.)
B_SPLINE_CURVE_WITH_KNOTS((4,2,3,2,4),(0.00846057038673551,0.0177928537666475,
0.0386436837144049,0.057555201023899,0.0686285054431599),.UNSPECIFIED.)
CURVE()
GEOMETRIC_REPRESENTATION_ITEM()
RATIONAL_B_SPLINE_CURVE((1.,1.,1.,1.,1.,1.,1.,1.,1.,1.,1.))
REPRESENTATION_ITEM('')
);
#339=(
BOUNDED_CURVE()
B_SPLINE_CURVE(2,(#6290,#6291,#6292),.UNSPECIFIED.,.F.,.F.)
B_SPLINE_CURVE_WITH_KNOTS((3,3),(0.000475085800294244,0.00150512841117714),
 .UNSPECIFIED.)
CURVE()
GEOMETRIC_REPRESENTATION_ITEM()
RATIONAL_B_SPLINE_CURVE((1.00002436909459,1.00005078089483,1.00007716776247))
REPRESENTATION_ITEM('')
);
#340=(
BOUNDED_CURVE()
B_SPLINE_CURVE(3,(#6330,#6331,#6332,#6333,#6334,#6335,#6336,#6337,#6338,
#6339,#6340),.UNSPECIFIED.,.F.,.F.)
B_SPLINE_CURVE_WITH_KNOTS((4,2,3,2,4),(0.00812542883716855,0.019198733078153,
0.0381102502736012,0.0589610798607357,0.0682933634147857),.UNSPECIFIED.)
CURVE()
GEOMETRIC_REPRESENTATION_ITEM()
RATIONAL_B_SPLINE_CURVE((1.,1.,1.,1.,1.,1.,1.,1.,1.,1.,1.))
REPRESENTATION_ITEM('')
);
#341=(
BOUNDED_CURVE()
B_SPLINE_CURVE(2,(#6451,#6452,#6453),.UNSPECIFIED.,.F.,.F.)
B_SPLINE_CURVE_WITH_KNOTS((3,3),(2.18175187854858,2.18278192091238),
 .UNSPECIFIED.)
CURVE()
GEOMETRIC_REPRESENTATION_ITEM()
RATIONAL_B_SPLINE_CURVE((1.00007716774795,1.00005078088751,1.00002436909448))
REPRESENTATION_ITEM('')
);
#342=(
BOUNDED_CURVE()
B_SPLINE_CURVE(3,(#6454,#6455,#6456,#6457,#6458,#6459,#6460,#6461,#6462,
#6463,#6464),.UNSPECIFIED.,.F.,.F.)
B_SPLINE_CURVE_WITH_KNOTS((4,2,3,2,4),(-0.0798119094480033,-0.0589610798607935,
-0.0381102502735838,-0.019198733078147,-0.00562506215861593),
 .UNSPECIFIED.)
CURVE()
GEOMETRIC_REPRESENTATION_ITEM()
RATIONAL_B_SPLINE_CURVE((1.,1.,1.,1.,1.,1.,1.,1.,1.,1.,1.))
REPRESENTATION_ITEM('')
);
#343=(
BOUNDED_CURVE()
B_SPLINE_CURVE(3,(#6497,#6498,#6499,#6500,#6501,#6502,#6503,#6504,#6505,
#6506,#6507),.UNSPECIFIED.,.F.,.F.)
B_SPLINE_CURVE_WITH_KNOTS((4,2,3,2,4),(0.00812542883725227,0.019198733078147,
0.0381102502735838,0.0589610798607935,0.0682933634144583),.UNSPECIFIED.)
CURVE()
GEOMETRIC_REPRESENTATION_ITEM()
RATIONAL_B_SPLINE_CURVE((1.,1.,1.,1.,1.,1.,1.,1.,1.,1.,1.))
REPRESENTATION_ITEM('')
);
#344=(
BOUNDED_CURVE()
B_SPLINE_CURVE(3,(#6540,#6541,#6542,#6543,#6544,#6545,#6546,#6547,#6548,
#6549,#6550),.UNSPECIFIED.,.F.,.F.)
B_SPLINE_CURVE_WITH_KNOTS((4,2,3,2,4),(-0.0711288712947392,-0.0575552010238953,
-0.0386436837144036,-0.0177928537666396,0.00305797618112443),
 .UNSPECIFIED.)
CURVE()
GEOMETRIC_REPRESENTATION_ITEM()
RATIONAL_B_SPLINE_CURVE((1.,1.,1.,1.,1.,1.,1.,1.,1.,1.,1.))
REPRESENTATION_ITEM('')
);
#345=(
BOUNDED_CURVE()
B_SPLINE_CURVE(3,(#6564,#6565,#6566,#6567,#6568,#6569,#6570,#6571,#6572,
#6573,#6574),.UNSPECIFIED.,.F.,.F.)
B_SPLINE_CURVE_WITH_KNOTS((4,2,3,2,4),(0.00846057038675691,0.0177928537666396,
0.0386436837144036,0.0575552010238953,0.0686285054430435),.UNSPECIFIED.)
CURVE()
GEOMETRIC_REPRESENTATION_ITEM()
RATIONAL_B_SPLINE_CURVE((1.,1.,1.,1.,1.,1.,1.,1.,1.,1.,1.))
REPRESENTATION_ITEM('')
);
#346=(
BOUNDED_CURVE()
B_SPLINE_CURVE(2,(#6664,#6665,#6666),.UNSPECIFIED.,.F.,.F.)
B_SPLINE_CURVE_WITH_KNOTS((3,3),(0.000475085800293606,0.00150512841117178),
 .UNSPECIFIED.)
CURVE()
GEOMETRIC_REPRESENTATION_ITEM()
RATIONAL_B_SPLINE_CURVE((1.00002436909459,1.00005078089483,1.00007716776247))
REPRESENTATION_ITEM('')
);
#347=(
BOUNDED_CURVE()
B_SPLINE_CURVE(2,(#6759,#6760,#6761),.UNSPECIFIED.,.F.,.F.)
B_SPLINE_CURVE_WITH_KNOTS((3,3),(2.18175187854723,2.18278192091193),
 .UNSPECIFIED.)
CURVE()
GEOMETRIC_REPRESENTATION_ITEM()
RATIONAL_B_SPLINE_CURVE((1.000077167748,1.00005078088753,1.00002436909448))
REPRESENTATION_ITEM('')
);
#348=(
BOUNDED_CURVE()
B_SPLINE_CURVE(3,(#6762,#6763,#6764,#6765,#6766,#6767,#6768,#6769,#6770,
#6771,#6772),.UNSPECIFIED.,.F.,.F.)
B_SPLINE_CURVE_WITH_KNOTS((4,2,3,2,4),(-0.0798119094479233,-0.0589610798607599,
-0.0381102502735964,-0.019198733078155,-0.00562506215936051),
 .UNSPECIFIED.)
CURVE()
GEOMETRIC_REPRESENTATION_ITEM()
RATIONAL_B_SPLINE_CURVE((1.,1.,1.,1.,1.,1.,1.,1.,1.,1.,1.))
REPRESENTATION_ITEM('')
);
#349=(
BOUNDED_CURVE()
B_SPLINE_CURVE(3,(#6802,#6803,#6804,#6805,#6806,#6807,#6808,#6809,#6810,
#6811,#6812),.UNSPECIFIED.,.F.,.F.)
B_SPLINE_CURVE_WITH_KNOTS((4,2,3,2,4),(-0.0711288712949938,-0.0575552010239016,
-0.0386436837144002,-0.0177928537666765,0.00305797618104709),
 .UNSPECIFIED.)
CURVE()
GEOMETRIC_REPRESENTATION_ITEM()
RATIONAL_B_SPLINE_CURVE((1.,1.,1.,1.,1.,1.,1.,1.,1.,1.,1.))
REPRESENTATION_ITEM('')
);
#350=(
BOUNDED_CURVE()
B_SPLINE_CURVE(3,(#6826,#6827,#6828,#6829,#6830,#6831,#6832,#6833,#6834,
#6835,#6836),.UNSPECIFIED.,.F.,.F.)
B_SPLINE_CURVE_WITH_KNOTS((4,2,3,2,4),(0.0084605703866029,0.0177928537666765,
0.0386436837144002,0.0575552010239016,0.0686285054433742),.UNSPECIFIED.)
CURVE()
GEOMETRIC_REPRESENTATION_ITEM()
RATIONAL_B_SPLINE_CURVE((1.,1.,1.,1.,1.,1.,1.,1.,1.,1.,1.))
REPRESENTATION_ITEM('')
);
#351=(
BOUNDED_CURVE()
B_SPLINE_CURVE(2,(#6926,#6927,#6928),.UNSPECIFIED.,.F.,.F.)
B_SPLINE_CURVE_WITH_KNOTS((3,3),(0.000475085800294187,0.00150512841116956),
 .UNSPECIFIED.)
CURVE()
GEOMETRIC_REPRESENTATION_ITEM()
RATIONAL_B_SPLINE_CURVE((1.00002436909459,1.00005078089483,1.00007716776247))
REPRESENTATION_ITEM('')
);
#352=(
BOUNDED_CURVE()
B_SPLINE_CURVE(3,(#6966,#6967,#6968,#6969,#6970,#6971,#6972,#6973,#6974,
#6975,#6976),.UNSPECIFIED.,.F.,.F.)
B_SPLINE_CURVE_WITH_KNOTS((4,2,3,2,4),(0.00812542883735718,0.019198733078155,
0.0381102502735964,0.0589610798607599,0.0682933634146601),.UNSPECIFIED.)
CURVE()
GEOMETRIC_REPRESENTATION_ITEM()
RATIONAL_B_SPLINE_CURVE((1.,1.,1.,1.,1.,1.,1.,1.,1.,1.,1.))
REPRESENTATION_ITEM('')
);
#353=(
BOUNDED_CURVE()
B_SPLINE_CURVE(2,(#7087,#7088,#7089),.UNSPECIFIED.,.F.,.F.)
B_SPLINE_CURVE_WITH_KNOTS((3,3),(2.18175187847858,2.18278192084238),
 .UNSPECIFIED.)
CURVE()
GEOMETRIC_REPRESENTATION_ITEM()
RATIONAL_B_SPLINE_CURVE((1.00007716774795,1.0000507808875,1.00002436909448))
REPRESENTATION_ITEM('')
);
#354=(
BOUNDED_CURVE()
B_SPLINE_CURVE(3,(#7090,#7091,#7092,#7093,#7094,#7095,#7096,#7097,#7098,
#7099,#7100),.UNSPECIFIED.,.F.,.F.)
B_SPLINE_CURVE_WITH_KNOTS((4,2,3,2,4),(-0.0798119094478411,-0.058961079860721,
-0.0381102502736008,-0.0191987330781487,-0.00562506215838915),
 .UNSPECIFIED.)
CURVE()
GEOMETRIC_REPRESENTATION_ITEM()
RATIONAL_B_SPLINE_CURVE((1.,1.,1.,1.,1.,1.,1.,1.,1.,1.,1.))
REPRESENTATION_ITEM('')
);
#355=(
BOUNDED_CURVE()
B_SPLINE_CURVE(3,(#7179,#7180,#7181,#7182,#7183,#7184,#7185,#7186,#7187,
#7188,#7189),.UNSPECIFIED.,.F.,.F.)
B_SPLINE_CURVE_WITH_KNOTS((4,2,3,2,4),(0.00812542883695985,0.0191987330781487,
0.0381102502736008,0.058961079860721,0.0682933634148191),.UNSPECIFIED.)
CURVE()
GEOMETRIC_REPRESENTATION_ITEM()
RATIONAL_B_SPLINE_CURVE((1.,1.,1.,1.,1.,1.,1.,1.,1.,1.,1.))
REPRESENTATION_ITEM('')
);
#356=(
BOUNDED_CURVE()
B_SPLINE_CURVE(3,(#7312,#7313,#7314,#7315,#7316,#7317,#7318,#7319,#7320,
#7321,#7322),.UNSPECIFIED.,.F.,.F.)
B_SPLINE_CURVE_WITH_KNOTS((4,2,3,2,4),(-0.0711288712947828,-0.0575552010238978,
-0.0386436837144047,-0.0177928537666459,0.00305797618111299),
 .UNSPECIFIED.)
CURVE()
GEOMETRIC_REPRESENTATION_ITEM()
RATIONAL_B_SPLINE_CURVE((1.,1.,1.,1.,1.,1.,1.,1.,1.,1.,1.))
REPRESENTATION_ITEM('')
);
#357=(
BOUNDED_CURVE()
B_SPLINE_CURVE(3,(#7328,#7329,#7330,#7331,#7332,#7333,#7334,#7335,#7336,
#7337,#7338),.UNSPECIFIED.,.F.,.F.)
B_SPLINE_CURVE_WITH_KNOTS((4,2,3,2,4),(0.00846057038673914,0.0177928537666459,
0.0386436837144047,0.0575552010238978,0.0686285054430981),.UNSPECIFIED.)
CURVE()
GEOMETRIC_REPRESENTATION_ITEM()
RATIONAL_B_SPLINE_CURVE((1.,1.,1.,1.,1.,1.,1.,1.,1.,1.,1.))
REPRESENTATION_ITEM('')
);
#358=(
BOUNDED_CURVE()
B_SPLINE_CURVE(2,(#7346,#7347,#7348),.UNSPECIFIED.,.F.,.F.)
B_SPLINE_CURVE_WITH_KNOTS((3,3),(0.000475085800289534,0.00150512841115908),
 .UNSPECIFIED.)
CURVE()
GEOMETRIC_REPRESENTATION_ITEM()
RATIONAL_B_SPLINE_CURVE((1.00002436909459,1.00005078089483,1.00007716776247))
REPRESENTATION_ITEM('')
);
#359=(
BOUNDED_CURVE()
B_SPLINE_CURVE(2,(#7404,#7405,#7406),.UNSPECIFIED.,.F.,.F.)
B_SPLINE_CURVE_WITH_KNOTS((3,3),(2.15744505409518,2.15847177662289),
 .UNSPECIFIED.)
CURVE()
GEOMETRIC_REPRESENTATION_ITEM()
RATIONAL_B_SPLINE_CURVE((1.00005241073412,1.00002621783813,1.))
REPRESENTATION_ITEM('')
);
#360=(
BOUNDED_CURVE()
B_SPLINE_CURVE(3,(#7407,#7408,#7409,#7410,#7411,#7412,#7413,#7414,#7415,
#7416,#7417),.UNSPECIFIED.,.F.,.F.)
B_SPLINE_CURVE_WITH_KNOTS((4,2,3,2,4),(-0.079495835933186,-0.0586525804626684,
-0.0378093249921508,-0.0189046624960754,-0.00533595369882268),
 .UNSPECIFIED.)
CURVE()
GEOMETRIC_REPRESENTATION_ITEM()
RATIONAL_B_SPLINE_CURVE((1.,1.,1.,1.,1.,1.,1.,1.,1.,1.,1.))
REPRESENTATION_ITEM('')
);
#361=(
BOUNDED_CURVE()
B_SPLINE_CURVE(3,(#7497,#7498,#7499,#7500,#7501,#7502,#7503,#7504,#7505,
#7506,#7507),.UNSPECIFIED.,.F.,.F.)
B_SPLINE_CURVE_WITH_KNOTS((4,2,3,2,4),(0.00783543164891278,0.0189046624960754,
0.0378093249921508,0.0586525804626684,0.067981556317577),.UNSPECIFIED.)
CURVE()
GEOMETRIC_REPRESENTATION_ITEM()
RATIONAL_B_SPLINE_CURVE((1.,1.,1.,1.,1.,1.,1.,1.,1.,1.,1.))
REPRESENTATION_ITEM('')
);
#362=(
BOUNDED_CURVE()
B_SPLINE_CURVE(3,(#7612,#7613,#7614,#7615,#7616,#7617,#7618,#7619,#7620,
#7621,#7622),.UNSPECIFIED.,.F.,.F.)
B_SPLINE_CURVE_WITH_KNOTS((4,2,3,2,4),(0.0076370937085046,0.0169660693889437,
0.0378093252199153,0.056713987829873,0.0677832188546811),.UNSPECIFIED.)
CURVE()
GEOMETRIC_REPRESENTATION_ITEM()
RATIONAL_B_SPLINE_CURVE((1.,1.,1.,1.,1.,1.,1.,1.,1.,1.,1.))
REPRESENTATION_ITEM('')
);
#363=B_SPLINE_SURFACE_WITH_KNOTS('',3,3,((#3528,#3529,#3530,#3531,#3532,
#3533),(#3534,#3535,#3536,#3537,#3538,#3539),(#3540,#3541,#3542,#3543,#3544,
#3545),(#3546,#3547,#3548,#3549,#3550,#3551)),.UNSPECIFIED.,.F.,.F.,.F.,
(4,4),(4,2,4),(0.,1.),(0.00562506215915258,0.0759332846645135,0.0801471466224879),
 .UNSPECIFIED.);
#364=B_SPLINE_SURFACE_WITH_KNOTS('',3,3,((#3595,#3596,#3597,#3598,#3599,
#3600),(#3601,#3602,#3603,#3604,#3605,#3606),(#3607,#3608,#3609,#3610,#3611,
#3612),(#3613,#3614,#3615,#3616,#3617,#3618)),.UNSPECIFIED.,.F.,.F.,.F.,
(4,4),(4,2,4),(0.,1.),(-0.00339145790220489,0.000820649095463747,0.0710995804048916),
 .UNSPECIFIED.);
#365=B_SPLINE_SURFACE_WITH_KNOTS('',3,3,((#3662,#3663,#3664,#3665,#3666,
#3667,#3668,#3669),(#3670,#3671,#3672,#3673,#3674,#3675,#3676,#3677),(#3678,
#3679,#3680,#3681,#3682,#3683,#3684,#3685),(#3686,#3687,#3688,#3689,#3690,
#3691,#3692,#3693)),.UNSPECIFIED.,.F.,.F.,.F.,(4,4),(4,2,2,4),(0.,1.),(-0.0195309847689444,
6.54165773041228E-5,0.0685844960454291,0.071757001528545),.UNSPECIFIED.);
#366=B_SPLINE_SURFACE_WITH_KNOTS('',3,3,((#3728,#3729,#3730,#3731),(#3732,
#3733,#3734,#3735),(#3736,#3737,#3738,#3739),(#3740,#3741,#3742,#3743)),
 .UNSPECIFIED.,.F.,.F.,.F.,(4,4),(4,4),(0.,1.),(2.42671068477649E-5,1.30464117360916),
 .UNSPECIFIED.);
#367=B_SPLINE_SURFACE_WITH_KNOTS('',3,3,((#3769,#3770,#3771,#3772),(#3773,
#3774,#3775,#3776),(#3777,#3778,#3779,#3780),(#3781,#3782,#3783,#3784)),
 .UNSPECIFIED.,.F.,.F.,.F.,(4,4),(4,4),(0.,1.),(0.00117381884752969,1.30579072551598),
 .UNSPECIFIED.);
#368=B_SPLINE_SURFACE_WITH_KNOTS('',3,3,((#3802,#3803,#3804,#3805,#3806,
#3807,#3808,#3809),(#3810,#3811,#3812,#3813,#3814,#3815,#3816,#3817),(#3818,
#3819,#3820,#3821,#3822,#3823,#3824,#3825),(#3826,#3827,#3828,#3829,#3830,
#3831,#3832,#3833)),.UNSPECIFIED.,.F.,.F.,.F.,(4,4),(4,2,2,4),(0.,1.),(-0.00311164398676388,
6.10133367848658E-5,0.0685833808437833,0.0881807224777534),
 .UNSPECIFIED.);
#369=B_SPLINE_SURFACE_WITH_KNOTS('',3,3,((#4012,#4013,#4014,#4015,#4016,
#4017),(#4018,#4019,#4020,#4021,#4022,#4023),(#4024,#4025,#4026,#4027,#4028,
#4029),(#4030,#4031,#4032,#4033,#4034,#4035)),.UNSPECIFIED.,.F.,.F.,.F.,
(4,4),(4,2,4),(0.,1.),(-0.00339145790192096,0.000820649095392359,0.0710995804052512),
 .UNSPECIFIED.);
#370=B_SPLINE_SURFACE_WITH_KNOTS('',3,3,((#4079,#4080,#4081,#4082,#4083,
#4084,#4085,#4086),(#4087,#4088,#4089,#4090,#4091,#4092,#4093,#4094),(#4095,
#4096,#4097,#4098,#4099,#4100,#4101,#4102),(#4103,#4104,#4105,#4106,#4107,
#4108,#4109,#4110)),.UNSPECIFIED.,.F.,.F.,.F.,(4,4),(4,2,2,4),(0.,1.),(-0.0195309847719747,
6.54165769657177E-5,0.0685844960450651,0.07175700152872),.UNSPECIFIED.);
#371=B_SPLINE_SURFACE_WITH_KNOTS('',3,3,((#4145,#4146,#4147,#4148),(#4149,
#4150,#4151,#4152),(#4153,#4154,#4155,#4156),(#4157,#4158,#4159,#4160)),
 .UNSPECIFIED.,.F.,.F.,.F.,(4,4),(4,4),(0.,1.),(2.42671068534383E-5,1.30464117360932),
 .UNSPECIFIED.);
#372=B_SPLINE_SURFACE_WITH_KNOTS('',3,3,((#4185,#4186,#4187,#4188,#4189,
#4190),(#4191,#4192,#4193,#4194,#4195,#4196),(#4197,#4198,#4199,#4200,#4201,
#4202),(#4203,#4204,#4205,#4206,#4207,#4208)),.UNSPECIFIED.,.F.,.F.,.F.,
(4,4),(4,2,4),(0.,1.),(0.00562506215914452,0.0759332846644871,0.0801471466225884),
 .UNSPECIFIED.);
#373=B_SPLINE_SURFACE_WITH_KNOTS('',3,3,((#4227,#4228,#4229,#4230),(#4231,
#4232,#4233,#4234),(#4235,#4236,#4237,#4238),(#4239,#4240,#4241,#4242)),
 .UNSPECIFIED.,.F.,.F.,.F.,(4,4),(4,4),(0.,1.),(0.00117381884664959,1.30579072551524),
 .UNSPECIFIED.);
#374=B_SPLINE_SURFACE_WITH_KNOTS('',3,3,((#4255,#4256,#4257,#4258,#4259,
#4260,#4261,#4262),(#4263,#4264,#4265,#4266,#4267,#4268,#4269,#4270),(#4271,
#4272,#4273,#4274,#4275,#4276,#4277,#4278),(#4279,#4280,#4281,#4282,#4283,
#4284,#4285,#4286)),.UNSPECIFIED.,.F.,.F.,.F.,(4,4),(4,2,2,4),(0.,1.),(-0.00311164398708145,
6.10133364595438E-5,0.0685833808434382,0.0881807224759869),
 .UNSPECIFIED.);
#375=B_SPLINE_SURFACE_WITH_KNOTS('',3,3,((#4557,#4558,#4559,#4560,#4561,
#4562),(#4563,#4564,#4565,#4566,#4567,#4568),(#4569,#4570,#4571,#4572,#4573,
#4574),(#4575,#4576,#4577,#4578,#4579,#4580)),.UNSPECIFIED.,.F.,.F.,.F.,
(4,4),(4,2,4),(0.,1.),(0.00562506215894915,0.0759332846645135,0.0801471466224907),
 .UNSPECIFIED.);
#376=B_SPLINE_SURFACE_WITH_KNOTS('',3,3,((#4606,#4607,#4608,#4609,#4610,
#4611),(#4612,#4613,#4614,#4615,#4616,#4617),(#4618,#4619,#4620,#4621,#4622,
#4623),(#4624,#4625,#4626,#4627,#4628,#4629)),.UNSPECIFIED.,.F.,.F.,.F.,
(4,4),(4,2,4),(0.,1.),(-0.00339145790216927,0.000820649095454818,0.0710995804048649),
 .UNSPECIFIED.);
#377=B_SPLINE_SURFACE_WITH_KNOTS('',3,3,((#4673,#4674,#4675,#4676,#4677,
#4678,#4679,#4680),(#4681,#4682,#4683,#4684,#4685,#4686,#4687,#4688),(#4689,
#4690,#4691,#4692,#4693,#4694,#4695,#4696),(#4697,#4698,#4699,#4700,#4701,
#4702,#4703,#4704)),.UNSPECIFIED.,.F.,.F.,.F.,(4,4),(4,2,2,4),(0.,1.),(-0.0195309847731361,
6.54165771691768E-5,0.068584496045261,0.0717570015288747),.UNSPECIFIED.);
#378=B_SPLINE_SURFACE_WITH_KNOTS('',3,3,((#4731,#4732,#4733,#4734),(#4735,
#4736,#4737,#4738),(#4739,#4740,#4741,#4742),(#4743,#4744,#4745,#4746)),
 .UNSPECIFIED.,.F.,.F.,.F.,(4,4),(4,4),(0.,1.),(2.42671068538397E-5,1.30464117360948),
 .UNSPECIFIED.);
#379=B_SPLINE_SURFACE_WITH_KNOTS('',3,3,((#4764,#4765,#4766,#4767),(#4768,
#4769,#4770,#4771),(#4772,#4773,#4774,#4775),(#4776,#4777,#4778,#4779)),
 .UNSPECIFIED.,.F.,.F.,.F.,(4,4),(4,4),(0.,1.),(0.00117381884621443,1.30579072551474),
 .UNSPECIFIED.);
#380=B_SPLINE_SURFACE_WITH_KNOTS('',3,3,((#4792,#4793,#4794,#4795,#4796,
#4797,#4798,#4799),(#4800,#4801,#4802,#4803,#4804,#4805,#4806,#4807),(#4808,
#4809,#4810,#4811,#4812,#4813,#4814,#4815),(#4816,#4817,#4818,#4819,#4820,
#4821,#4822,#4823)),.UNSPECIFIED.,.F.,.F.,.F.,(4,4),(4,2,2,4),(0.,1.),(-0.00311164398672563,
6.10133366431582E-5,0.0685833808436831,0.0881807224753758),
 .UNSPECIFIED.);
#381=B_SPLINE_SURFACE_WITH_KNOTS('',3,3,((#4868,#4869,#4870,#4871,#4872,
#4873),(#4874,#4875,#4876,#4877,#4878,#4879),(#4880,#4881,#4882,#4883,#4884,
#4885),(#4886,#4887,#4888,#4889,#4890,#4891)),.UNSPECIFIED.,.F.,.F.,.F.,
(4,4),(4,2,4),(0.,1.),(-0.00339145790215916,0.000820649095450205,0.0710995804050344),
 .UNSPECIFIED.);
#382=B_SPLINE_SURFACE_WITH_KNOTS('',3,3,((#4935,#4936,#4937,#4938,#4939,
#4940,#4941,#4942),(#4943,#4944,#4945,#4946,#4947,#4948,#4949,#4950),(#4951,
#4952,#4953,#4954,#4955,#4956,#4957,#4958),(#4959,#4960,#4961,#4962,#4963,
#4964,#4965,#4966)),.UNSPECIFIED.,.F.,.F.,.F.,(4,4),(4,2,2,4),(0.,1.),(-0.019530984769844,
6.54165774044593E-5,0.0685844960455353,0.0717570015286578),
 .UNSPECIFIED.);
#383=B_SPLINE_SURFACE_WITH_KNOTS('',3,3,((#4993,#4994,#4995,#4996),(#4997,
#4998,#4999,#5000),(#5001,#5002,#5003,#5004),(#5005,#5006,#5007,#5008)),
 .UNSPECIFIED.,.F.,.F.,.F.,(4,4),(4,4),(0.,1.),(2.42671068500712E-5,1.30464117360947),
 .UNSPECIFIED.);
#384=B_SPLINE_SURFACE_WITH_KNOTS('',3,3,((#5033,#5034,#5035,#5036,#5037,
#5038),(#5039,#5040,#5041,#5042,#5043,#5044),(#5045,#5046,#5047,#5048,#5049,
#5050),(#5051,#5052,#5053,#5054,#5055,#5056)),.UNSPECIFIED.,.F.,.F.,.F.,
(4,4),(4,2,4),(0.,1.),(0.00562506215928821,0.0759332846644756,0.0801471466226282),
 .UNSPECIFIED.);
#385=B_SPLINE_SURFACE_WITH_KNOTS('',3,3,((#5075,#5076,#5077,#5078),(#5079,
#5080,#5081,#5082),(#5083,#5084,#5085,#5086),(#5087,#5088,#5089,#5090)),
 .UNSPECIFIED.,.F.,.F.,.F.,(4,4),(4,4),(0.,1.),(0.00117381884605787,1.30579072551458),
 .UNSPECIFIED.);
#386=B_SPLINE_SURFACE_WITH_KNOTS('',3,3,((#5103,#5104,#5105,#5106,#5107,
#5108,#5109,#5110),(#5111,#5112,#5113,#5114,#5115,#5116,#5117,#5118),(#5119,
#5120,#5121,#5122,#5123,#5124,#5125,#5126),(#5127,#5128,#5129,#5130,#5131,
#5132,#5133,#5134)),.UNSPECIFIED.,.F.,.F.,.F.,(4,4),(4,2,2,4),(0.,1.),(-0.00311164398687309,
6.1013336879471E-5,0.0685833808438208,0.088180722474895),.UNSPECIFIED.);
#387=B_SPLINE_SURFACE_WITH_KNOTS('',3,3,((#5193,#5194,#5195,#5196,#5197,
#5198),(#5199,#5200,#5201,#5202,#5203,#5204),(#5205,#5206,#5207,#5208,#5209,
#5210),(#5211,#5212,#5213,#5214,#5215,#5216)),.UNSPECIFIED.,.F.,.F.,.F.,
(4,4),(4,2,4),(0.,1.),(0.0056250621583902,0.0759332846645054,0.0801471466225166),
 .UNSPECIFIED.);
#388=B_SPLINE_SURFACE_WITH_KNOTS('',3,3,((#5242,#5243,#5244,#5245,#5246,
#5247),(#5248,#5249,#5250,#5251,#5252,#5253),(#5254,#5255,#5256,#5257,#5258,
#5259),(#5260,#5261,#5262,#5263,#5264,#5265)),.UNSPECIFIED.,.F.,.F.,.F.,
(4,4),(4,2,4),(0.,1.),(-0.00339145790206501,0.000820649095426796,0.0710995804049263),
 .UNSPECIFIED.);
#389=B_SPLINE_SURFACE_WITH_KNOTS('',3,3,((#5309,#5310,#5311,#5312,#5313,
#5314,#5315,#5316),(#5317,#5318,#5319,#5320,#5321,#5322,#5323,#5324),(#5325,
#5326,#5327,#5328,#5329,#5330,#5331,#5332),(#5333,#5334,#5335,#5336,#5337,
#5338,#5339,#5340)),.UNSPECIFIED.,.F.,.F.,.F.,(4,4),(4,2,2,4),(0.,1.),(-0.0195309847690092,
6.54165772087216E-5,0.0685844960453374,0.0717570015285705),
 .UNSPECIFIED.);
#390=B_SPLINE_SURFACE_WITH_KNOTS('',3,3,((#5367,#5368,#5369,#5370),(#5371,
#5372,#5373,#5374),(#5375,#5376,#5377,#5378),(#5379,#5380,#5381,#5382)),
 .UNSPECIFIED.,.F.,.F.,.F.,(4,4),(4,4),(0.,1.),(2.42671068543371E-5,1.30464117360934),
 .UNSPECIFIED.);
#391=B_SPLINE_SURFACE_WITH_KNOTS('',3,3,((#5400,#5401,#5402,#5403),(#5404,
#5405,#5406,#5407),(#5408,#5409,#5410,#5411),(#5412,#5413,#5414,#5415)),
 .UNSPECIFIED.,.F.,.F.,.F.,(4,4),(4,4),(0.,1.),(0.00117381884666301,1.30579072551524),
 .UNSPECIFIED.);
#392=B_SPLINE_SURFACE_WITH_KNOTS('',3,3,((#5428,#5429,#5430,#5431,#5432,
#5433,#5434,#5435),(#5436,#5437,#5438,#5439,#5440,#5441,#5442,#5443),(#5444,
#5445,#5446,#5447,#5448,#5449,#5450,#5451),(#5452,#5453,#5454,#5455,#5456,
#5457,#5458,#5459)),.UNSPECIFIED.,.F.,.F.,.F.,(4,4),(4,2,2,4),(0.,1.),(-0.00311164398673569,
6.10133366961889E-5,0.0685833808437036,0.088180722477072),.UNSPECIFIED.);
#393=B_SPLINE_SURFACE_WITH_KNOTS('',3,3,((#5504,#5505,#5506,#5507,#5508,
#5509),(#5510,#5511,#5512,#5513,#5514,#5515),(#5516,#5517,#5518,#5519,#5520,
#5521),(#5522,#5523,#5524,#5525,#5526,#5527)),.UNSPECIFIED.,.F.,.F.,.F.,
(4,4),(4,2,4),(0.,1.),(-0.0033914579020939,0.000820649095433648,0.0710995804051117),
 .UNSPECIFIED.);
#394=B_SPLINE_SURFACE_WITH_KNOTS('',3,3,((#5571,#5572,#5573,#5574,#5575,
#5576,#5577,#5578),(#5579,#5580,#5581,#5582,#5583,#5584,#5585,#5586),(#5587,
#5588,#5589,#5590,#5591,#5592,#5593,#5594),(#5595,#5596,#5597,#5598,#5599,
#5600,#5601,#5602)),.UNSPECIFIED.,.F.,.F.,.F.,(4,4),(4,2,2,4),(0.,1.),(-0.0195309847689391,
6.54165774206188E-5,0.0685844960455511,0.0717570015289836),
 .UNSPECIFIED.);
#395=B_SPLINE_SURFACE_WITH_KNOTS('',3,3,((#5629,#5630,#5631,#5632),(#5633,
#5634,#5635,#5636),(#5637,#5638,#5639,#5640),(#5641,#5642,#5643,#5644)),
 .UNSPECIFIED.,.F.,.F.,.F.,(4,4),(4,4),(0.,1.),(2.42671068529718E-5,1.30464117360946),
 .UNSPECIFIED.);
#396=B_SPLINE_SURFACE_WITH_KNOTS('',3,3,((#5669,#5670,#5671,#5672,#5673,
#5674),(#5675,#5676,#5677,#5678,#5679,#5680),(#5681,#5682,#5683,#5684,#5685,
#5686),(#5687,#5688,#5689,#5690,#5691,#5692)),.UNSPECIFIED.,.F.,.F.,.F.,
(4,4),(4,2,4),(0.,1.),(0.00562506215918873,0.0759332846644912,0.0801471466225684),
 .UNSPECIFIED.);
#397=B_SPLINE_SURFACE_WITH_KNOTS('',3,3,((#5711,#5712,#5713,#5714),(#5715,
#5716,#5717,#5718),(#5719,#5720,#5721,#5722),(#5723,#5724,#5725,#5726)),
 .UNSPECIFIED.,.F.,.F.,.F.,(4,4),(4,4),(0.,1.),(0.00117381884618631,1.30579072551475),
 .UNSPECIFIED.);
#398=B_SPLINE_SURFACE_WITH_KNOTS('',3,3,((#5739,#5740,#5741,#5742,#5743,
#5744,#5745,#5746),(#5747,#5748,#5749,#5750,#5751,#5752,#5753,#5754),(#5755,
#5756,#5757,#5758,#5759,#5760,#5761,#5762),(#5763,#5764,#5765,#5766,#5767,
#5768,#5769,#5770)),.UNSPECIFIED.,.F.,.F.,.F.,(4,4),(4,2,2,4),(0.,1.),(-0.00311164398674512,
6.10133368998283E-5,0.0685833808438608,0.0881807224755864),
 .UNSPECIFIED.);
#399=B_SPLINE_SURFACE_WITH_KNOTS('',3,3,((#5829,#5830,#5831,#5832,#5833,
#5834),(#5835,#5836,#5837,#5838,#5839,#5840),(#5841,#5842,#5843,#5844,#5845,
#5846),(#5847,#5848,#5849,#5850,#5851,#5852)),.UNSPECIFIED.,.F.,.F.,.F.,
(4,4),(4,2,4),(0.,1.),(0.00562506215913208,0.075933284664492,0.0801471466225698),
 .UNSPECIFIED.);
#400=B_SPLINE_SURFACE_WITH_KNOTS('',3,3,((#5878,#5879,#5880,#5881,#5882,
#5883),(#5884,#5885,#5886,#5887,#5888,#5889),(#5890,#5891,#5892,#5893,#5894,
#5895),(#5896,#5897,#5898,#5899,#5900,#5901)),.UNSPECIFIED.,.F.,.F.,.F.,
(4,4),(4,2,4),(0.,1.),(-0.0033914579019691,0.000820649095402666,0.0710995804051926),
 .UNSPECIFIED.);
#401=B_SPLINE_SURFACE_WITH_KNOTS('',3,3,((#5945,#5946,#5947,#5948,#5949,
#5950,#5951,#5952),(#5953,#5954,#5955,#5956,#5957,#5958,#5959,#5960),(#5961,
#5962,#5963,#5964,#5965,#5966,#5967,#5968),(#5969,#5970,#5971,#5972,#5973,
#5974,#5975,#5976)),.UNSPECIFIED.,.F.,.F.,.F.,(4,4),(4,2,2,4),(0.,1.),(-0.0195309847709976,
6.54165770324476E-5,0.0685844960451428,0.0717570015284239),
 .UNSPECIFIED.);
#402=B_SPLINE_SURFACE_WITH_KNOTS('',3,3,((#6003,#6004,#6005,#6006),(#6007,
#6008,#6009,#6010),(#6011,#6012,#6013,#6014),(#6015,#6016,#6017,#6018)),
 .UNSPECIFIED.,.F.,.F.,.F.,(4,4),(4,4),(0.,1.),(2.42671068486283E-5,1.30464117360946),
 .UNSPECIFIED.);
#403=B_SPLINE_SURFACE_WITH_KNOTS('',3,3,((#6036,#6037,#6038,#6039),(#6040,
#6041,#6042,#6043),(#6044,#6045,#6046,#6047),(#6048,#6049,#6050,#6051)),
 .UNSPECIFIED.,.F.,.F.,.F.,(4,4),(4,4),(0.,1.),(0.00117381884579909,1.30579072551431),
 .UNSPECIFIED.);
#404=B_SPLINE_SURFACE_WITH_KNOTS('',3,3,((#6064,#6065,#6066,#6067,#6068,
#6069,#6070,#6071),(#6072,#6073,#6074,#6075,#6076,#6077,#6078,#6079),(#6080,
#6081,#6082,#6083,#6084,#6085,#6086,#6087),(#6088,#6089,#6090,#6091,#6092,
#6093,#6094,#6095)),.UNSPECIFIED.,.F.,.F.,.F.,(4,4),(4,2,2,4),(0.,1.),(-0.00311164398698479,
6.10133365264014E-5,0.0685833808434607,0.0881807224765875),
 .UNSPECIFIED.);
#405=B_SPLINE_SURFACE_WITH_KNOTS('',3,3,((#6140,#6141,#6142,#6143,#6144,
#6145),(#6146,#6147,#6148,#6149,#6150,#6151),(#6152,#6153,#6154,#6155,#6156,
#6157),(#6158,#6159,#6160,#6161,#6162,#6163)),.UNSPECIFIED.,.F.,.F.,.F.,
(4,4),(4,2,4),(0.,1.),(-0.00339145790201865,0.000820649095416869,0.0710995804051834),
 .UNSPECIFIED.);
#406=B_SPLINE_SURFACE_WITH_KNOTS('',3,3,((#6207,#6208,#6209,#6210,#6211,
#6212,#6213,#6214),(#6215,#6216,#6217,#6218,#6219,#6220,#6221,#6222),(#6223,
#6224,#6225,#6226,#6227,#6228,#6229,#6230),(#6231,#6232,#6233,#6234,#6235,
#6236,#6237,#6238)),.UNSPECIFIED.,.F.,.F.,.F.,(4,4),(4,2,2,4),(0.,1.),(-0.0195309847695832,
6.54165773428927E-5,0.0685844960454731,0.0717570015288388),
 .UNSPECIFIED.);
#407=B_SPLINE_SURFACE_WITH_KNOTS('',3,3,((#6265,#6266,#6267,#6268),(#6269,
#6270,#6271,#6272),(#6273,#6274,#6275,#6276),(#6277,#6278,#6279,#6280)),
 .UNSPECIFIED.,.F.,.F.,.F.,(4,4),(4,4),(0.,1.),(2.42671068485941E-5,1.30464117360927),
 .UNSPECIFIED.);
#408=B_SPLINE_SURFACE_WITH_KNOTS('',3,3,((#6305,#6306,#6307,#6308,#6309,
#6310),(#6311,#6312,#6313,#6314,#6315,#6316),(#6317,#6318,#6319,#6320,#6321,
#6322),(#6323,#6324,#6325,#6326,#6327,#6328)),.UNSPECIFIED.,.F.,.F.,.F.,
(4,4),(4,2,4),(0.,1.),(0.00562506215854849,0.0759332846644975,0.0801471466225425),
 .UNSPECIFIED.);
#409=B_SPLINE_SURFACE_WITH_KNOTS('',3,3,((#6347,#6348,#6349,#6350),(#6351,
#6352,#6353,#6354),(#6355,#6356,#6357,#6358),(#6359,#6360,#6361,#6362)),
 .UNSPECIFIED.,.F.,.F.,.F.,(4,4),(4,4),(0.,1.),(0.00117381884600261,1.30579072551454),
 .UNSPECIFIED.);
#410=B_SPLINE_SURFACE_WITH_KNOTS('',3,3,((#6375,#6376,#6377,#6378,#6379,
#6380,#6381,#6382),(#6383,#6384,#6385,#6386,#6387,#6388,#6389,#6390),(#6391,
#6392,#6393,#6394,#6395,#6396,#6397,#6398),(#6399,#6400,#6401,#6402,#6403,
#6404,#6405,#6406)),.UNSPECIFIED.,.F.,.F.,.F.,(4,4),(4,2,2,4),(0.,1.),(-0.00311164398642685,
6.10133368133465E-5,0.0685833808437984,0.0881807224762309),
 .UNSPECIFIED.);
#411=B_SPLINE_SURFACE_WITH_KNOTS('',3,3,((#6465,#6466,#6467,#6468,#6469,
#6470),(#6471,#6472,#6473,#6474,#6475,#6476),(#6477,#6478,#6479,#6480,#6481,
#6482),(#6483,#6484,#6485,#6486,#6487,#6488)),.UNSPECIFIED.,.F.,.F.,.F.,
(4,4),(4,2,4),(0.,1.),(0.00562506215861413,0.0759332846644574,0.0801471466227058),
 .UNSPECIFIED.);
#412=B_SPLINE_SURFACE_WITH_KNOTS('',3,3,((#6514,#6515,#6516,#6517,#6518,
#6519),(#6520,#6521,#6522,#6523,#6524,#6525),(#6526,#6527,#6528,#6529,#6530,
#6531),(#6532,#6533,#6534,#6535,#6536,#6537)),.UNSPECIFIED.,.F.,.F.,.F.,
(4,4),(4,2,4),(0.,1.),(-0.00339145790203228,0.000820649095420199,0.0710995804050432),
 .UNSPECIFIED.);
#413=B_SPLINE_SURFACE_WITH_KNOTS('',3,3,((#6581,#6582,#6583,#6584,#6585,
#6586,#6587,#6588),(#6589,#6590,#6591,#6592,#6593,#6594,#6595,#6596),(#6597,
#6598,#6599,#6600,#6601,#6602,#6603,#6604),(#6605,#6606,#6607,#6608,#6609,
#6610,#6611,#6612)),.UNSPECIFIED.,.F.,.F.,.F.,(4,4),(4,2,2,4),(0.,1.),(-0.0195309847696922,
6.5416577819781E-5,0.0685844960459427,0.0717570015293579),.UNSPECIFIED.);
#414=B_SPLINE_SURFACE_WITH_KNOTS('',3,3,((#6639,#6640,#6641,#6642),(#6643,
#6644,#6645,#6646),(#6647,#6648,#6649,#6650),(#6651,#6652,#6653,#6654)),
 .UNSPECIFIED.,.F.,.F.,.F.,(4,4),(4,4),(0.,1.),(2.42671068562513E-5,1.3046411736095),
 .UNSPECIFIED.);
#415=B_SPLINE_SURFACE_WITH_KNOTS('',3,3,((#6672,#6673,#6674,#6675),(#6676,
#6677,#6678,#6679),(#6680,#6681,#6682,#6683),(#6684,#6685,#6686,#6687)),
 .UNSPECIFIED.,.F.,.F.,.F.,(4,4),(4,4),(0.,1.),(0.00117381884621348,1.30579072551475),
 .UNSPECIFIED.);
#416=B_SPLINE_SURFACE_WITH_KNOTS('',3,3,((#6700,#6701,#6702,#6703,#6704,
#6705,#6706,#6707),(#6708,#6709,#6710,#6711,#6712,#6713,#6714,#6715),(#6716,
#6717,#6718,#6719,#6720,#6721,#6722,#6723),(#6724,#6725,#6726,#6727,#6728,
#6729,#6730,#6731)),.UNSPECIFIED.,.F.,.F.,.F.,(4,4),(4,2,2,4),(0.,1.),(-0.00311164398644887,
6.10133372673126E-5,0.0685833808442872,0.0881807224763032),
 .UNSPECIFIED.);
#417=B_SPLINE_SURFACE_WITH_KNOTS('',3,3,((#6776,#6777,#6778,#6779,#6780,
#6781),(#6782,#6783,#6784,#6785,#6786,#6787),(#6788,#6789,#6790,#6791,#6792,
#6793),(#6794,#6795,#6796,#6797,#6798,#6799)),.UNSPECIFIED.,.F.,.F.,.F.,
(4,4),(4,2,4),(0.,1.),(-0.00339145790195033,0.000820649095397326,0.0710995804053484),
 .UNSPECIFIED.);
#418=B_SPLINE_SURFACE_WITH_KNOTS('',3,3,((#6843,#6844,#6845,#6846,#6847,
#6848,#6849,#6850),(#6851,#6852,#6853,#6854,#6855,#6856,#6857,#6858),(#6859,
#6860,#6861,#6862,#6863,#6864,#6865,#6866),(#6867,#6868,#6869,#6870,#6871,
#6872,#6873,#6874)),.UNSPECIFIED.,.F.,.F.,.F.,(4,4),(4,2,2,4),(0.,1.),(-0.0195309847689647,
6.54165779699311E-5,0.068584496046103,0.0717570015294129),.UNSPECIFIED.);
#419=B_SPLINE_SURFACE_WITH_KNOTS('',3,3,((#6901,#6902,#6903,#6904),(#6905,
#6906,#6907,#6908),(#6909,#6910,#6911,#6912),(#6913,#6914,#6915,#6916)),
 .UNSPECIFIED.,.F.,.F.,.F.,(4,4),(4,4),(0.,1.),(2.42671068520431E-5,1.30464117360947),
 .UNSPECIFIED.);
#420=B_SPLINE_SURFACE_WITH_KNOTS('',3,3,((#6941,#6942,#6943,#6944,#6945,
#6946),(#6947,#6948,#6949,#6950,#6951,#6952),(#6953,#6954,#6955,#6956,#6957,
#6958),(#6959,#6960,#6961,#6962,#6963,#6964)),.UNSPECIFIED.,.F.,.F.,.F.,
(4,4),(4,2,4),(0.,1.),(0.00562506215936009,0.0759332846644792,0.0801471466226133),
 .UNSPECIFIED.);
#421=B_SPLINE_SURFACE_WITH_KNOTS('',3,3,((#6983,#6984,#6985,#6986),(#6987,
#6988,#6989,#6990),(#6991,#6992,#6993,#6994),(#6995,#6996,#6997,#6998)),
 .UNSPECIFIED.,.F.,.F.,.F.,(4,4),(4,4),(0.,1.),(0.00117381884578562,1.30579072551431),
 .UNSPECIFIED.);
#422=B_SPLINE_SURFACE_WITH_KNOTS('',3,3,((#7011,#7012,#7013,#7014,#7015,
#7016,#7017,#7018),(#7019,#7020,#7021,#7022,#7023,#7024,#7025,#7026),(#7027,
#7028,#7029,#7030,#7031,#7032,#7033,#7034),(#7035,#7036,#7037,#7038,#7039,
#7040,#7041,#7042)),.UNSPECIFIED.,.F.,.F.,.F.,(4,4),(4,2,2,4),(0.,1.),(-0.00311164398649398,
6.10133374039355E-5,0.0685833808444369,0.0881807224778981),
 .UNSPECIFIED.);
#423=B_SPLINE_SURFACE_WITH_KNOTS('',3,3,((#7101,#7102,#7103,#7104,#7105,
#7106,#7107,#7108),(#7109,#7110,#7111,#7112,#7113,#7114,#7115,#7116),(#7117,
#7118,#7119,#7120,#7121,#7122,#7123,#7124),(#7125,#7126,#7127,#7128,#7129,
#7130,#7131,#7132)),.UNSPECIFIED.,.F.,.F.,.F.,(4,4),(4,2,2,4),(0.,1.),(-0.00311164404776316,
6.10132760174516E-5,0.0685833807831358,0.0881807224177182),
 .UNSPECIFIED.);
#424=B_SPLINE_SURFACE_WITH_KNOTS('',3,3,((#7147,#7148,#7149,#7150,#7151,
#7152),(#7153,#7154,#7155,#7156,#7157,#7158),(#7159,#7160,#7161,#7162,#7163,
#7164),(#7165,#7166,#7167,#7168,#7169,#7170)),.UNSPECIFIED.,.F.,.F.,.F.,
(4,4),(4,2,4),(0.,1.),(0.00562506215838919,0.0759332846645051,0.0801471466225158),
 .UNSPECIFIED.);
#425=B_SPLINE_SURFACE_WITH_KNOTS('',3,3,((#7196,#7197,#7198,#7199,#7200,
#7201,#7202,#7203),(#7204,#7205,#7206,#7207,#7208,#7209,#7210,#7211),(#7212,
#7213,#7214,#7215,#7216,#7217,#7218,#7219),(#7220,#7221,#7222,#7223,#7224,
#7225,#7226,#7227)),.UNSPECIFIED.,.F.,.F.,.F.,(4,4),(4,2,2,4),(0.,1.),(-0.0195309848334076,
6.5416512140418E-5,0.0685844959803352,0.0717570014635228),.UNSPECIFIED.);
#426=B_SPLINE_SURFACE_WITH_KNOTS('',3,3,((#7254,#7255,#7256,#7257),(#7258,
#7259,#7260,#7261),(#7262,#7263,#7264,#7265),(#7266,#7267,#7268,#7269)),
 .UNSPECIFIED.,.F.,.F.,.F.,(4,4),(4,4),(0.,1.),(2.42671691776664E-5,1.30464117367751),
 .UNSPECIFIED.);
#427=B_SPLINE_SURFACE_WITH_KNOTS('',3,3,((#7286,#7287,#7288,#7289,#7290,
#7291),(#7292,#7293,#7294,#7295,#7296,#7297),(#7298,#7299,#7300,#7301,#7302,
#7303),(#7304,#7305,#7306,#7307,#7308,#7309)),.UNSPECIFIED.,.F.,.F.,.F.,
(4,4),(4,2,4),(0.,1.),(-0.00339145790202248,0.000820649095418562,0.0710995804051171),
 .UNSPECIFIED.);
#428=B_SPLINE_SURFACE_WITH_KNOTS('',3,3,((#7354,#7355,#7356,#7357),(#7358,
#7359,#7360,#7361),(#7362,#7363,#7364,#7365),(#7366,#7367,#7368,#7369)),
 .UNSPECIFIED.,.F.,.F.,.F.,(4,4),(4,4),(0.,1.),(0.00117381884587091,1.30579072552052),
 .UNSPECIFIED.);
#429=B_SPLINE_SURFACE_WITH_KNOTS('',3,3,((#7419,#7420,#7421,#7422,#7423,
#7424,#7425,#7426),(#7427,#7428,#7429,#7430,#7431,#7432,#7433,#7434),(#7435,
#7436,#7437,#7438,#7439,#7440,#7441,#7442),(#7443,#7444,#7445,#7446,#7447,
#7448,#7449,#7450)),.UNSPECIFIED.,.F.,.F.,.F.,(4,4),(4,2,2,4),(0.,1.),(-0.00317266099756508,
0.,0.0685224443436969,0.0881198072351078),.UNSPECIFIED.);
#430=B_SPLINE_SURFACE_WITH_KNOTS('',3,3,((#7465,#7466,#7467,#7468,#7469,
#7470),(#7471,#7472,#7473,#7474,#7475,#7476),(#7477,#7478,#7479,#7480,#7481,
#7482),(#7483,#7484,#7485,#7486,#7487,#7488)),.UNSPECIFIED.,.F.,.F.,.F.,
(4,4),(4,2,4),(0.,1.),(0.00533595369882272,0.0756186499843015,0.0798309487465712),
 .UNSPECIFIED.);
#431=B_SPLINE_SURFACE_WITH_KNOTS('',3,3,((#7514,#7515,#7516,#7517,#7518,
#7519,#7520,#7521),(#7522,#7523,#7524,#7525,#7526,#7527,#7528,#7529),(#7530,
#7531,#7532,#7533,#7534,#7535,#7536,#7537),(#7538,#7539,#7540,#7541,#7542,
#7543,#7544,#7545)),.UNSPECIFIED.,.F.,.F.,.F.,(4,4),(4,2,2,4),(0.,1.),(-0.0195964226037405,
0.,0.0685191563011708,0.0716916654579484),.UNSPECIFIED.);
#432=B_SPLINE_SURFACE_WITH_KNOTS('',3,3,((#7560,#7561,#7562,#7563),(#7564,
#7565,#7566,#7567),(#7568,#7569,#7570,#7571),(#7572,#7573,#7574,#7575)),
 .UNSPECIFIED.,.F.,.F.,.F.,(4,4),(4,4),(0.,1.),(-7.76691584103859E-5,1.30452944743418),
 .UNSPECIFIED.);
#433=B_SPLINE_SURFACE_WITH_KNOTS('',3,3,((#7587,#7588,#7589,#7590,#7591,
#7592),(#7593,#7594,#7595,#7596,#7597,#7598),(#7599,#7600,#7601,#7602,#7603,
#7604),(#7605,#7606,#7607,#7608,#7609,#7610)),.UNSPECIFIED.,.F.,.F.,.F.,
(4,4),(4,2,4),(0.,1.),(-0.00421054445286499,0.,0.0702534157236503),
 .UNSPECIFIED.);
#434=B_SPLINE_SURFACE_WITH_KNOTS('',3,3,((#7635,#7636,#7637,#7638),(#7639,
#7640,#7641,#7642),(#7643,#7644,#7645,#7646),(#7647,#7648,#7649,#7650)),
 .UNSPECIFIED.,.F.,.F.,.F.,(4,4),(4,4),(0.,1.),(0.00117380875871925,1.305780925518),
 .UNSPECIFIED.);
#435=FACE_BOUND('',#609,.T.);
#436=FACE_BOUND('',#638,.T.);
#437=CYLINDRICAL_SURFACE('',#2961,3.06999999999999);
#438=CYLINDRICAL_SURFACE('',#2967,3.79937904222177);
#439=FACE_OUTER_BOUND('',#603,.T.);
#440=FACE_OUTER_BOUND('',#604,.T.);
#441=FACE_OUTER_BOUND('',#605,.T.);
#442=FACE_OUTER_BOUND('',#606,.T.);
#443=FACE_OUTER_BOUND('',#607,.T.);
#444=FACE_OUTER_BOUND('',#608,.T.);
#445=FACE_OUTER_BOUND('',#610,.T.);
#446=FACE_OUTER_BOUND('',#611,.T.);
#447=FACE_OUTER_BOUND('',#612,.T.);
#448=FACE_OUTER_BOUND('',#613,.T.);
#449=FACE_OUTER_BOUND('',#614,.T.);
#450=FACE_OUTER_BOUND('',#615,.T.);
#451=FACE_OUTER_BOUND('',#616,.T.);
#452=FACE_OUTER_BOUND('',#617,.T.);
#453=FACE_OUTER_BOUND('',#618,.T.);
#454=FACE_OUTER_BOUND('',#619,.T.);
#455=FACE_OUTER_BOUND('',#620,.T.);
#456=FACE_OUTER_BOUND('',#621,.T.);
#457=FACE_OUTER_BOUND('',#622,.T.);
#458=FACE_OUTER_BOUND('',#623,.T.);
#459=FACE_OUTER_BOUND('',#624,.T.);
#460=FACE_OUTER_BOUND('',#625,.T.);
#461=FACE_OUTER_BOUND('',#626,.T.);
#462=FACE_OUTER_BOUND('',#627,.T.);
#463=FACE_OUTER_BOUND('',#628,.T.);
#464=FACE_OUTER_BOUND('',#629,.T.);
#465=FACE_OUTER_BOUND('',#630,.T.);
#466=FACE_OUTER_BOUND('',#631,.T.);
#467=FACE_OUTER_BOUND('',#632,.T.);
#468=FACE_OUTER_BOUND('',#633,.T.);
#469=FACE_OUTER_BOUND('',#634,.T.);
#470=FACE_OUTER_BOUND('',#635,.T.);
#471=FACE_OUTER_BOUND('',#636,.T.);
#472=FACE_OUTER_BOUND('',#637,.T.);
#473=FACE_OUTER_BOUND('',#639,.T.);
#474=FACE_OUTER_BOUND('',#640,.T.);
#475=FACE_OUTER_BOUND('',#641,.T.);
#476=FACE_OUTER_BOUND('',#642,.T.);
#477=FACE_OUTER_BOUND('',#643,.T.);
#478=FACE_OUTER_BOUND('',#644,.T.);
#479=FACE_OUTER_BOUND('',#645,.T.);
#480=FACE_OUTER_BOUND('',#646,.T.);
#481=FACE_OUTER_BOUND('',#647,.T.);
#482=FACE_OUTER_BOUND('',#648,.T.);
#483=FACE_OUTER_BOUND('',#649,.T.);
#484=FACE_OUTER_BOUND('',#650,.T.);
#485=FACE_OUTER_BOUND('',#651,.T.);
#486=FACE_OUTER_BOUND('',#652,.T.);
#487=FACE_OUTER_BOUND('',#653,.T.);
#488=FACE_OUTER_BOUND('',#654,.T.);
#489=FACE_OUTER_BOUND('',#655,.T.);
#490=FACE_OUTER_BOUND('',#656,.T.);
#491=FACE_OUTER_BOUND('',#657,.T.);
#492=FACE_OUTER_BOUND('',#658,.T.);
#493=FACE_OUTER_BOUND('',#659,.T.);
#494=FACE_OUTER_BOUND('',#660,.T.);
#495=FACE_OUTER_BOUND('',#661,.T.);
#496=FACE_OUTER_BOUND('',#662,.T.);
#497=FACE_OUTER_BOUND('',#663,.T.);
#498=FACE_OUTER_BOUND('',#664,.T.);
#499=FACE_OUTER_BOUND('',#665,.T.);
#500=FACE_OUTER_BOUND('',#666,.T.);
#501=FACE_OUTER_BOUND('',#667,.T.);
#502=FACE_OUTER_BOUND('',#668,.T.);
#503=FACE_OUTER_BOUND('',#669,.T.);
#504=FACE_OUTER_BOUND('',#670,.T.);
#505=FACE_OUTER_BOUND('',#671,.T.);
#506=FACE_OUTER_BOUND('',#672,.T.);
#507=FACE_OUTER_BOUND('',#673,.T.);
#508=FACE_OUTER_BOUND('',#674,.T.);
#509=FACE_OUTER_BOUND('',#675,.T.);
#510=FACE_OUTER_BOUND('',#676,.T.);
#511=FACE_OUTER_BOUND('',#677,.T.);
#512=FACE_OUTER_BOUND('',#678,.T.);
#513=FACE_OUTER_BOUND('',#679,.T.);
#514=FACE_OUTER_BOUND('',#680,.T.);
#515=FACE_OUTER_BOUND('',#681,.T.);
#516=FACE_OUTER_BOUND('',#682,.T.);
#517=FACE_OUTER_BOUND('',#683,.T.);
#518=FACE_OUTER_BOUND('',#684,.T.);
#519=FACE_OUTER_BOUND('',#685,.T.);
#520=FACE_OUTER_BOUND('',#686,.T.);
#521=FACE_OUTER_BOUND('',#687,.T.);
#522=FACE_OUTER_BOUND('',#688,.T.);
#523=FACE_OUTER_BOUND('',#689,.T.);
#524=FACE_OUTER_BOUND('',#690,.T.);
#525=FACE_OUTER_BOUND('',#691,.T.);
#526=FACE_OUTER_BOUND('',#692,.T.);
#527=FACE_OUTER_BOUND('',#693,.T.);
#528=FACE_OUTER_BOUND('',#694,.T.);
#529=FACE_OUTER_BOUND('',#695,.T.);
#530=FACE_OUTER_BOUND('',#696,.T.);
#531=FACE_OUTER_BOUND('',#697,.T.);
#532=FACE_OUTER_BOUND('',#698,.T.);
#533=FACE_OUTER_BOUND('',#699,.T.);
#534=FACE_OUTER_BOUND('',#700,.T.);
#535=FACE_OUTER_BOUND('',#701,.T.);
#536=FACE_OUTER_BOUND('',#702,.T.);
#537=FACE_OUTER_BOUND('',#703,.T.);
#538=FACE_OUTER_BOUND('',#704,.T.);
#539=FACE_OUTER_BOUND('',#705,.T.);
#540=FACE_OUTER_BOUND('',#706,.T.);
#541=FACE_OUTER_BOUND('',#707,.T.);
#542=FACE_OUTER_BOUND('',#708,.T.);
#543=FACE_OUTER_BOUND('',#709,.T.);
#544=FACE_OUTER_BOUND('',#710,.T.);
#545=FACE_OUTER_BOUND('',#711,.T.);
#546=FACE_OUTER_BOUND('',#712,.T.);
#547=FACE_OUTER_BOUND('',#713,.T.);
#548=FACE_OUTER_BOUND('',#714,.T.);
#549=FACE_OUTER_BOUND('',#715,.T.);
#550=FACE_OUTER_BOUND('',#716,.T.);
#551=FACE_OUTER_BOUND('',#717,.T.);
#552=FACE_OUTER_BOUND('',#718,.T.);
#553=FACE_OUTER_BOUND('',#719,.T.);
#554=FACE_OUTER_BOUND('',#720,.T.);
#555=FACE_OUTER_BOUND('',#721,.T.);
#556=FACE_OUTER_BOUND('',#722,.T.);
#557=FACE_OUTER_BOUND('',#723,.T.);
#558=FACE_OUTER_BOUND('',#724,.T.);
#559=FACE_OUTER_BOUND('',#725,.T.);
#560=FACE_OUTER_BOUND('',#726,.T.);
#561=FACE_OUTER_BOUND('',#727,.T.);
#562=FACE_OUTER_BOUND('',#728,.T.);
#563=FACE_OUTER_BOUND('',#729,.T.);
#564=FACE_OUTER_BOUND('',#730,.T.);
#565=FACE_OUTER_BOUND('',#731,.T.);
#566=FACE_OUTER_BOUND('',#732,.T.);
#567=FACE_OUTER_BOUND('',#733,.T.);
#568=FACE_OUTER_BOUND('',#734,.T.);
#569=FACE_OUTER_BOUND('',#735,.T.);
#570=FACE_OUTER_BOUND('',#736,.T.);
#571=FACE_OUTER_BOUND('',#737,.T.);
#572=FACE_OUTER_BOUND('',#738,.T.);
#573=FACE_OUTER_BOUND('',#739,.T.);
#574=FACE_OUTER_BOUND('',#740,.T.);
#575=FACE_OUTER_BOUND('',#741,.T.);
#576=FACE_OUTER_BOUND('',#742,.T.);
#577=FACE_OUTER_BOUND('',#743,.T.);
#578=FACE_OUTER_BOUND('',#744,.T.);
#579=FACE_OUTER_BOUND('',#745,.T.);
#580=FACE_OUTER_BOUND('',#746,.T.);
#581=FACE_OUTER_BOUND('',#747,.T.);
#582=FACE_OUTER_BOUND('',#748,.T.);
#583=FACE_OUTER_BOUND('',#749,.T.);
#584=FACE_OUTER_BOUND('',#750,.T.);
#585=FACE_OUTER_BOUND('',#751,.T.);
#586=FACE_OUTER_BOUND('',#752,.T.);
#587=FACE_OUTER_BOUND('',#753,.T.);
#588=FACE_OUTER_BOUND('',#754,.T.);
#589=FACE_OUTER_BOUND('',#755,.T.);
#590=FACE_OUTER_BOUND('',#756,.T.);
#591=FACE_OUTER_BOUND('',#757,.T.);
#592=FACE_OUTER_BOUND('',#758,.T.);
#593=FACE_OUTER_BOUND('',#759,.T.);
#594=FACE_OUTER_BOUND('',#760,.T.);
#595=FACE_OUTER_BOUND('',#761,.T.);
#596=FACE_OUTER_BOUND('',#762,.T.);
#597=FACE_OUTER_BOUND('',#763,.T.);
#598=FACE_OUTER_BOUND('',#764,.T.);
#599=FACE_OUTER_BOUND('',#765,.T.);
#600=FACE_OUTER_BOUND('',#766,.T.);
#601=FACE_OUTER_BOUND('',#767,.T.);
#602=FACE_OUTER_BOUND('',#768,.T.);
#603=EDGE_LOOP('',(#1803,#1804));
#604=EDGE_LOOP('',(#1805,#1806,#1807,#1808,#1809,#1810,#1811,#1812));
#605=EDGE_LOOP('',(#1813,#1814,#1815,#1816));
#606=EDGE_LOOP('',(#1817,#1818,#1819));
#607=EDGE_LOOP('',(#1820,#1821,#1822,#1823));
#608=EDGE_LOOP('',(#1824));
#609=EDGE_LOOP('',(#1825));
#610=EDGE_LOOP('',(#1826,#1827,#1828,#1829,#1830));
#611=EDGE_LOOP('',(#1831,#1832,#1833,#1834,#1835));
#612=EDGE_LOOP('',(#1836,#1837,#1838,#1839,#1840));
#613=EDGE_LOOP('',(#1841,#1842,#1843,#1844));
#614=EDGE_LOOP('',(#1845,#1846,#1847,#1848,#1849));
#615=EDGE_LOOP('',(#1850,#1851,#1852,#1853,#1854));
#616=EDGE_LOOP('',(#1855,#1856,#1857,#1858));
#617=EDGE_LOOP('',(#1859,#1860,#1861,#1862,#1863));
#618=EDGE_LOOP('',(#1864,#1865,#1866,#1867,#1868,#1869,#1870,#1871));
#619=EDGE_LOOP('',(#1872,#1873,#1874,#1875,#1876,#1877));
#620=EDGE_LOOP('',(#1878,#1879,#1880,#1881,#1882,#1883,#1884,#1885,#1886,
#1887,#1888,#1889,#1890,#1891,#1892,#1893,#1894,#1895,#1896,#1897,#1898,
#1899,#1900,#1901,#1902,#1903,#1904,#1905,#1906,#1907,#1908,#1909,#1910,
#1911,#1912,#1913));
#621=EDGE_LOOP('',(#1914,#1915,#1916,#1917,#1918,#1919));
#622=EDGE_LOOP('',(#1920,#1921,#1922,#1923,#1924,#1925,#1926,#1927));
#623=EDGE_LOOP('',(#1928,#1929,#1930,#1931));
#624=EDGE_LOOP('',(#1932,#1933,#1934,#1935,#1936,#1937));
#625=EDGE_LOOP('',(#1938,#1939,#1940,#1941,#1942,#1943));
#626=EDGE_LOOP('',(#1944,#1945,#1946,#1947,#1948));
#627=EDGE_LOOP('',(#1949,#1950,#1951,#1952,#1953));
#628=EDGE_LOOP('',(#1954,#1955,#1956,#1957));
#629=EDGE_LOOP('',(#1958,#1959,#1960,#1961,#1962));
#630=EDGE_LOOP('',(#1963,#1964,#1965,#1966,#1967));
#631=EDGE_LOOP('',(#1968,#1969,#1970,#1971,#1972));
#632=EDGE_LOOP('',(#1973,#1974,#1975,#1976));
#633=EDGE_LOOP('',(#1977,#1978,#1979,#1980,#1981));
#634=EDGE_LOOP('',(#1982,#1983,#1984,#1985));
#635=EDGE_LOOP('',(#1986,#1987,#1988,#1989,#1990,#1991));
#636=EDGE_LOOP('',(#1992,#1993,#1994,#1995,#1996,#1997));
#637=EDGE_LOOP('',(#1998,#1999,#2000,#2001,#2002,#2003,#2004,#2005,#2006,
#2007,#2008,#2009,#2010,#2011,#2012,#2013,#2014,#2015,#2016,#2017,#2018,
#2019,#2020,#2021,#2022,#2023,#2024,#2025,#2026,#2027,#2028,#2029,#2030,
#2031,#2032,#2033,#2034,#2035,#2036,#2037,#2038,#2039,#2040,#2041,#2042,
#2043,#2044,#2045,#2046,#2047,#2048,#2049,#2050,#2051,#2052,#2053,#2054,
#2055,#2056,#2057));
#638=EDGE_LOOP('',(#2058));
#639=EDGE_LOOP('',(#2059,#2060,#2061,#2062));
#640=EDGE_LOOP('',(#2063,#2064,#2065,#2066,#2067,#2068,#2069,#2070));
#641=EDGE_LOOP('',(#2071,#2072,#2073,#2074,#2075,#2076));
#642=EDGE_LOOP('',(#2077,#2078,#2079,#2080,#2081));
#643=EDGE_LOOP('',(#2082,#2083,#2084,#2085,#2086));
#644=EDGE_LOOP('',(#2087,#2088,#2089,#2090,#2091));
#645=EDGE_LOOP('',(#2092,#2093,#2094,#2095));
#646=EDGE_LOOP('',(#2096,#2097,#2098,#2099,#2100));
#647=EDGE_LOOP('',(#2101,#2102,#2103,#2104,#2105));
#648=EDGE_LOOP('',(#2106,#2107,#2108,#2109));
#649=EDGE_LOOP('',(#2110,#2111,#2112,#2113,#2114));
#650=EDGE_LOOP('',(#2115,#2116,#2117,#2118,#2119,#2120,#2121,#2122));
#651=EDGE_LOOP('',(#2123,#2124,#2125,#2126,#2127,#2128));
#652=EDGE_LOOP('',(#2129,#2130,#2131,#2132,#2133,#2134));
#653=EDGE_LOOP('',(#2135,#2136,#2137,#2138,#2139,#2140));
#654=EDGE_LOOP('',(#2141,#2142,#2143,#2144,#2145));
#655=EDGE_LOOP('',(#2146,#2147,#2148,#2149,#2150));
#656=EDGE_LOOP('',(#2151,#2152,#2153,#2154));
#657=EDGE_LOOP('',(#2155,#2156,#2157,#2158,#2159));
#658=EDGE_LOOP('',(#2160,#2161,#2162,#2163,#2164));
#659=EDGE_LOOP('',(#2165,#2166,#2167,#2168,#2169));
#660=EDGE_LOOP('',(#2170,#2171,#2172,#2173));
#661=EDGE_LOOP('',(#2174,#2175,#2176,#2177,#2178));
#662=EDGE_LOOP('',(#2179,#2180,#2181,#2182));
#663=EDGE_LOOP('',(#2183,#2184,#2185,#2186,#2187,#2188));
#664=EDGE_LOOP('',(#2189,#2190,#2191,#2192,#2193,#2194));
#665=EDGE_LOOP('',(#2195,#2196,#2197,#2198));
#666=EDGE_LOOP('',(#2199,#2200,#2201,#2202,#2203,#2204,#2205,#2206));
#667=EDGE_LOOP('',(#2207,#2208,#2209,#2210,#2211,#2212));
#668=EDGE_LOOP('',(#2213,#2214,#2215,#2216,#2217));
#669=EDGE_LOOP('',(#2218,#2219,#2220,#2221,#2222));
#670=EDGE_LOOP('',(#2223,#2224,#2225,#2226,#2227));
#671=EDGE_LOOP('',(#2228,#2229,#2230,#2231));
#672=EDGE_LOOP('',(#2232,#2233,#2234,#2235,#2236));
#673=EDGE_LOOP('',(#2237,#2238,#2239,#2240,#2241));
#674=EDGE_LOOP('',(#2242,#2243,#2244,#2245));
#675=EDGE_LOOP('',(#2246,#2247,#2248,#2249,#2250));
#676=EDGE_LOOP('',(#2251,#2252,#2253,#2254,#2255,#2256,#2257,#2258));
#677=EDGE_LOOP('',(#2259,#2260,#2261,#2262,#2263,#2264));
#678=EDGE_LOOP('',(#2265,#2266,#2267,#2268,#2269,#2270));
#679=EDGE_LOOP('',(#2271,#2272,#2273,#2274,#2275,#2276));
#680=EDGE_LOOP('',(#2277,#2278,#2279,#2280,#2281));
#681=EDGE_LOOP('',(#2282,#2283,#2284,#2285,#2286));
#682=EDGE_LOOP('',(#2287,#2288,#2289,#2290));
#683=EDGE_LOOP('',(#2291,#2292,#2293,#2294,#2295));
#684=EDGE_LOOP('',(#2296,#2297,#2298,#2299,#2300));
#685=EDGE_LOOP('',(#2301,#2302,#2303,#2304,#2305));
#686=EDGE_LOOP('',(#2306,#2307,#2308,#2309));
#687=EDGE_LOOP('',(#2310,#2311,#2312,#2313,#2314));
#688=EDGE_LOOP('',(#2315,#2316,#2317,#2318));
#689=EDGE_LOOP('',(#2319,#2320,#2321,#2322,#2323,#2324));
#690=EDGE_LOOP('',(#2325,#2326,#2327,#2328,#2329,#2330));
#691=EDGE_LOOP('',(#2331,#2332,#2333,#2334));
#692=EDGE_LOOP('',(#2335,#2336,#2337,#2338,#2339,#2340,#2341,#2342));
#693=EDGE_LOOP('',(#2343,#2344,#2345,#2346,#2347,#2348));
#694=EDGE_LOOP('',(#2349,#2350,#2351,#2352,#2353));
#695=EDGE_LOOP('',(#2354,#2355,#2356,#2357,#2358));
#696=EDGE_LOOP('',(#2359,#2360,#2361,#2362,#2363));
#697=EDGE_LOOP('',(#2364,#2365,#2366,#2367));
#698=EDGE_LOOP('',(#2368,#2369,#2370,#2371,#2372));
#699=EDGE_LOOP('',(#2373,#2374,#2375,#2376,#2377));
#700=EDGE_LOOP('',(#2378,#2379,#2380,#2381));
#701=EDGE_LOOP('',(#2382,#2383,#2384,#2385,#2386));
#702=EDGE_LOOP('',(#2387,#2388,#2389,#2390,#2391,#2392,#2393,#2394));
#703=EDGE_LOOP('',(#2395,#2396,#2397,#2398,#2399,#2400));
#704=EDGE_LOOP('',(#2401,#2402,#2403,#2404,#2405,#2406));
#705=EDGE_LOOP('',(#2407,#2408,#2409,#2410,#2411,#2412));
#706=EDGE_LOOP('',(#2413,#2414,#2415,#2416,#2417));
#707=EDGE_LOOP('',(#2418,#2419,#2420,#2421,#2422));
#708=EDGE_LOOP('',(#2423,#2424,#2425,#2426));
#709=EDGE_LOOP('',(#2427,#2428,#2429,#2430,#2431));
#710=EDGE_LOOP('',(#2432,#2433,#2434,#2435,#2436));
#711=EDGE_LOOP('',(#2437,#2438,#2439,#2440,#2441));
#712=EDGE_LOOP('',(#2442,#2443,#2444,#2445));
#713=EDGE_LOOP('',(#2446,#2447,#2448,#2449,#2450));
#714=EDGE_LOOP('',(#2451,#2452,#2453,#2454));
#715=EDGE_LOOP('',(#2455,#2456,#2457,#2458,#2459,#2460));
#716=EDGE_LOOP('',(#2461,#2462,#2463,#2464,#2465,#2466));
#717=EDGE_LOOP('',(#2467,#2468,#2469,#2470));
#718=EDGE_LOOP('',(#2471,#2472,#2473,#2474,#2475,#2476,#2477,#2478));
#719=EDGE_LOOP('',(#2479,#2480,#2481,#2482,#2483,#2484));
#720=EDGE_LOOP('',(#2485,#2486,#2487,#2488,#2489));
#721=EDGE_LOOP('',(#2490,#2491,#2492,#2493,#2494));
#722=EDGE_LOOP('',(#2495,#2496,#2497,#2498,#2499));
#723=EDGE_LOOP('',(#2500,#2501,#2502,#2503));
#724=EDGE_LOOP('',(#2504,#2505,#2506,#2507,#2508));
#725=EDGE_LOOP('',(#2509,#2510,#2511,#2512,#2513));
#726=EDGE_LOOP('',(#2514,#2515,#2516,#2517));
#727=EDGE_LOOP('',(#2518,#2519,#2520,#2521,#2522));
#728=EDGE_LOOP('',(#2523,#2524,#2525,#2526,#2527,#2528,#2529,#2530));
#729=EDGE_LOOP('',(#2531,#2532,#2533,#2534,#2535,#2536));
#730=EDGE_LOOP('',(#2537,#2538,#2539,#2540,#2541,#2542));
#731=EDGE_LOOP('',(#2543,#2544,#2545,#2546,#2547,#2548));
#732=EDGE_LOOP('',(#2549,#2550,#2551,#2552,#2553));
#733=EDGE_LOOP('',(#2554,#2555,#2556,#2557,#2558));
#734=EDGE_LOOP('',(#2559,#2560,#2561,#2562));
#735=EDGE_LOOP('',(#2563,#2564,#2565,#2566,#2567));
#736=EDGE_LOOP('',(#2568,#2569,#2570,#2571,#2572));
#737=EDGE_LOOP('',(#2573,#2574,#2575,#2576,#2577));
#738=EDGE_LOOP('',(#2578,#2579,#2580,#2581));
#739=EDGE_LOOP('',(#2582,#2583,#2584,#2585,#2586));
#740=EDGE_LOOP('',(#2587,#2588,#2589,#2590));
#741=EDGE_LOOP('',(#2591,#2592,#2593,#2594,#2595,#2596));
#742=EDGE_LOOP('',(#2597,#2598,#2599,#2600,#2601,#2602));
#743=EDGE_LOOP('',(#2603,#2604,#2605,#2606));
#744=EDGE_LOOP('',(#2607,#2608,#2609,#2610,#2611,#2612,#2613,#2614));
#745=EDGE_LOOP('',(#2615,#2616,#2617,#2618,#2619,#2620));
#746=EDGE_LOOP('',(#2621,#2622,#2623,#2624,#2625));
#747=EDGE_LOOP('',(#2626,#2627,#2628,#2629,#2630));
#748=EDGE_LOOP('',(#2631,#2632,#2633,#2634,#2635));
#749=EDGE_LOOP('',(#2636,#2637,#2638,#2639));
#750=EDGE_LOOP('',(#2640,#2641,#2642,#2643,#2644));
#751=EDGE_LOOP('',(#2645,#2646,#2647,#2648,#2649));
#752=EDGE_LOOP('',(#2650,#2651,#2652,#2653,#2654));
#753=EDGE_LOOP('',(#2655,#2656,#2657,#2658));
#754=EDGE_LOOP('',(#2659,#2660,#2661,#2662,#2663,#2664));
#755=EDGE_LOOP('',(#2665,#2666,#2667,#2668));
#756=EDGE_LOOP('',(#2669,#2670,#2671,#2672,#2673,#2674,#2675,#2676));
#757=EDGE_LOOP('',(#2677,#2678,#2679,#2680,#2681,#2682));
#758=EDGE_LOOP('',(#2683,#2684,#2685,#2686,#2687,#2688));
#759=EDGE_LOOP('',(#2689,#2690,#2691,#2692,#2693));
#760=EDGE_LOOP('',(#2694,#2695,#2696,#2697,#2698));
#761=EDGE_LOOP('',(#2699,#2700,#2701,#2702,#2703));
#762=EDGE_LOOP('',(#2704,#2705,#2706,#2707));
#763=EDGE_LOOP('',(#2708,#2709,#2710,#2711,#2712));
#764=EDGE_LOOP('',(#2713,#2714,#2715,#2716,#2717));
#765=EDGE_LOOP('',(#2718,#2719,#2720,#2721,#2722));
#766=EDGE_LOOP('',(#2723,#2724,#2725,#2726));
#767=EDGE_LOOP('',(#2727,#2728,#2729,#2730,#2731,#2732));
#768=EDGE_LOOP('',(#2733,#2734,#2735,#2736,#2737,#2738));
#769=CIRCLE('',#2960,3.06999999999999);
#770=CIRCLE('',#2962,3.06999999999999);
#771=CIRCLE('',#2963,3.06999999999999);
#772=CIRCLE('',#2964,3.06999999999999);
#773=CIRCLE('',#2968,3.79937904222177);
#774=CIRCLE('',#2969,3.79937904222177);
#775=CIRCLE('',#2974,6.06873658201089);
#776=CIRCLE('',#2975,7.20642212862616);
#777=CIRCLE('',#2977,5.52515871063707);
#778=CIRCLE('',#2979,5.52515871063707);
#779=CIRCLE('',#2980,5.52515871063707);
#780=CIRCLE('',#2981,5.52515871063707);
#781=CIRCLE('',#2982,5.52515871063707);
#782=CIRCLE('',#2983,5.52515871063707);
#783=CIRCLE('',#2984,5.52515871063707);
#784=CIRCLE('',#2985,5.52515871063707);
#785=CIRCLE('',#2986,5.52515871063707);
#786=CIRCLE('',#2987,5.52515871063707);
#787=CIRCLE('',#2988,5.52515871063707);
#788=CIRCLE('',#2989,5.52515871063707);
#789=CIRCLE('',#2991,6.06873658201089);
#790=CIRCLE('',#2993,7.20642212862616);
#791=CIRCLE('',#2995,6.74999999999999);
#792=CIRCLE('',#3001,6.74999999999999);
#793=CIRCLE('',#3005,6.74999999999999);
#794=CIRCLE('',#3006,6.74999999999999);
#795=CIRCLE('',#3007,6.74999999999999);
#796=CIRCLE('',#3008,6.74999999999999);
#797=CIRCLE('',#3009,6.74999999999999);
#798=CIRCLE('',#3010,6.74999999999999);
#799=CIRCLE('',#3011,6.74999999999999);
#800=CIRCLE('',#3012,6.74999999999999);
#801=CIRCLE('',#3013,6.74999999999999);
#802=CIRCLE('',#3014,6.74999999999999);
#803=CIRCLE('',#3016,7.20642212862616);
#804=CIRCLE('',#3018,6.06873658201089);
#805=CIRCLE('',#3023,6.06873658201089);
#806=CIRCLE('',#3024,7.20642212862616);
#807=CIRCLE('',#3034,7.20642212862616);
#808=CIRCLE('',#3036,6.06873658201089);
#809=CIRCLE('',#3041,6.06873658201089);
#810=CIRCLE('',#3042,7.20642212862616);
#811=CIRCLE('',#3052,7.20642212862616);
#812=CIRCLE('',#3054,6.06873658201089);
#813=CIRCLE('',#3059,6.06873658201089);
#814=CIRCLE('',#3060,7.20642212862616);
#815=CIRCLE('',#3070,7.20642212862616);
#816=CIRCLE('',#3072,6.06873658201089);
#817=CIRCLE('',#3077,6.06873658201089);
#818=CIRCLE('',#3078,7.20642212862616);
#819=CIRCLE('',#3088,7.20642212862616);
#820=CIRCLE('',#3090,6.06873658201089);
#821=CIRCLE('',#3096,7.20642212862616);
#822=CIRCLE('',#3098,6.06873658201089);
#823=LINE('',#3505,#925);
#824=LINE('',#3511,#926);
#825=LINE('',#3514,#927);
#826=LINE('',#3516,#928);
#827=LINE('',#3519,#929);
#828=LINE('',#3525,#930);
#829=LINE('',#3755,#931);
#830=LINE('',#3760,#932);
#831=LINE('',#3761,#933);
#832=LINE('',#3764,#934);
#833=LINE('',#3765,#935);
#834=LINE('',#3900,#936);
#835=LINE('',#3902,#937);
#836=LINE('',#3906,#938);
#837=LINE('',#3908,#939);
#838=LINE('',#3912,#940);
#839=LINE('',#3914,#941);
#840=LINE('',#3918,#942);
#841=LINE('',#3920,#943);
#842=LINE('',#3924,#944);
#843=LINE('',#3926,#945);
#844=LINE('',#3930,#946);
#845=LINE('',#3932,#947);
#846=LINE('',#3936,#948);
#847=LINE('',#3938,#949);
#848=LINE('',#3942,#950);
#849=LINE('',#3944,#951);
#850=LINE('',#3948,#952);
#851=LINE('',#3950,#953);
#852=LINE('',#3954,#954);
#853=LINE('',#3956,#955);
#854=LINE('',#3960,#956);
#855=LINE('',#3961,#957);
#856=LINE('',#4008,#958);
#857=LINE('',#4009,#959);
#858=LINE('',#4011,#960);
#859=LINE('',#4174,#961);
#860=LINE('',#4175,#962);
#861=LINE('',#4178,#963);
#862=LINE('',#4311,#964);
#863=LINE('',#4312,#965);
#864=LINE('',#4314,#966);
#865=LINE('',#4326,#967);
#866=LINE('',#4328,#968);
#867=LINE('',#4346,#969);
#868=LINE('',#4348,#970);
#869=LINE('',#4366,#971);
#870=LINE('',#4368,#972);
#871=LINE('',#4386,#973);
#872=LINE('',#4388,#974);
#873=LINE('',#4406,#975);
#874=LINE('',#4408,#976);
#875=LINE('',#4426,#977);
#876=LINE('',#4428,#978);
#877=LINE('',#4446,#979);
#878=LINE('',#4448,#980);
#879=LINE('',#4466,#981);
#880=LINE('',#4468,#982);
#881=LINE('',#4486,#983);
#882=LINE('',#4488,#984);
#883=LINE('',#4506,#985);
#884=LINE('',#4508,#986);
#885=LINE('',#4760,#987);
#886=LINE('',#4761,#988);
#887=LINE('',#4763,#989);
#888=LINE('',#4866,#990);
#889=LINE('',#5022,#991);
#890=LINE('',#5023,#992);
#891=LINE('',#5026,#993);
#892=LINE('',#5149,#994);
#893=LINE('',#5396,#995);
#894=LINE('',#5397,#996);
#895=LINE('',#5399,#997);
#896=LINE('',#5502,#998);
#897=LINE('',#5658,#999);
#898=LINE('',#5659,#1000);
#899=LINE('',#5662,#1001);
#900=LINE('',#5785,#1002);
#901=LINE('',#6032,#1003);
#902=LINE('',#6033,#1004);
#903=LINE('',#6035,#1005);
#904=LINE('',#6138,#1006);
#905=LINE('',#6294,#1007);
#906=LINE('',#6295,#1008);
#907=LINE('',#6298,#1009);
#908=LINE('',#6421,#1010);
#909=LINE('',#6668,#1011);
#910=LINE('',#6669,#1012);
#911=LINE('',#6671,#1013);
#912=LINE('',#6774,#1014);
#913=LINE('',#6930,#1015);
#914=LINE('',#6931,#1016);
#915=LINE('',#6934,#1017);
#916=LINE('',#7057,#1018);
#917=LINE('',#7350,#1019);
#918=LINE('',#7351,#1020);
#919=LINE('',#7353,#1021);
#920=LINE('',#7375,#1022);
#921=LINE('',#7631,#1023);
#922=LINE('',#7632,#1024);
#923=LINE('',#7634,#1025);
#924=LINE('',#7656,#1026);
#925=VECTOR('',#3109,10.);
#926=VECTOR('',#3116,2.99999999999999);
#927=VECTOR('',#3119,10.);
#928=VECTOR('',#3120,10.);
#929=VECTOR('',#3125,10.);
#930=VECTOR('',#3132,3.59937904222177);
#931=VECTOR('',#3139,10.);
#932=VECTOR('',#3140,10.);
#933=VECTOR('',#3141,10.);
#934=VECTOR('',#3144,10.);
#935=VECTOR('',#3145,10.);
#936=VECTOR('',#3160,10.);
#937=VECTOR('',#3161,10.);
#938=VECTOR('',#3164,10.);
#939=VECTOR('',#3165,10.);
#940=VECTOR('',#3168,10.);
#941=VECTOR('',#3169,10.);
#942=VECTOR('',#3172,10.);
#943=VECTOR('',#3173,10.);
#944=VECTOR('',#3176,10.);
#945=VECTOR('',#3177,10.);
#946=VECTOR('',#3180,10.);
#947=VECTOR('',#3181,10.);
#948=VECTOR('',#3184,10.);
#949=VECTOR('',#3185,10.);
#950=VECTOR('',#3188,10.);
#951=VECTOR('',#3189,10.);
#952=VECTOR('',#3192,10.);
#953=VECTOR('',#3193,10.);
#954=VECTOR('',#3196,10.);
#955=VECTOR('',#3197,10.);
#956=VECTOR('',#3200,10.);
#957=VECTOR('',#3201,10.);
#958=VECTOR('',#3216,10.);
#959=VECTOR('',#3217,10.);
#960=VECTOR('',#3220,10.);
#961=VECTOR('',#3223,10.);
#962=VECTOR('',#3224,10.);
#963=VECTOR('',#3227,10.);
#964=VECTOR('',#3234,10.);
#965=VECTOR('',#3235,10.);
#966=VECTOR('',#3238,10.);
#967=VECTOR('',#3243,10.);
#968=VECTOR('',#3244,10.);
#969=VECTOR('',#3247,10.);
#970=VECTOR('',#3248,10.);
#971=VECTOR('',#3251,10.);
#972=VECTOR('',#3252,10.);
#973=VECTOR('',#3255,10.);
#974=VECTOR('',#3256,10.);
#975=VECTOR('',#3259,10.);
#976=VECTOR('',#3260,10.);
#977=VECTOR('',#3263,10.);
#978=VECTOR('',#3264,10.);
#979=VECTOR('',#3267,10.);
#980=VECTOR('',#3268,10.);
#981=VECTOR('',#3271,10.);
#982=VECTOR('',#3272,10.);
#983=VECTOR('',#3275,10.);
#984=VECTOR('',#3276,10.);
#985=VECTOR('',#3279,10.);
#986=VECTOR('',#3280,10.);
#987=VECTOR('',#3293,10.);
#988=VECTOR('',#3294,10.);
#989=VECTOR('',#3297,10.);
#990=VECTOR('',#3308,10.);
#991=VECTOR('',#3313,10.);
#992=VECTOR('',#3314,10.);
#993=VECTOR('',#3317,10.);
#994=VECTOR('',#3322,10.);
#995=VECTOR('',#3337,10.);
#996=VECTOR('',#3338,10.);
#997=VECTOR('',#3341,10.);
#998=VECTOR('',#3352,10.);
#999=VECTOR('',#3357,10.);
#1000=VECTOR('',#3358,10.);
#1001=VECTOR('',#3361,10.);
#1002=VECTOR('',#3366,10.);
#1003=VECTOR('',#3381,10.);
#1004=VECTOR('',#3382,10.);
#1005=VECTOR('',#3385,10.);
#1006=VECTOR('',#3396,10.);
#1007=VECTOR('',#3401,10.);
#1008=VECTOR('',#3402,10.);
#1009=VECTOR('',#3405,10.);
#1010=VECTOR('',#3410,10.);
#1011=VECTOR('',#3425,10.);
#1012=VECTOR('',#3426,10.);
#1013=VECTOR('',#3429,10.);
#1014=VECTOR('',#3440,10.);
#1015=VECTOR('',#3445,10.);
#1016=VECTOR('',#3446,10.);
#1017=VECTOR('',#3449,10.);
#1018=VECTOR('',#3454,10.);
#1019=VECTOR('',#3469,10.);
#1020=VECTOR('',#3470,10.);
#1021=VECTOR('',#3473,10.);
#1022=VECTOR('',#3476,10.);
#1023=VECTOR('',#3491,10.);
#1024=VECTOR('',#3492,10.);
#1025=VECTOR('',#3495,10.);
#1026=VECTOR('',#3498,10.);
#1027=VERTEX_POINT('',#3503);
#1028=VERTEX_POINT('',#3504);
#1029=VERTEX_POINT('',#3508);
#1030=VERTEX_POINT('',#3510);
#1031=VERTEX_POINT('',#3512);
#1032=VERTEX_POINT('',#3515);
#1033=VERTEX_POINT('',#3522);
#1034=VERTEX_POINT('',#3524);
#1035=VERTEX_POINT('',#3552);
#1036=VERTEX_POINT('',#3553);
#1037=VERTEX_POINT('',#3565);
#1038=VERTEX_POINT('',#3572);
#1039=VERTEX_POINT('',#3584);
#1040=VERTEX_POINT('',#3619);
#1041=VERTEX_POINT('',#3620);
#1042=VERTEX_POINT('',#3632);
#1043=VERTEX_POINT('',#3637);
#1044=VERTEX_POINT('',#3644);
#1045=VERTEX_POINT('',#3694);
#1046=VERTEX_POINT('',#3695);
#1047=VERTEX_POINT('',#3702);
#1048=VERTEX_POINT('',#3709);
#1049=VERTEX_POINT('',#3716);
#1050=VERTEX_POINT('',#3753);
#1051=VERTEX_POINT('',#3754);
#1052=VERTEX_POINT('',#3759);
#1053=VERTEX_POINT('',#3763);
#1054=VERTEX_POINT('',#3785);
#1055=VERTEX_POINT('',#3790);
#1056=VERTEX_POINT('',#3834);
#1057=VERTEX_POINT('',#3841);
#1058=VERTEX_POINT('',#3848);
#1059=VERTEX_POINT('',#3860);
#1060=VERTEX_POINT('',#3862);
#1061=VERTEX_POINT('',#3867);
#1062=VERTEX_POINT('',#3872);
#1063=VERTEX_POINT('',#3879);
#1064=VERTEX_POINT('',#3881);
#1065=VERTEX_POINT('',#3897);
#1066=VERTEX_POINT('',#3899);
#1067=VERTEX_POINT('',#3901);
#1068=VERTEX_POINT('',#3903);
#1069=VERTEX_POINT('',#3905);
#1070=VERTEX_POINT('',#3907);
#1071=VERTEX_POINT('',#3909);
#1072=VERTEX_POINT('',#3911);
#1073=VERTEX_POINT('',#3913);
#1074=VERTEX_POINT('',#3915);
#1075=VERTEX_POINT('',#3917);
#1076=VERTEX_POINT('',#3919);
#1077=VERTEX_POINT('',#3921);
#1078=VERTEX_POINT('',#3923);
#1079=VERTEX_POINT('',#3925);
#1080=VERTEX_POINT('',#3927);
#1081=VERTEX_POINT('',#3929);
#1082=VERTEX_POINT('',#3931);
#1083=VERTEX_POINT('',#3933);
#1084=VERTEX_POINT('',#3935);
#1085=VERTEX_POINT('',#3937);
#1086=VERTEX_POINT('',#3939);
#1087=VERTEX_POINT('',#3941);
#1088=VERTEX_POINT('',#3943);
#1089=VERTEX_POINT('',#3945);
#1090=VERTEX_POINT('',#3947);
#1091=VERTEX_POINT('',#3949);
#1092=VERTEX_POINT('',#3951);
#1093=VERTEX_POINT('',#3953);
#1094=VERTEX_POINT('',#3955);
#1095=VERTEX_POINT('',#3957);
#1096=VERTEX_POINT('',#3959);
#1097=VERTEX_POINT('',#3963);
#1098=VERTEX_POINT('',#3965);
#1099=VERTEX_POINT('',#3981);
#1100=VERTEX_POINT('',#3983);
#1101=VERTEX_POINT('',#3988);
#1102=VERTEX_POINT('',#3998);
#1103=VERTEX_POINT('',#4007);
#1104=VERTEX_POINT('',#4036);
#1105=VERTEX_POINT('',#4037);
#1106=VERTEX_POINT('',#4049);
#1107=VERTEX_POINT('',#4054);
#1108=VERTEX_POINT('',#4061);
#1109=VERTEX_POINT('',#4111);
#1110=VERTEX_POINT('',#4112);
#1111=VERTEX_POINT('',#4119);
#1112=VERTEX_POINT('',#4126);
#1113=VERTEX_POINT('',#4133);
#1114=VERTEX_POINT('',#4173);
#1115=VERTEX_POINT('',#4177);
#1116=VERTEX_POINT('',#4209);
#1117=VERTEX_POINT('',#4243);
#1118=VERTEX_POINT('',#4287);
#1119=VERTEX_POINT('',#4294);
#1120=VERTEX_POINT('',#4310);
#1121=VERTEX_POINT('',#4316);
#1122=VERTEX_POINT('',#4318);
#1123=VERTEX_POINT('',#4325);
#1124=VERTEX_POINT('',#4327);
#1125=VERTEX_POINT('',#4329);
#1126=VERTEX_POINT('',#4336);
#1127=VERTEX_POINT('',#4338);
#1128=VERTEX_POINT('',#4345);
#1129=VERTEX_POINT('',#4347);
#1130=VERTEX_POINT('',#4349);
#1131=VERTEX_POINT('',#4356);
#1132=VERTEX_POINT('',#4358);
#1133=VERTEX_POINT('',#4365);
#1134=VERTEX_POINT('',#4367);
#1135=VERTEX_POINT('',#4369);
#1136=VERTEX_POINT('',#4376);
#1137=VERTEX_POINT('',#4378);
#1138=VERTEX_POINT('',#4385);
#1139=VERTEX_POINT('',#4387);
#1140=VERTEX_POINT('',#4389);
#1141=VERTEX_POINT('',#4396);
#1142=VERTEX_POINT('',#4398);
#1143=VERTEX_POINT('',#4405);
#1144=VERTEX_POINT('',#4407);
#1145=VERTEX_POINT('',#4409);
#1146=VERTEX_POINT('',#4416);
#1147=VERTEX_POINT('',#4418);
#1148=VERTEX_POINT('',#4425);
#1149=VERTEX_POINT('',#4427);
#1150=VERTEX_POINT('',#4429);
#1151=VERTEX_POINT('',#4436);
#1152=VERTEX_POINT('',#4438);
#1153=VERTEX_POINT('',#4445);
#1154=VERTEX_POINT('',#4447);
#1155=VERTEX_POINT('',#4449);
#1156=VERTEX_POINT('',#4456);
#1157=VERTEX_POINT('',#4458);
#1158=VERTEX_POINT('',#4465);
#1159=VERTEX_POINT('',#4467);
#1160=VERTEX_POINT('',#4469);
#1161=VERTEX_POINT('',#4476);
#1162=VERTEX_POINT('',#4478);
#1163=VERTEX_POINT('',#4485);
#1164=VERTEX_POINT('',#4487);
#1165=VERTEX_POINT('',#4489);
#1166=VERTEX_POINT('',#4496);
#1167=VERTEX_POINT('',#4498);
#1168=VERTEX_POINT('',#4505);
#1169=VERTEX_POINT('',#4507);
#1170=VERTEX_POINT('',#4516);
#1171=VERTEX_POINT('',#4525);
#1172=VERTEX_POINT('',#4527);
#1173=VERTEX_POINT('',#4532);
#1174=VERTEX_POINT('',#4542);
#1175=VERTEX_POINT('',#4581);
#1176=VERTEX_POINT('',#4588);
#1177=VERTEX_POINT('',#4630);
#1178=VERTEX_POINT('',#4631);
#1179=VERTEX_POINT('',#4643);
#1180=VERTEX_POINT('',#4648);
#1181=VERTEX_POINT('',#4655);
#1182=VERTEX_POINT('',#4705);
#1183=VERTEX_POINT('',#4712);
#1184=VERTEX_POINT('',#4719);
#1185=VERTEX_POINT('',#4759);
#1186=VERTEX_POINT('',#4780);
#1187=VERTEX_POINT('',#4831);
#1188=VERTEX_POINT('',#4833);
#1189=VERTEX_POINT('',#4838);
#1190=VERTEX_POINT('',#4843);
#1191=VERTEX_POINT('',#4850);
#1192=VERTEX_POINT('',#4892);
#1193=VERTEX_POINT('',#4893);
#1194=VERTEX_POINT('',#4905);
#1195=VERTEX_POINT('',#4910);
#1196=VERTEX_POINT('',#4917);
#1197=VERTEX_POINT('',#4967);
#1198=VERTEX_POINT('',#4974);
#1199=VERTEX_POINT('',#4981);
#1200=VERTEX_POINT('',#5021);
#1201=VERTEX_POINT('',#5025);
#1202=VERTEX_POINT('',#5057);
#1203=VERTEX_POINT('',#5091);
#1204=VERTEX_POINT('',#5152);
#1205=VERTEX_POINT('',#5161);
#1206=VERTEX_POINT('',#5163);
#1207=VERTEX_POINT('',#5168);
#1208=VERTEX_POINT('',#5178);
#1209=VERTEX_POINT('',#5217);
#1210=VERTEX_POINT('',#5224);
#1211=VERTEX_POINT('',#5266);
#1212=VERTEX_POINT('',#5267);
#1213=VERTEX_POINT('',#5279);
#1214=VERTEX_POINT('',#5284);
#1215=VERTEX_POINT('',#5291);
#1216=VERTEX_POINT('',#5341);
#1217=VERTEX_POINT('',#5348);
#1218=VERTEX_POINT('',#5355);
#1219=VERTEX_POINT('',#5395);
#1220=VERTEX_POINT('',#5416);
#1221=VERTEX_POINT('',#5467);
#1222=VERTEX_POINT('',#5469);
#1223=VERTEX_POINT('',#5474);
#1224=VERTEX_POINT('',#5479);
#1225=VERTEX_POINT('',#5486);
#1226=VERTEX_POINT('',#5528);
#1227=VERTEX_POINT('',#5529);
#1228=VERTEX_POINT('',#5541);
#1229=VERTEX_POINT('',#5546);
#1230=VERTEX_POINT('',#5553);
#1231=VERTEX_POINT('',#5603);
#1232=VERTEX_POINT('',#5610);
#1233=VERTEX_POINT('',#5617);
#1234=VERTEX_POINT('',#5657);
#1235=VERTEX_POINT('',#5661);
#1236=VERTEX_POINT('',#5693);
#1237=VERTEX_POINT('',#5727);
#1238=VERTEX_POINT('',#5788);
#1239=VERTEX_POINT('',#5797);
#1240=VERTEX_POINT('',#5799);
#1241=VERTEX_POINT('',#5804);
#1242=VERTEX_POINT('',#5814);
#1243=VERTEX_POINT('',#5853);
#1244=VERTEX_POINT('',#5860);
#1245=VERTEX_POINT('',#5902);
#1246=VERTEX_POINT('',#5903);
#1247=VERTEX_POINT('',#5915);
#1248=VERTEX_POINT('',#5920);
#1249=VERTEX_POINT('',#5927);
#1250=VERTEX_POINT('',#5977);
#1251=VERTEX_POINT('',#5984);
#1252=VERTEX_POINT('',#5991);
#1253=VERTEX_POINT('',#6031);
#1254=VERTEX_POINT('',#6052);
#1255=VERTEX_POINT('',#6103);
#1256=VERTEX_POINT('',#6105);
#1257=VERTEX_POINT('',#6110);
#1258=VERTEX_POINT('',#6115);
#1259=VERTEX_POINT('',#6122);
#1260=VERTEX_POINT('',#6164);
#1261=VERTEX_POINT('',#6165);
#1262=VERTEX_POINT('',#6177);
#1263=VERTEX_POINT('',#6182);
#1264=VERTEX_POINT('',#6189);
#1265=VERTEX_POINT('',#6239);
#1266=VERTEX_POINT('',#6246);
#1267=VERTEX_POINT('',#6253);
#1268=VERTEX_POINT('',#6293);
#1269=VERTEX_POINT('',#6297);
#1270=VERTEX_POINT('',#6329);
#1271=VERTEX_POINT('',#6363);
#1272=VERTEX_POINT('',#6424);
#1273=VERTEX_POINT('',#6433);
#1274=VERTEX_POINT('',#6435);
#1275=VERTEX_POINT('',#6440);
#1276=VERTEX_POINT('',#6450);
#1277=VERTEX_POINT('',#6489);
#1278=VERTEX_POINT('',#6496);
#1279=VERTEX_POINT('',#6538);
#1280=VERTEX_POINT('',#6539);
#1281=VERTEX_POINT('',#6551);
#1282=VERTEX_POINT('',#6556);
#1283=VERTEX_POINT('',#6563);
#1284=VERTEX_POINT('',#6613);
#1285=VERTEX_POINT('',#6620);
#1286=VERTEX_POINT('',#6627);
#1287=VERTEX_POINT('',#6667);
#1288=VERTEX_POINT('',#6688);
#1289=VERTEX_POINT('',#6739);
#1290=VERTEX_POINT('',#6741);
#1291=VERTEX_POINT('',#6746);
#1292=VERTEX_POINT('',#6751);
#1293=VERTEX_POINT('',#6758);
#1294=VERTEX_POINT('',#6800);
#1295=VERTEX_POINT('',#6801);
#1296=VERTEX_POINT('',#6813);
#1297=VERTEX_POINT('',#6818);
#1298=VERTEX_POINT('',#6825);
#1299=VERTEX_POINT('',#6875);
#1300=VERTEX_POINT('',#6882);
#1301=VERTEX_POINT('',#6889);
#1302=VERTEX_POINT('',#6929);
#1303=VERTEX_POINT('',#6933);
#1304=VERTEX_POINT('',#6965);
#1305=VERTEX_POINT('',#6999);
#1306=VERTEX_POINT('',#7060);
#1307=VERTEX_POINT('',#7069);
#1308=VERTEX_POINT('',#7071);
#1309=VERTEX_POINT('',#7076);
#1310=VERTEX_POINT('',#7086);
#1311=VERTEX_POINT('',#7133);
#1312=VERTEX_POINT('',#7171);
#1313=VERTEX_POINT('',#7178);
#1314=VERTEX_POINT('',#7228);
#1315=VERTEX_POINT('',#7235);
#1316=VERTEX_POINT('',#7242);
#1317=VERTEX_POINT('',#7270);
#1318=VERTEX_POINT('',#7275);
#1319=VERTEX_POINT('',#7310);
#1320=VERTEX_POINT('',#7311);
#1321=VERTEX_POINT('',#7327);
#1322=VERTEX_POINT('',#7349);
#1323=VERTEX_POINT('',#7377);
#1324=VERTEX_POINT('',#7386);
#1325=VERTEX_POINT('',#7388);
#1326=VERTEX_POINT('',#7393);
#1327=VERTEX_POINT('',#7403);
#1328=VERTEX_POINT('',#7451);
#1329=VERTEX_POINT('',#7489);
#1330=VERTEX_POINT('',#7496);
#1331=VERTEX_POINT('',#7546);
#1332=VERTEX_POINT('',#7576);
#1333=VERTEX_POINT('',#7611);
#1334=VERTEX_POINT('',#7630);
#1335=EDGE_CURVE('',#1027,#1028,#823,.T.);
#1336=EDGE_CURVE('',#1028,#1027,#769,.T.);
#1337=EDGE_CURVE('',#1029,#1029,#770,.F.);
#1338=EDGE_CURVE('',#1029,#1030,#824,.T.);
#1339=EDGE_CURVE('',#1030,#1031,#771,.F.);
#1340=EDGE_CURVE('',#1031,#1028,#825,.T.);
#1341=EDGE_CURVE('',#1032,#1027,#826,.F.);
#1342=EDGE_CURVE('',#1032,#1030,#772,.F.);
#1343=EDGE_CURVE('',#1032,#1031,#827,.F.);
#1344=EDGE_CURVE('',#1033,#1033,#773,.F.);
#1345=EDGE_CURVE('',#1033,#1034,#828,.T.);
#1346=EDGE_CURVE('',#1034,#1034,#774,.F.);
#1347=EDGE_CURVE('',#1035,#1036,#291,.T.);
#1348=EDGE_CURVE('',#1036,#1037,#51,.T.);
#1349=EDGE_CURVE('',#1037,#1038,#292,.T.);
#1350=EDGE_CURVE('',#1038,#1039,#52,.T.);
#1351=EDGE_CURVE('',#1039,#1035,#53,.T.);
#1352=EDGE_CURVE('',#1040,#1041,#293,.T.);
#1353=EDGE_CURVE('',#1041,#1042,#54,.T.);
#1354=EDGE_CURVE('',#1042,#1043,#55,.T.);
#1355=EDGE_CURVE('',#1043,#1044,#294,.T.);
#1356=EDGE_CURVE('',#1044,#1040,#56,.T.);
#1357=EDGE_CURVE('',#1045,#1046,#57,.T.);
#1358=EDGE_CURVE('',#1046,#1047,#58,.T.);
#1359=EDGE_CURVE('',#1047,#1048,#59,.T.);
#1360=EDGE_CURVE('',#1048,#1049,#60,.T.);
#1361=EDGE_CURVE('',#1049,#1045,#61,.T.);
#1362=EDGE_CURVE('',#1042,#1049,#62,.T.);
#1363=EDGE_CURVE('',#1048,#1043,#63,.T.);
#1364=EDGE_CURVE('',#1050,#1051,#829,.T.);
#1365=EDGE_CURVE('',#1051,#1040,#295,.T.);
#1366=EDGE_CURVE('',#1044,#1052,#830,.T.);
#1367=EDGE_CURVE('',#1052,#1050,#831,.T.);
#1368=EDGE_CURVE('',#1053,#1050,#832,.T.);
#1369=EDGE_CURVE('',#1052,#1037,#833,.T.);
#1370=EDGE_CURVE('',#1036,#1053,#296,.T.);
#1371=EDGE_CURVE('',#1054,#1039,#64,.T.);
#1372=EDGE_CURVE('',#1038,#1055,#65,.T.);
#1373=EDGE_CURVE('',#1055,#1054,#66,.T.);
#1374=EDGE_CURVE('',#1055,#1056,#67,.T.);
#1375=EDGE_CURVE('',#1056,#1057,#68,.T.);
#1376=EDGE_CURVE('',#1057,#1058,#69,.T.);
#1377=EDGE_CURVE('',#1058,#1054,#70,.T.);
#1378=EDGE_CURVE('',#1059,#1041,#775,.T.);
#1379=EDGE_CURVE('',#1060,#1059,#71,.T.);
#1380=EDGE_CURVE('',#1061,#1060,#72,.T.);
#1381=EDGE_CURVE('',#1062,#1061,#73,.T.);
#1382=EDGE_CURVE('',#1045,#1062,#776,.T.);
#1383=EDGE_CURVE('',#1051,#1063,#777,.T.);
#1384=EDGE_CURVE('',#1064,#1063,#297,.T.);
#1385=EDGE_CURVE('',#1059,#1064,#298,.T.);
#1386=EDGE_CURVE('',#1065,#1053,#778,.T.);
#1387=EDGE_CURVE('',#1066,#1065,#834,.T.);
#1388=EDGE_CURVE('',#1067,#1066,#835,.T.);
#1389=EDGE_CURVE('',#1068,#1067,#779,.T.);
#1390=EDGE_CURVE('',#1069,#1068,#836,.T.);
#1391=EDGE_CURVE('',#1070,#1069,#837,.T.);
#1392=EDGE_CURVE('',#1071,#1070,#780,.T.);
#1393=EDGE_CURVE('',#1072,#1071,#838,.T.);
#1394=EDGE_CURVE('',#1073,#1072,#839,.T.);
#1395=EDGE_CURVE('',#1074,#1073,#781,.T.);
#1396=EDGE_CURVE('',#1075,#1074,#840,.T.);
#1397=EDGE_CURVE('',#1076,#1075,#841,.T.);
#1398=EDGE_CURVE('',#1077,#1076,#782,.T.);
#1399=EDGE_CURVE('',#1078,#1077,#842,.T.);
#1400=EDGE_CURVE('',#1079,#1078,#843,.T.);
#1401=EDGE_CURVE('',#1080,#1079,#783,.T.);
#1402=EDGE_CURVE('',#1081,#1080,#844,.T.);
#1403=EDGE_CURVE('',#1082,#1081,#845,.T.);
#1404=EDGE_CURVE('',#1083,#1082,#784,.T.);
#1405=EDGE_CURVE('',#1084,#1083,#846,.T.);
#1406=EDGE_CURVE('',#1085,#1084,#847,.T.);
#1407=EDGE_CURVE('',#1086,#1085,#785,.T.);
#1408=EDGE_CURVE('',#1087,#1086,#848,.T.);
#1409=EDGE_CURVE('',#1088,#1087,#849,.T.);
#1410=EDGE_CURVE('',#1089,#1088,#786,.T.);
#1411=EDGE_CURVE('',#1090,#1089,#850,.T.);
#1412=EDGE_CURVE('',#1091,#1090,#851,.T.);
#1413=EDGE_CURVE('',#1092,#1091,#787,.T.);
#1414=EDGE_CURVE('',#1093,#1092,#852,.T.);
#1415=EDGE_CURVE('',#1094,#1093,#853,.T.);
#1416=EDGE_CURVE('',#1095,#1094,#788,.T.);
#1417=EDGE_CURVE('',#1096,#1095,#854,.T.);
#1418=EDGE_CURVE('',#1063,#1096,#855,.T.);
#1419=EDGE_CURVE('',#1035,#1097,#789,.T.);
#1420=EDGE_CURVE('',#1098,#1097,#299,.T.);
#1421=EDGE_CURVE('',#1065,#1098,#300,.T.);
#1422=EDGE_CURVE('',#1099,#1058,#790,.T.);
#1423=EDGE_CURVE('',#1100,#1099,#74,.T.);
#1424=EDGE_CURVE('',#1101,#1100,#75,.T.);
#1425=EDGE_CURVE('',#1097,#1101,#76,.T.);
#1426=EDGE_CURVE('',#1057,#1102,#791,.T.);
#1427=EDGE_CURVE('',#1099,#1102,#77,.T.);
#1428=EDGE_CURVE('',#1103,#1047,#856,.T.);
#1429=EDGE_CURVE('',#1103,#1052,#857,.T.);
#1430=EDGE_CURVE('',#1056,#1103,#858,.T.);
#1431=EDGE_CURVE('',#1104,#1105,#301,.T.);
#1432=EDGE_CURVE('',#1105,#1106,#78,.T.);
#1433=EDGE_CURVE('',#1106,#1107,#79,.T.);
#1434=EDGE_CURVE('',#1107,#1108,#302,.T.);
#1435=EDGE_CURVE('',#1108,#1104,#80,.T.);
#1436=EDGE_CURVE('',#1109,#1110,#81,.T.);
#1437=EDGE_CURVE('',#1110,#1111,#82,.T.);
#1438=EDGE_CURVE('',#1111,#1112,#83,.T.);
#1439=EDGE_CURVE('',#1112,#1113,#84,.T.);
#1440=EDGE_CURVE('',#1113,#1109,#85,.T.);
#1441=EDGE_CURVE('',#1106,#1113,#86,.T.);
#1442=EDGE_CURVE('',#1112,#1107,#87,.T.);
#1443=EDGE_CURVE('',#1095,#1104,#303,.T.);
#1444=EDGE_CURVE('',#1108,#1114,#859,.T.);
#1445=EDGE_CURVE('',#1114,#1096,#860,.T.);
#1446=EDGE_CURVE('',#1114,#1115,#861,.T.);
#1447=EDGE_CURVE('',#1115,#1064,#88,.T.);
#1448=EDGE_CURVE('',#1115,#1116,#304,.T.);
#1449=EDGE_CURVE('',#1116,#1060,#89,.T.);
#1450=EDGE_CURVE('',#1116,#1117,#90,.T.);
#1451=EDGE_CURVE('',#1117,#1061,#91,.T.);
#1452=EDGE_CURVE('',#1117,#1118,#92,.T.);
#1453=EDGE_CURVE('',#1118,#1119,#93,.T.);
#1454=EDGE_CURVE('',#1119,#1062,#94,.T.);
#1455=EDGE_CURVE('',#1119,#1046,#792,.T.);
#1456=EDGE_CURVE('',#1120,#1114,#862,.T.);
#1457=EDGE_CURVE('',#1118,#1120,#863,.T.);
#1458=EDGE_CURVE('',#1120,#1111,#864,.T.);
#1459=EDGE_CURVE('',#1121,#1110,#793,.T.);
#1460=EDGE_CURVE('',#1122,#1121,#95,.T.);
#1461=EDGE_CURVE('',#1122,#1123,#865,.T.);
#1462=EDGE_CURVE('',#1123,#1124,#866,.T.);
#1463=EDGE_CURVE('',#1125,#1124,#96,.T.);
#1464=EDGE_CURVE('',#1126,#1125,#794,.T.);
#1465=EDGE_CURVE('',#1127,#1126,#97,.T.);
#1466=EDGE_CURVE('',#1127,#1128,#867,.T.);
#1467=EDGE_CURVE('',#1128,#1129,#868,.T.);
#1468=EDGE_CURVE('',#1130,#1129,#98,.T.);
#1469=EDGE_CURVE('',#1131,#1130,#795,.T.);
#1470=EDGE_CURVE('',#1132,#1131,#99,.T.);
#1471=EDGE_CURVE('',#1132,#1133,#869,.T.);
#1472=EDGE_CURVE('',#1133,#1134,#870,.T.);
#1473=EDGE_CURVE('',#1135,#1134,#100,.T.);
#1474=EDGE_CURVE('',#1136,#1135,#796,.T.);
#1475=EDGE_CURVE('',#1137,#1136,#101,.T.);
#1476=EDGE_CURVE('',#1137,#1138,#871,.T.);
#1477=EDGE_CURVE('',#1138,#1139,#872,.T.);
#1478=EDGE_CURVE('',#1140,#1139,#102,.T.);
#1479=EDGE_CURVE('',#1141,#1140,#797,.T.);
#1480=EDGE_CURVE('',#1142,#1141,#103,.T.);
#1481=EDGE_CURVE('',#1142,#1143,#873,.T.);
#1482=EDGE_CURVE('',#1143,#1144,#874,.T.);
#1483=EDGE_CURVE('',#1145,#1144,#104,.T.);
#1484=EDGE_CURVE('',#1146,#1145,#798,.T.);
#1485=EDGE_CURVE('',#1147,#1146,#105,.T.);
#1486=EDGE_CURVE('',#1147,#1148,#875,.T.);
#1487=EDGE_CURVE('',#1148,#1149,#876,.T.);
#1488=EDGE_CURVE('',#1150,#1149,#106,.T.);
#1489=EDGE_CURVE('',#1151,#1150,#799,.T.);
#1490=EDGE_CURVE('',#1152,#1151,#107,.T.);
#1491=EDGE_CURVE('',#1152,#1153,#877,.T.);
#1492=EDGE_CURVE('',#1153,#1154,#878,.T.);
#1493=EDGE_CURVE('',#1155,#1154,#108,.T.);
#1494=EDGE_CURVE('',#1156,#1155,#800,.T.);
#1495=EDGE_CURVE('',#1157,#1156,#109,.T.);
#1496=EDGE_CURVE('',#1157,#1158,#879,.T.);
#1497=EDGE_CURVE('',#1158,#1159,#880,.T.);
#1498=EDGE_CURVE('',#1160,#1159,#110,.T.);
#1499=EDGE_CURVE('',#1161,#1160,#801,.T.);
#1500=EDGE_CURVE('',#1162,#1161,#111,.T.);
#1501=EDGE_CURVE('',#1162,#1163,#881,.T.);
#1502=EDGE_CURVE('',#1163,#1164,#882,.T.);
#1503=EDGE_CURVE('',#1165,#1164,#112,.T.);
#1504=EDGE_CURVE('',#1166,#1165,#802,.T.);
#1505=EDGE_CURVE('',#1167,#1166,#113,.T.);
#1506=EDGE_CURVE('',#1167,#1168,#883,.T.);
#1507=EDGE_CURVE('',#1168,#1169,#884,.T.);
#1508=EDGE_CURVE('',#1102,#1169,#114,.T.);
#1509=EDGE_CURVE('',#1109,#1170,#803,.T.);
#1510=EDGE_CURVE('',#1121,#1170,#115,.T.);
#1511=EDGE_CURVE('',#1171,#1105,#804,.T.);
#1512=EDGE_CURVE('',#1172,#1171,#116,.T.);
#1513=EDGE_CURVE('',#1173,#1172,#117,.T.);
#1514=EDGE_CURVE('',#1170,#1173,#118,.T.);
#1515=EDGE_CURVE('',#1174,#1094,#305,.T.);
#1516=EDGE_CURVE('',#1171,#1174,#306,.T.);
#1517=EDGE_CURVE('',#1174,#1175,#119,.T.);
#1518=EDGE_CURVE('',#1175,#1176,#307,.T.);
#1519=EDGE_CURVE('',#1176,#1172,#120,.T.);
#1520=EDGE_CURVE('',#1177,#1178,#308,.T.);
#1521=EDGE_CURVE('',#1178,#1179,#121,.T.);
#1522=EDGE_CURVE('',#1179,#1180,#122,.T.);
#1523=EDGE_CURVE('',#1180,#1181,#309,.T.);
#1524=EDGE_CURVE('',#1181,#1177,#123,.T.);
#1525=EDGE_CURVE('',#1182,#1125,#124,.T.);
#1526=EDGE_CURVE('',#1124,#1183,#125,.T.);
#1527=EDGE_CURVE('',#1183,#1184,#126,.T.);
#1528=EDGE_CURVE('',#1184,#1182,#127,.T.);
#1529=EDGE_CURVE('',#1179,#1184,#128,.T.);
#1530=EDGE_CURVE('',#1183,#1180,#129,.T.);
#1531=EDGE_CURVE('',#1092,#1177,#310,.T.);
#1532=EDGE_CURVE('',#1181,#1185,#885,.T.);
#1533=EDGE_CURVE('',#1185,#1093,#886,.T.);
#1534=EDGE_CURVE('',#1185,#1175,#887,.T.);
#1535=EDGE_CURVE('',#1176,#1186,#130,.T.);
#1536=EDGE_CURVE('',#1186,#1173,#131,.T.);
#1537=EDGE_CURVE('',#1186,#1122,#132,.T.);
#1538=EDGE_CURVE('',#1187,#1178,#805,.T.);
#1539=EDGE_CURVE('',#1188,#1187,#133,.T.);
#1540=EDGE_CURVE('',#1189,#1188,#134,.T.);
#1541=EDGE_CURVE('',#1190,#1189,#135,.T.);
#1542=EDGE_CURVE('',#1182,#1190,#806,.T.);
#1543=EDGE_CURVE('',#1191,#1091,#311,.T.);
#1544=EDGE_CURVE('',#1187,#1191,#312,.T.);
#1545=EDGE_CURVE('',#1123,#1185,#888,.T.);
#1546=EDGE_CURVE('',#1192,#1193,#313,.T.);
#1547=EDGE_CURVE('',#1193,#1194,#136,.T.);
#1548=EDGE_CURVE('',#1194,#1195,#137,.T.);
#1549=EDGE_CURVE('',#1195,#1196,#314,.T.);
#1550=EDGE_CURVE('',#1196,#1192,#138,.T.);
#1551=EDGE_CURVE('',#1197,#1130,#139,.T.);
#1552=EDGE_CURVE('',#1129,#1198,#140,.T.);
#1553=EDGE_CURVE('',#1198,#1199,#141,.T.);
#1554=EDGE_CURVE('',#1199,#1197,#142,.T.);
#1555=EDGE_CURVE('',#1194,#1199,#143,.T.);
#1556=EDGE_CURVE('',#1198,#1195,#144,.T.);
#1557=EDGE_CURVE('',#1089,#1192,#315,.T.);
#1558=EDGE_CURVE('',#1196,#1200,#889,.T.);
#1559=EDGE_CURVE('',#1200,#1090,#890,.T.);
#1560=EDGE_CURVE('',#1200,#1201,#891,.T.);
#1561=EDGE_CURVE('',#1201,#1191,#145,.T.);
#1562=EDGE_CURVE('',#1201,#1202,#316,.T.);
#1563=EDGE_CURVE('',#1202,#1188,#146,.T.);
#1564=EDGE_CURVE('',#1202,#1203,#147,.T.);
#1565=EDGE_CURVE('',#1203,#1189,#148,.T.);
#1566=EDGE_CURVE('',#1203,#1127,#149,.T.);
#1567=EDGE_CURVE('',#1126,#1190,#150,.T.);
#1568=EDGE_CURVE('',#1128,#1200,#892,.T.);
#1569=EDGE_CURVE('',#1197,#1204,#807,.T.);
#1570=EDGE_CURVE('',#1131,#1204,#151,.T.);
#1571=EDGE_CURVE('',#1205,#1193,#808,.T.);
#1572=EDGE_CURVE('',#1206,#1205,#152,.T.);
#1573=EDGE_CURVE('',#1207,#1206,#153,.T.);
#1574=EDGE_CURVE('',#1204,#1207,#154,.T.);
#1575=EDGE_CURVE('',#1208,#1088,#317,.T.);
#1576=EDGE_CURVE('',#1205,#1208,#318,.T.);
#1577=EDGE_CURVE('',#1208,#1209,#155,.T.);
#1578=EDGE_CURVE('',#1209,#1210,#319,.T.);
#1579=EDGE_CURVE('',#1210,#1206,#156,.T.);
#1580=EDGE_CURVE('',#1211,#1212,#320,.T.);
#1581=EDGE_CURVE('',#1212,#1213,#157,.T.);
#1582=EDGE_CURVE('',#1213,#1214,#158,.T.);
#1583=EDGE_CURVE('',#1214,#1215,#321,.T.);
#1584=EDGE_CURVE('',#1215,#1211,#159,.T.);
#1585=EDGE_CURVE('',#1216,#1135,#160,.T.);
#1586=EDGE_CURVE('',#1134,#1217,#161,.T.);
#1587=EDGE_CURVE('',#1217,#1218,#162,.T.);
#1588=EDGE_CURVE('',#1218,#1216,#163,.T.);
#1589=EDGE_CURVE('',#1213,#1218,#164,.T.);
#1590=EDGE_CURVE('',#1217,#1214,#165,.T.);
#1591=EDGE_CURVE('',#1086,#1211,#322,.T.);
#1592=EDGE_CURVE('',#1215,#1219,#893,.T.);
#1593=EDGE_CURVE('',#1219,#1087,#894,.T.);
#1594=EDGE_CURVE('',#1219,#1209,#895,.T.);
#1595=EDGE_CURVE('',#1210,#1220,#166,.T.);
#1596=EDGE_CURVE('',#1220,#1207,#167,.T.);
#1597=EDGE_CURVE('',#1220,#1132,#168,.T.);
#1598=EDGE_CURVE('',#1221,#1212,#809,.T.);
#1599=EDGE_CURVE('',#1222,#1221,#169,.T.);
#1600=EDGE_CURVE('',#1223,#1222,#170,.T.);
#1601=EDGE_CURVE('',#1224,#1223,#171,.T.);
#1602=EDGE_CURVE('',#1216,#1224,#810,.T.);
#1603=EDGE_CURVE('',#1225,#1085,#323,.T.);
#1604=EDGE_CURVE('',#1221,#1225,#324,.T.);
#1605=EDGE_CURVE('',#1133,#1219,#896,.T.);
#1606=EDGE_CURVE('',#1226,#1227,#325,.T.);
#1607=EDGE_CURVE('',#1227,#1228,#172,.T.);
#1608=EDGE_CURVE('',#1228,#1229,#173,.T.);
#1609=EDGE_CURVE('',#1229,#1230,#326,.T.);
#1610=EDGE_CURVE('',#1230,#1226,#174,.T.);
#1611=EDGE_CURVE('',#1231,#1140,#175,.T.);
#1612=EDGE_CURVE('',#1139,#1232,#176,.T.);
#1613=EDGE_CURVE('',#1232,#1233,#177,.T.);
#1614=EDGE_CURVE('',#1233,#1231,#178,.T.);
#1615=EDGE_CURVE('',#1228,#1233,#179,.T.);
#1616=EDGE_CURVE('',#1232,#1229,#180,.T.);
#1617=EDGE_CURVE('',#1083,#1226,#327,.T.);
#1618=EDGE_CURVE('',#1230,#1234,#897,.T.);
#1619=EDGE_CURVE('',#1234,#1084,#898,.T.);
#1620=EDGE_CURVE('',#1234,#1235,#899,.T.);
#1621=EDGE_CURVE('',#1235,#1225,#181,.T.);
#1622=EDGE_CURVE('',#1235,#1236,#328,.T.);
#1623=EDGE_CURVE('',#1236,#1222,#182,.T.);
#1624=EDGE_CURVE('',#1236,#1237,#183,.T.);
#1625=EDGE_CURVE('',#1237,#1223,#184,.T.);
#1626=EDGE_CURVE('',#1237,#1137,#185,.T.);
#1627=EDGE_CURVE('',#1136,#1224,#186,.T.);
#1628=EDGE_CURVE('',#1138,#1234,#900,.T.);
#1629=EDGE_CURVE('',#1231,#1238,#811,.T.);
#1630=EDGE_CURVE('',#1141,#1238,#187,.T.);
#1631=EDGE_CURVE('',#1239,#1227,#812,.T.);
#1632=EDGE_CURVE('',#1240,#1239,#188,.T.);
#1633=EDGE_CURVE('',#1241,#1240,#189,.T.);
#1634=EDGE_CURVE('',#1238,#1241,#190,.T.);
#1635=EDGE_CURVE('',#1242,#1082,#329,.T.);
#1636=EDGE_CURVE('',#1239,#1242,#330,.T.);
#1637=EDGE_CURVE('',#1242,#1243,#191,.T.);
#1638=EDGE_CURVE('',#1243,#1244,#331,.T.);
#1639=EDGE_CURVE('',#1244,#1240,#192,.T.);
#1640=EDGE_CURVE('',#1245,#1246,#332,.T.);
#1641=EDGE_CURVE('',#1246,#1247,#193,.T.);
#1642=EDGE_CURVE('',#1247,#1248,#194,.T.);
#1643=EDGE_CURVE('',#1248,#1249,#333,.T.);
#1644=EDGE_CURVE('',#1249,#1245,#195,.T.);
#1645=EDGE_CURVE('',#1250,#1145,#196,.T.);
#1646=EDGE_CURVE('',#1144,#1251,#197,.T.);
#1647=EDGE_CURVE('',#1251,#1252,#198,.T.);
#1648=EDGE_CURVE('',#1252,#1250,#199,.T.);
#1649=EDGE_CURVE('',#1247,#1252,#200,.T.);
#1650=EDGE_CURVE('',#1251,#1248,#201,.T.);
#1651=EDGE_CURVE('',#1080,#1245,#334,.T.);
#1652=EDGE_CURVE('',#1249,#1253,#901,.T.);
#1653=EDGE_CURVE('',#1253,#1081,#902,.T.);
#1654=EDGE_CURVE('',#1253,#1243,#903,.T.);
#1655=EDGE_CURVE('',#1244,#1254,#202,.T.);
#1656=EDGE_CURVE('',#1254,#1241,#203,.T.);
#1657=EDGE_CURVE('',#1254,#1142,#204,.T.);
#1658=EDGE_CURVE('',#1255,#1246,#813,.T.);
#1659=EDGE_CURVE('',#1256,#1255,#205,.T.);
#1660=EDGE_CURVE('',#1257,#1256,#206,.T.);
#1661=EDGE_CURVE('',#1258,#1257,#207,.T.);
#1662=EDGE_CURVE('',#1250,#1258,#814,.T.);
#1663=EDGE_CURVE('',#1259,#1079,#335,.T.);
#1664=EDGE_CURVE('',#1255,#1259,#336,.T.);
#1665=EDGE_CURVE('',#1143,#1253,#904,.T.);
#1666=EDGE_CURVE('',#1260,#1261,#337,.T.);
#1667=EDGE_CURVE('',#1261,#1262,#208,.T.);
#1668=EDGE_CURVE('',#1262,#1263,#209,.T.);
#1669=EDGE_CURVE('',#1263,#1264,#338,.T.);
#1670=EDGE_CURVE('',#1264,#1260,#210,.T.);
#1671=EDGE_CURVE('',#1265,#1150,#211,.T.);
#1672=EDGE_CURVE('',#1149,#1266,#212,.T.);
#1673=EDGE_CURVE('',#1266,#1267,#213,.T.);
#1674=EDGE_CURVE('',#1267,#1265,#214,.T.);
#1675=EDGE_CURVE('',#1262,#1267,#215,.T.);
#1676=EDGE_CURVE('',#1266,#1263,#216,.T.);
#1677=EDGE_CURVE('',#1077,#1260,#339,.T.);
#1678=EDGE_CURVE('',#1264,#1268,#905,.T.);
#1679=EDGE_CURVE('',#1268,#1078,#906,.T.);
#1680=EDGE_CURVE('',#1268,#1269,#907,.T.);
#1681=EDGE_CURVE('',#1269,#1259,#217,.T.);
#1682=EDGE_CURVE('',#1269,#1270,#340,.T.);
#1683=EDGE_CURVE('',#1270,#1256,#218,.T.);
#1684=EDGE_CURVE('',#1270,#1271,#219,.T.);
#1685=EDGE_CURVE('',#1271,#1257,#220,.T.);
#1686=EDGE_CURVE('',#1271,#1147,#221,.T.);
#1687=EDGE_CURVE('',#1146,#1258,#222,.T.);
#1688=EDGE_CURVE('',#1148,#1268,#908,.T.);
#1689=EDGE_CURVE('',#1265,#1272,#815,.T.);
#1690=EDGE_CURVE('',#1151,#1272,#223,.T.);
#1691=EDGE_CURVE('',#1273,#1261,#816,.T.);
#1692=EDGE_CURVE('',#1274,#1273,#224,.T.);
#1693=EDGE_CURVE('',#1275,#1274,#225,.T.);
#1694=EDGE_CURVE('',#1272,#1275,#226,.T.);
#1695=EDGE_CURVE('',#1276,#1076,#341,.T.);
#1696=EDGE_CURVE('',#1273,#1276,#342,.T.);
#1697=EDGE_CURVE('',#1276,#1277,#227,.T.);
#1698=EDGE_CURVE('',#1277,#1278,#343,.T.);
#1699=EDGE_CURVE('',#1278,#1274,#228,.T.);
#1700=EDGE_CURVE('',#1279,#1280,#344,.T.);
#1701=EDGE_CURVE('',#1280,#1281,#229,.T.);
#1702=EDGE_CURVE('',#1281,#1282,#230,.T.);
#1703=EDGE_CURVE('',#1282,#1283,#345,.T.);
#1704=EDGE_CURVE('',#1283,#1279,#231,.T.);
#1705=EDGE_CURVE('',#1284,#1155,#232,.T.);
#1706=EDGE_CURVE('',#1154,#1285,#233,.T.);
#1707=EDGE_CURVE('',#1285,#1286,#234,.T.);
#1708=EDGE_CURVE('',#1286,#1284,#235,.T.);
#1709=EDGE_CURVE('',#1281,#1286,#236,.T.);
#1710=EDGE_CURVE('',#1285,#1282,#237,.T.);
#1711=EDGE_CURVE('',#1074,#1279,#346,.T.);
#1712=EDGE_CURVE('',#1283,#1287,#909,.T.);
#1713=EDGE_CURVE('',#1287,#1075,#910,.T.);
#1714=EDGE_CURVE('',#1287,#1277,#911,.T.);
#1715=EDGE_CURVE('',#1278,#1288,#238,.T.);
#1716=EDGE_CURVE('',#1288,#1275,#239,.T.);
#1717=EDGE_CURVE('',#1288,#1152,#240,.T.);
#1718=EDGE_CURVE('',#1289,#1280,#817,.T.);
#1719=EDGE_CURVE('',#1290,#1289,#241,.T.);
#1720=EDGE_CURVE('',#1291,#1290,#242,.T.);
#1721=EDGE_CURVE('',#1292,#1291,#243,.T.);
#1722=EDGE_CURVE('',#1284,#1292,#818,.T.);
#1723=EDGE_CURVE('',#1293,#1073,#347,.T.);
#1724=EDGE_CURVE('',#1289,#1293,#348,.T.);
#1725=EDGE_CURVE('',#1153,#1287,#912,.T.);
#1726=EDGE_CURVE('',#1294,#1295,#349,.T.);
#1727=EDGE_CURVE('',#1295,#1296,#244,.T.);
#1728=EDGE_CURVE('',#1296,#1297,#245,.T.);
#1729=EDGE_CURVE('',#1297,#1298,#350,.T.);
#1730=EDGE_CURVE('',#1298,#1294,#246,.T.);
#1731=EDGE_CURVE('',#1299,#1160,#247,.T.);
#1732=EDGE_CURVE('',#1159,#1300,#248,.T.);
#1733=EDGE_CURVE('',#1300,#1301,#249,.T.);
#1734=EDGE_CURVE('',#1301,#1299,#250,.T.);
#1735=EDGE_CURVE('',#1296,#1301,#251,.T.);
#1736=EDGE_CURVE('',#1300,#1297,#252,.T.);
#1737=EDGE_CURVE('',#1071,#1294,#351,.T.);
#1738=EDGE_CURVE('',#1298,#1302,#913,.T.);
#1739=EDGE_CURVE('',#1302,#1072,#914,.T.);
#1740=EDGE_CURVE('',#1302,#1303,#915,.T.);
#1741=EDGE_CURVE('',#1303,#1293,#253,.T.);
#1742=EDGE_CURVE('',#1303,#1304,#352,.T.);
#1743=EDGE_CURVE('',#1304,#1290,#254,.T.);
#1744=EDGE_CURVE('',#1304,#1305,#255,.T.);
#1745=EDGE_CURVE('',#1305,#1291,#256,.T.);
#1746=EDGE_CURVE('',#1305,#1157,#257,.T.);
#1747=EDGE_CURVE('',#1156,#1292,#258,.T.);
#1748=EDGE_CURVE('',#1158,#1302,#916,.T.);
#1749=EDGE_CURVE('',#1299,#1306,#819,.T.);
#1750=EDGE_CURVE('',#1161,#1306,#259,.T.);
#1751=EDGE_CURVE('',#1307,#1295,#820,.T.);
#1752=EDGE_CURVE('',#1308,#1307,#260,.T.);
#1753=EDGE_CURVE('',#1309,#1308,#261,.T.);
#1754=EDGE_CURVE('',#1306,#1309,#262,.T.);
#1755=EDGE_CURVE('',#1310,#1070,#353,.T.);
#1756=EDGE_CURVE('',#1307,#1310,#354,.T.);
#1757=EDGE_CURVE('',#1311,#1162,#263,.T.);
#1758=EDGE_CURVE('',#1309,#1311,#264,.T.);
#1759=EDGE_CURVE('',#1310,#1312,#265,.T.);
#1760=EDGE_CURVE('',#1312,#1313,#355,.T.);
#1761=EDGE_CURVE('',#1313,#1308,#266,.T.);
#1762=EDGE_CURVE('',#1314,#1165,#267,.T.);
#1763=EDGE_CURVE('',#1164,#1315,#268,.T.);
#1764=EDGE_CURVE('',#1315,#1316,#269,.T.);
#1765=EDGE_CURVE('',#1316,#1314,#270,.T.);
#1766=EDGE_CURVE('',#1317,#1316,#271,.T.);
#1767=EDGE_CURVE('',#1315,#1318,#272,.T.);
#1768=EDGE_CURVE('',#1318,#1317,#273,.T.);
#1769=EDGE_CURVE('',#1319,#1320,#356,.T.);
#1770=EDGE_CURVE('',#1320,#1317,#274,.T.);
#1771=EDGE_CURVE('',#1318,#1321,#357,.T.);
#1772=EDGE_CURVE('',#1321,#1319,#275,.T.);
#1773=EDGE_CURVE('',#1068,#1319,#358,.T.);
#1774=EDGE_CURVE('',#1321,#1322,#917,.T.);
#1775=EDGE_CURVE('',#1322,#1069,#918,.T.);
#1776=EDGE_CURVE('',#1322,#1312,#919,.T.);
#1777=EDGE_CURVE('',#1313,#1311,#276,.T.);
#1778=EDGE_CURVE('',#1163,#1322,#920,.T.);
#1779=EDGE_CURVE('',#1314,#1323,#821,.T.);
#1780=EDGE_CURVE('',#1166,#1323,#277,.T.);
#1781=EDGE_CURVE('',#1324,#1320,#822,.T.);
#1782=EDGE_CURVE('',#1325,#1324,#278,.T.);
#1783=EDGE_CURVE('',#1326,#1325,#279,.T.);
#1784=EDGE_CURVE('',#1323,#1326,#280,.T.);
#1785=EDGE_CURVE('',#1327,#1067,#359,.T.);
#1786=EDGE_CURVE('',#1324,#1327,#360,.T.);
#1787=EDGE_CURVE('',#1328,#1167,#281,.T.);
#1788=EDGE_CURVE('',#1326,#1328,#282,.T.);
#1789=EDGE_CURVE('',#1327,#1329,#283,.T.);
#1790=EDGE_CURVE('',#1329,#1330,#361,.T.);
#1791=EDGE_CURVE('',#1330,#1325,#284,.T.);
#1792=EDGE_CURVE('',#1169,#1331,#285,.T.);
#1793=EDGE_CURVE('',#1331,#1100,#286,.T.);
#1794=EDGE_CURVE('',#1331,#1332,#287,.T.);
#1795=EDGE_CURVE('',#1332,#1101,#288,.T.);
#1796=EDGE_CURVE('',#1332,#1333,#362,.T.);
#1797=EDGE_CURVE('',#1333,#1098,#289,.T.);
#1798=EDGE_CURVE('',#1333,#1334,#921,.T.);
#1799=EDGE_CURVE('',#1334,#1066,#922,.T.);
#1800=EDGE_CURVE('',#1334,#1329,#923,.T.);
#1801=EDGE_CURVE('',#1330,#1328,#290,.T.);
#1802=EDGE_CURVE('',#1168,#1334,#924,.T.);
#1803=ORIENTED_EDGE('',*,*,#1335,.F.);
#1804=ORIENTED_EDGE('',*,*,#1336,.F.);
#1805=ORIENTED_EDGE('',*,*,#1337,.F.);
#1806=ORIENTED_EDGE('',*,*,#1338,.T.);
#1807=ORIENTED_EDGE('',*,*,#1339,.T.);
#1808=ORIENTED_EDGE('',*,*,#1340,.T.);
#1809=ORIENTED_EDGE('',*,*,#1336,.T.);
#1810=ORIENTED_EDGE('',*,*,#1341,.F.);
#1811=ORIENTED_EDGE('',*,*,#1342,.T.);
#1812=ORIENTED_EDGE('',*,*,#1338,.F.);
#1813=ORIENTED_EDGE('',*,*,#1335,.T.);
#1814=ORIENTED_EDGE('',*,*,#1340,.F.);
#1815=ORIENTED_EDGE('',*,*,#1343,.F.);
#1816=ORIENTED_EDGE('',*,*,#1341,.T.);
#1817=ORIENTED_EDGE('',*,*,#1343,.T.);
#1818=ORIENTED_EDGE('',*,*,#1339,.F.);
#1819=ORIENTED_EDGE('',*,*,#1342,.F.);
#1820=ORIENTED_EDGE('',*,*,#1344,.F.);
#1821=ORIENTED_EDGE('',*,*,#1345,.T.);
#1822=ORIENTED_EDGE('',*,*,#1346,.T.);
#1823=ORIENTED_EDGE('',*,*,#1345,.F.);
#1824=ORIENTED_EDGE('',*,*,#1346,.F.);
#1825=ORIENTED_EDGE('',*,*,#1337,.T.);
#1826=ORIENTED_EDGE('',*,*,#1347,.T.);
#1827=ORIENTED_EDGE('',*,*,#1348,.T.);
#1828=ORIENTED_EDGE('',*,*,#1349,.T.);
#1829=ORIENTED_EDGE('',*,*,#1350,.T.);
#1830=ORIENTED_EDGE('',*,*,#1351,.T.);
#1831=ORIENTED_EDGE('',*,*,#1352,.T.);
#1832=ORIENTED_EDGE('',*,*,#1353,.T.);
#1833=ORIENTED_EDGE('',*,*,#1354,.T.);
#1834=ORIENTED_EDGE('',*,*,#1355,.T.);
#1835=ORIENTED_EDGE('',*,*,#1356,.T.);
#1836=ORIENTED_EDGE('',*,*,#1357,.T.);
#1837=ORIENTED_EDGE('',*,*,#1358,.T.);
#1838=ORIENTED_EDGE('',*,*,#1359,.T.);
#1839=ORIENTED_EDGE('',*,*,#1360,.T.);
#1840=ORIENTED_EDGE('',*,*,#1361,.T.);
#1841=ORIENTED_EDGE('',*,*,#1362,.T.);
#1842=ORIENTED_EDGE('',*,*,#1360,.F.);
#1843=ORIENTED_EDGE('',*,*,#1363,.T.);
#1844=ORIENTED_EDGE('',*,*,#1354,.F.);
#1845=ORIENTED_EDGE('',*,*,#1364,.T.);
#1846=ORIENTED_EDGE('',*,*,#1365,.T.);
#1847=ORIENTED_EDGE('',*,*,#1356,.F.);
#1848=ORIENTED_EDGE('',*,*,#1366,.T.);
#1849=ORIENTED_EDGE('',*,*,#1367,.T.);
#1850=ORIENTED_EDGE('',*,*,#1368,.T.);
#1851=ORIENTED_EDGE('',*,*,#1367,.F.);
#1852=ORIENTED_EDGE('',*,*,#1369,.T.);
#1853=ORIENTED_EDGE('',*,*,#1348,.F.);
#1854=ORIENTED_EDGE('',*,*,#1370,.T.);
#1855=ORIENTED_EDGE('',*,*,#1371,.T.);
#1856=ORIENTED_EDGE('',*,*,#1350,.F.);
#1857=ORIENTED_EDGE('',*,*,#1372,.T.);
#1858=ORIENTED_EDGE('',*,*,#1373,.T.);
#1859=ORIENTED_EDGE('',*,*,#1374,.T.);
#1860=ORIENTED_EDGE('',*,*,#1375,.T.);
#1861=ORIENTED_EDGE('',*,*,#1376,.T.);
#1862=ORIENTED_EDGE('',*,*,#1377,.T.);
#1863=ORIENTED_EDGE('',*,*,#1373,.F.);
#1864=ORIENTED_EDGE('',*,*,#1361,.F.);
#1865=ORIENTED_EDGE('',*,*,#1362,.F.);
#1866=ORIENTED_EDGE('',*,*,#1353,.F.);
#1867=ORIENTED_EDGE('',*,*,#1378,.F.);
#1868=ORIENTED_EDGE('',*,*,#1379,.F.);
#1869=ORIENTED_EDGE('',*,*,#1380,.F.);
#1870=ORIENTED_EDGE('',*,*,#1381,.F.);
#1871=ORIENTED_EDGE('',*,*,#1382,.F.);
#1872=ORIENTED_EDGE('',*,*,#1352,.F.);
#1873=ORIENTED_EDGE('',*,*,#1365,.F.);
#1874=ORIENTED_EDGE('',*,*,#1383,.T.);
#1875=ORIENTED_EDGE('',*,*,#1384,.F.);
#1876=ORIENTED_EDGE('',*,*,#1385,.F.);
#1877=ORIENTED_EDGE('',*,*,#1378,.T.);
#1878=ORIENTED_EDGE('',*,*,#1364,.F.);
#1879=ORIENTED_EDGE('',*,*,#1368,.F.);
#1880=ORIENTED_EDGE('',*,*,#1386,.F.);
#1881=ORIENTED_EDGE('',*,*,#1387,.F.);
#1882=ORIENTED_EDGE('',*,*,#1388,.F.);
#1883=ORIENTED_EDGE('',*,*,#1389,.F.);
#1884=ORIENTED_EDGE('',*,*,#1390,.F.);
#1885=ORIENTED_EDGE('',*,*,#1391,.F.);
#1886=ORIENTED_EDGE('',*,*,#1392,.F.);
#1887=ORIENTED_EDGE('',*,*,#1393,.F.);
#1888=ORIENTED_EDGE('',*,*,#1394,.F.);
#1889=ORIENTED_EDGE('',*,*,#1395,.F.);
#1890=ORIENTED_EDGE('',*,*,#1396,.F.);
#1891=ORIENTED_EDGE('',*,*,#1397,.F.);
#1892=ORIENTED_EDGE('',*,*,#1398,.F.);
#1893=ORIENTED_EDGE('',*,*,#1399,.F.);
#1894=ORIENTED_EDGE('',*,*,#1400,.F.);
#1895=ORIENTED_EDGE('',*,*,#1401,.F.);
#1896=ORIENTED_EDGE('',*,*,#1402,.F.);
#1897=ORIENTED_EDGE('',*,*,#1403,.F.);
#1898=ORIENTED_EDGE('',*,*,#1404,.F.);
#1899=ORIENTED_EDGE('',*,*,#1405,.F.);
#1900=ORIENTED_EDGE('',*,*,#1406,.F.);
#1901=ORIENTED_EDGE('',*,*,#1407,.F.);
#1902=ORIENTED_EDGE('',*,*,#1408,.F.);
#1903=ORIENTED_EDGE('',*,*,#1409,.F.);
#1904=ORIENTED_EDGE('',*,*,#1410,.F.);
#1905=ORIENTED_EDGE('',*,*,#1411,.F.);
#1906=ORIENTED_EDGE('',*,*,#1412,.F.);
#1907=ORIENTED_EDGE('',*,*,#1413,.F.);
#1908=ORIENTED_EDGE('',*,*,#1414,.F.);
#1909=ORIENTED_EDGE('',*,*,#1415,.F.);
#1910=ORIENTED_EDGE('',*,*,#1416,.F.);
#1911=ORIENTED_EDGE('',*,*,#1417,.F.);
#1912=ORIENTED_EDGE('',*,*,#1418,.F.);
#1913=ORIENTED_EDGE('',*,*,#1383,.F.);
#1914=ORIENTED_EDGE('',*,*,#1370,.F.);
#1915=ORIENTED_EDGE('',*,*,#1347,.F.);
#1916=ORIENTED_EDGE('',*,*,#1419,.T.);
#1917=ORIENTED_EDGE('',*,*,#1420,.F.);
#1918=ORIENTED_EDGE('',*,*,#1421,.F.);
#1919=ORIENTED_EDGE('',*,*,#1386,.T.);
#1920=ORIENTED_EDGE('',*,*,#1351,.F.);
#1921=ORIENTED_EDGE('',*,*,#1371,.F.);
#1922=ORIENTED_EDGE('',*,*,#1377,.F.);
#1923=ORIENTED_EDGE('',*,*,#1422,.F.);
#1924=ORIENTED_EDGE('',*,*,#1423,.F.);
#1925=ORIENTED_EDGE('',*,*,#1424,.F.);
#1926=ORIENTED_EDGE('',*,*,#1425,.F.);
#1927=ORIENTED_EDGE('',*,*,#1419,.F.);
#1928=ORIENTED_EDGE('',*,*,#1376,.F.);
#1929=ORIENTED_EDGE('',*,*,#1426,.T.);
#1930=ORIENTED_EDGE('',*,*,#1427,.F.);
#1931=ORIENTED_EDGE('',*,*,#1422,.T.);
#1932=ORIENTED_EDGE('',*,*,#1359,.F.);
#1933=ORIENTED_EDGE('',*,*,#1428,.F.);
#1934=ORIENTED_EDGE('',*,*,#1429,.T.);
#1935=ORIENTED_EDGE('',*,*,#1366,.F.);
#1936=ORIENTED_EDGE('',*,*,#1355,.F.);
#1937=ORIENTED_EDGE('',*,*,#1363,.F.);
#1938=ORIENTED_EDGE('',*,*,#1369,.F.);
#1939=ORIENTED_EDGE('',*,*,#1429,.F.);
#1940=ORIENTED_EDGE('',*,*,#1430,.F.);
#1941=ORIENTED_EDGE('',*,*,#1374,.F.);
#1942=ORIENTED_EDGE('',*,*,#1372,.F.);
#1943=ORIENTED_EDGE('',*,*,#1349,.F.);
#1944=ORIENTED_EDGE('',*,*,#1431,.T.);
#1945=ORIENTED_EDGE('',*,*,#1432,.T.);
#1946=ORIENTED_EDGE('',*,*,#1433,.T.);
#1947=ORIENTED_EDGE('',*,*,#1434,.T.);
#1948=ORIENTED_EDGE('',*,*,#1435,.T.);
#1949=ORIENTED_EDGE('',*,*,#1436,.T.);
#1950=ORIENTED_EDGE('',*,*,#1437,.T.);
#1951=ORIENTED_EDGE('',*,*,#1438,.T.);
#1952=ORIENTED_EDGE('',*,*,#1439,.T.);
#1953=ORIENTED_EDGE('',*,*,#1440,.T.);
#1954=ORIENTED_EDGE('',*,*,#1441,.T.);
#1955=ORIENTED_EDGE('',*,*,#1439,.F.);
#1956=ORIENTED_EDGE('',*,*,#1442,.T.);
#1957=ORIENTED_EDGE('',*,*,#1433,.F.);
#1958=ORIENTED_EDGE('',*,*,#1417,.T.);
#1959=ORIENTED_EDGE('',*,*,#1443,.T.);
#1960=ORIENTED_EDGE('',*,*,#1435,.F.);
#1961=ORIENTED_EDGE('',*,*,#1444,.T.);
#1962=ORIENTED_EDGE('',*,*,#1445,.T.);
#1963=ORIENTED_EDGE('',*,*,#1418,.T.);
#1964=ORIENTED_EDGE('',*,*,#1445,.F.);
#1965=ORIENTED_EDGE('',*,*,#1446,.T.);
#1966=ORIENTED_EDGE('',*,*,#1447,.T.);
#1967=ORIENTED_EDGE('',*,*,#1384,.T.);
#1968=ORIENTED_EDGE('',*,*,#1385,.T.);
#1969=ORIENTED_EDGE('',*,*,#1447,.F.);
#1970=ORIENTED_EDGE('',*,*,#1448,.T.);
#1971=ORIENTED_EDGE('',*,*,#1449,.T.);
#1972=ORIENTED_EDGE('',*,*,#1379,.T.);
#1973=ORIENTED_EDGE('',*,*,#1380,.T.);
#1974=ORIENTED_EDGE('',*,*,#1449,.F.);
#1975=ORIENTED_EDGE('',*,*,#1450,.T.);
#1976=ORIENTED_EDGE('',*,*,#1451,.T.);
#1977=ORIENTED_EDGE('',*,*,#1452,.T.);
#1978=ORIENTED_EDGE('',*,*,#1453,.T.);
#1979=ORIENTED_EDGE('',*,*,#1454,.T.);
#1980=ORIENTED_EDGE('',*,*,#1381,.T.);
#1981=ORIENTED_EDGE('',*,*,#1451,.F.);
#1982=ORIENTED_EDGE('',*,*,#1357,.F.);
#1983=ORIENTED_EDGE('',*,*,#1382,.T.);
#1984=ORIENTED_EDGE('',*,*,#1454,.F.);
#1985=ORIENTED_EDGE('',*,*,#1455,.T.);
#1986=ORIENTED_EDGE('',*,*,#1452,.F.);
#1987=ORIENTED_EDGE('',*,*,#1450,.F.);
#1988=ORIENTED_EDGE('',*,*,#1448,.F.);
#1989=ORIENTED_EDGE('',*,*,#1446,.F.);
#1990=ORIENTED_EDGE('',*,*,#1456,.F.);
#1991=ORIENTED_EDGE('',*,*,#1457,.F.);
#1992=ORIENTED_EDGE('',*,*,#1444,.F.);
#1993=ORIENTED_EDGE('',*,*,#1434,.F.);
#1994=ORIENTED_EDGE('',*,*,#1442,.F.);
#1995=ORIENTED_EDGE('',*,*,#1438,.F.);
#1996=ORIENTED_EDGE('',*,*,#1458,.F.);
#1997=ORIENTED_EDGE('',*,*,#1456,.T.);
#1998=ORIENTED_EDGE('',*,*,#1358,.F.);
#1999=ORIENTED_EDGE('',*,*,#1455,.F.);
#2000=ORIENTED_EDGE('',*,*,#1453,.F.);
#2001=ORIENTED_EDGE('',*,*,#1457,.T.);
#2002=ORIENTED_EDGE('',*,*,#1458,.T.);
#2003=ORIENTED_EDGE('',*,*,#1437,.F.);
#2004=ORIENTED_EDGE('',*,*,#1459,.F.);
#2005=ORIENTED_EDGE('',*,*,#1460,.F.);
#2006=ORIENTED_EDGE('',*,*,#1461,.T.);
#2007=ORIENTED_EDGE('',*,*,#1462,.T.);
#2008=ORIENTED_EDGE('',*,*,#1463,.F.);
#2009=ORIENTED_EDGE('',*,*,#1464,.F.);
#2010=ORIENTED_EDGE('',*,*,#1465,.F.);
#2011=ORIENTED_EDGE('',*,*,#1466,.T.);
#2012=ORIENTED_EDGE('',*,*,#1467,.T.);
#2013=ORIENTED_EDGE('',*,*,#1468,.F.);
#2014=ORIENTED_EDGE('',*,*,#1469,.F.);
#2015=ORIENTED_EDGE('',*,*,#1470,.F.);
#2016=ORIENTED_EDGE('',*,*,#1471,.T.);
#2017=ORIENTED_EDGE('',*,*,#1472,.T.);
#2018=ORIENTED_EDGE('',*,*,#1473,.F.);
#2019=ORIENTED_EDGE('',*,*,#1474,.F.);
#2020=ORIENTED_EDGE('',*,*,#1475,.F.);
#2021=ORIENTED_EDGE('',*,*,#1476,.T.);
#2022=ORIENTED_EDGE('',*,*,#1477,.T.);
#2023=ORIENTED_EDGE('',*,*,#1478,.F.);
#2024=ORIENTED_EDGE('',*,*,#1479,.F.);
#2025=ORIENTED_EDGE('',*,*,#1480,.F.);
#2026=ORIENTED_EDGE('',*,*,#1481,.T.);
#2027=ORIENTED_EDGE('',*,*,#1482,.T.);
#2028=ORIENTED_EDGE('',*,*,#1483,.F.);
#2029=ORIENTED_EDGE('',*,*,#1484,.F.);
#2030=ORIENTED_EDGE('',*,*,#1485,.F.);
#2031=ORIENTED_EDGE('',*,*,#1486,.T.);
#2032=ORIENTED_EDGE('',*,*,#1487,.T.);
#2033=ORIENTED_EDGE('',*,*,#1488,.F.);
#2034=ORIENTED_EDGE('',*,*,#1489,.F.);
#2035=ORIENTED_EDGE('',*,*,#1490,.F.);
#2036=ORIENTED_EDGE('',*,*,#1491,.T.);
#2037=ORIENTED_EDGE('',*,*,#1492,.T.);
#2038=ORIENTED_EDGE('',*,*,#1493,.F.);
#2039=ORIENTED_EDGE('',*,*,#1494,.F.);
#2040=ORIENTED_EDGE('',*,*,#1495,.F.);
#2041=ORIENTED_EDGE('',*,*,#1496,.T.);
#2042=ORIENTED_EDGE('',*,*,#1497,.T.);
#2043=ORIENTED_EDGE('',*,*,#1498,.F.);
#2044=ORIENTED_EDGE('',*,*,#1499,.F.);
#2045=ORIENTED_EDGE('',*,*,#1500,.F.);
#2046=ORIENTED_EDGE('',*,*,#1501,.T.);
#2047=ORIENTED_EDGE('',*,*,#1502,.T.);
#2048=ORIENTED_EDGE('',*,*,#1503,.F.);
#2049=ORIENTED_EDGE('',*,*,#1504,.F.);
#2050=ORIENTED_EDGE('',*,*,#1505,.F.);
#2051=ORIENTED_EDGE('',*,*,#1506,.T.);
#2052=ORIENTED_EDGE('',*,*,#1507,.T.);
#2053=ORIENTED_EDGE('',*,*,#1508,.F.);
#2054=ORIENTED_EDGE('',*,*,#1426,.F.);
#2055=ORIENTED_EDGE('',*,*,#1375,.F.);
#2056=ORIENTED_EDGE('',*,*,#1430,.T.);
#2057=ORIENTED_EDGE('',*,*,#1428,.T.);
#2058=ORIENTED_EDGE('',*,*,#1344,.T.);
#2059=ORIENTED_EDGE('',*,*,#1436,.F.);
#2060=ORIENTED_EDGE('',*,*,#1509,.T.);
#2061=ORIENTED_EDGE('',*,*,#1510,.F.);
#2062=ORIENTED_EDGE('',*,*,#1459,.T.);
#2063=ORIENTED_EDGE('',*,*,#1432,.F.);
#2064=ORIENTED_EDGE('',*,*,#1511,.F.);
#2065=ORIENTED_EDGE('',*,*,#1512,.F.);
#2066=ORIENTED_EDGE('',*,*,#1513,.F.);
#2067=ORIENTED_EDGE('',*,*,#1514,.F.);
#2068=ORIENTED_EDGE('',*,*,#1509,.F.);
#2069=ORIENTED_EDGE('',*,*,#1440,.F.);
#2070=ORIENTED_EDGE('',*,*,#1441,.F.);
#2071=ORIENTED_EDGE('',*,*,#1443,.F.);
#2072=ORIENTED_EDGE('',*,*,#1416,.T.);
#2073=ORIENTED_EDGE('',*,*,#1515,.F.);
#2074=ORIENTED_EDGE('',*,*,#1516,.F.);
#2075=ORIENTED_EDGE('',*,*,#1511,.T.);
#2076=ORIENTED_EDGE('',*,*,#1431,.F.);
#2077=ORIENTED_EDGE('',*,*,#1516,.T.);
#2078=ORIENTED_EDGE('',*,*,#1517,.T.);
#2079=ORIENTED_EDGE('',*,*,#1518,.T.);
#2080=ORIENTED_EDGE('',*,*,#1519,.T.);
#2081=ORIENTED_EDGE('',*,*,#1512,.T.);
#2082=ORIENTED_EDGE('',*,*,#1520,.T.);
#2083=ORIENTED_EDGE('',*,*,#1521,.T.);
#2084=ORIENTED_EDGE('',*,*,#1522,.T.);
#2085=ORIENTED_EDGE('',*,*,#1523,.T.);
#2086=ORIENTED_EDGE('',*,*,#1524,.T.);
#2087=ORIENTED_EDGE('',*,*,#1525,.T.);
#2088=ORIENTED_EDGE('',*,*,#1463,.T.);
#2089=ORIENTED_EDGE('',*,*,#1526,.T.);
#2090=ORIENTED_EDGE('',*,*,#1527,.T.);
#2091=ORIENTED_EDGE('',*,*,#1528,.T.);
#2092=ORIENTED_EDGE('',*,*,#1529,.T.);
#2093=ORIENTED_EDGE('',*,*,#1527,.F.);
#2094=ORIENTED_EDGE('',*,*,#1530,.T.);
#2095=ORIENTED_EDGE('',*,*,#1522,.F.);
#2096=ORIENTED_EDGE('',*,*,#1414,.T.);
#2097=ORIENTED_EDGE('',*,*,#1531,.T.);
#2098=ORIENTED_EDGE('',*,*,#1524,.F.);
#2099=ORIENTED_EDGE('',*,*,#1532,.T.);
#2100=ORIENTED_EDGE('',*,*,#1533,.T.);
#2101=ORIENTED_EDGE('',*,*,#1415,.T.);
#2102=ORIENTED_EDGE('',*,*,#1533,.F.);
#2103=ORIENTED_EDGE('',*,*,#1534,.T.);
#2104=ORIENTED_EDGE('',*,*,#1517,.F.);
#2105=ORIENTED_EDGE('',*,*,#1515,.T.);
#2106=ORIENTED_EDGE('',*,*,#1513,.T.);
#2107=ORIENTED_EDGE('',*,*,#1519,.F.);
#2108=ORIENTED_EDGE('',*,*,#1535,.T.);
#2109=ORIENTED_EDGE('',*,*,#1536,.T.);
#2110=ORIENTED_EDGE('',*,*,#1537,.T.);
#2111=ORIENTED_EDGE('',*,*,#1460,.T.);
#2112=ORIENTED_EDGE('',*,*,#1510,.T.);
#2113=ORIENTED_EDGE('',*,*,#1514,.T.);
#2114=ORIENTED_EDGE('',*,*,#1536,.F.);
#2115=ORIENTED_EDGE('',*,*,#1528,.F.);
#2116=ORIENTED_EDGE('',*,*,#1529,.F.);
#2117=ORIENTED_EDGE('',*,*,#1521,.F.);
#2118=ORIENTED_EDGE('',*,*,#1538,.F.);
#2119=ORIENTED_EDGE('',*,*,#1539,.F.);
#2120=ORIENTED_EDGE('',*,*,#1540,.F.);
#2121=ORIENTED_EDGE('',*,*,#1541,.F.);
#2122=ORIENTED_EDGE('',*,*,#1542,.F.);
#2123=ORIENTED_EDGE('',*,*,#1520,.F.);
#2124=ORIENTED_EDGE('',*,*,#1531,.F.);
#2125=ORIENTED_EDGE('',*,*,#1413,.T.);
#2126=ORIENTED_EDGE('',*,*,#1543,.F.);
#2127=ORIENTED_EDGE('',*,*,#1544,.F.);
#2128=ORIENTED_EDGE('',*,*,#1538,.T.);
#2129=ORIENTED_EDGE('',*,*,#1526,.F.);
#2130=ORIENTED_EDGE('',*,*,#1462,.F.);
#2131=ORIENTED_EDGE('',*,*,#1545,.T.);
#2132=ORIENTED_EDGE('',*,*,#1532,.F.);
#2133=ORIENTED_EDGE('',*,*,#1523,.F.);
#2134=ORIENTED_EDGE('',*,*,#1530,.F.);
#2135=ORIENTED_EDGE('',*,*,#1534,.F.);
#2136=ORIENTED_EDGE('',*,*,#1545,.F.);
#2137=ORIENTED_EDGE('',*,*,#1461,.F.);
#2138=ORIENTED_EDGE('',*,*,#1537,.F.);
#2139=ORIENTED_EDGE('',*,*,#1535,.F.);
#2140=ORIENTED_EDGE('',*,*,#1518,.F.);
#2141=ORIENTED_EDGE('',*,*,#1546,.T.);
#2142=ORIENTED_EDGE('',*,*,#1547,.T.);
#2143=ORIENTED_EDGE('',*,*,#1548,.T.);
#2144=ORIENTED_EDGE('',*,*,#1549,.T.);
#2145=ORIENTED_EDGE('',*,*,#1550,.T.);
#2146=ORIENTED_EDGE('',*,*,#1551,.T.);
#2147=ORIENTED_EDGE('',*,*,#1468,.T.);
#2148=ORIENTED_EDGE('',*,*,#1552,.T.);
#2149=ORIENTED_EDGE('',*,*,#1553,.T.);
#2150=ORIENTED_EDGE('',*,*,#1554,.T.);
#2151=ORIENTED_EDGE('',*,*,#1555,.T.);
#2152=ORIENTED_EDGE('',*,*,#1553,.F.);
#2153=ORIENTED_EDGE('',*,*,#1556,.T.);
#2154=ORIENTED_EDGE('',*,*,#1548,.F.);
#2155=ORIENTED_EDGE('',*,*,#1411,.T.);
#2156=ORIENTED_EDGE('',*,*,#1557,.T.);
#2157=ORIENTED_EDGE('',*,*,#1550,.F.);
#2158=ORIENTED_EDGE('',*,*,#1558,.T.);
#2159=ORIENTED_EDGE('',*,*,#1559,.T.);
#2160=ORIENTED_EDGE('',*,*,#1412,.T.);
#2161=ORIENTED_EDGE('',*,*,#1559,.F.);
#2162=ORIENTED_EDGE('',*,*,#1560,.T.);
#2163=ORIENTED_EDGE('',*,*,#1561,.T.);
#2164=ORIENTED_EDGE('',*,*,#1543,.T.);
#2165=ORIENTED_EDGE('',*,*,#1544,.T.);
#2166=ORIENTED_EDGE('',*,*,#1561,.F.);
#2167=ORIENTED_EDGE('',*,*,#1562,.T.);
#2168=ORIENTED_EDGE('',*,*,#1563,.T.);
#2169=ORIENTED_EDGE('',*,*,#1539,.T.);
#2170=ORIENTED_EDGE('',*,*,#1540,.T.);
#2171=ORIENTED_EDGE('',*,*,#1563,.F.);
#2172=ORIENTED_EDGE('',*,*,#1564,.T.);
#2173=ORIENTED_EDGE('',*,*,#1565,.T.);
#2174=ORIENTED_EDGE('',*,*,#1566,.T.);
#2175=ORIENTED_EDGE('',*,*,#1465,.T.);
#2176=ORIENTED_EDGE('',*,*,#1567,.T.);
#2177=ORIENTED_EDGE('',*,*,#1541,.T.);
#2178=ORIENTED_EDGE('',*,*,#1565,.F.);
#2179=ORIENTED_EDGE('',*,*,#1525,.F.);
#2180=ORIENTED_EDGE('',*,*,#1542,.T.);
#2181=ORIENTED_EDGE('',*,*,#1567,.F.);
#2182=ORIENTED_EDGE('',*,*,#1464,.T.);
#2183=ORIENTED_EDGE('',*,*,#1566,.F.);
#2184=ORIENTED_EDGE('',*,*,#1564,.F.);
#2185=ORIENTED_EDGE('',*,*,#1562,.F.);
#2186=ORIENTED_EDGE('',*,*,#1560,.F.);
#2187=ORIENTED_EDGE('',*,*,#1568,.F.);
#2188=ORIENTED_EDGE('',*,*,#1466,.F.);
#2189=ORIENTED_EDGE('',*,*,#1558,.F.);
#2190=ORIENTED_EDGE('',*,*,#1549,.F.);
#2191=ORIENTED_EDGE('',*,*,#1556,.F.);
#2192=ORIENTED_EDGE('',*,*,#1552,.F.);
#2193=ORIENTED_EDGE('',*,*,#1467,.F.);
#2194=ORIENTED_EDGE('',*,*,#1568,.T.);
#2195=ORIENTED_EDGE('',*,*,#1551,.F.);
#2196=ORIENTED_EDGE('',*,*,#1569,.T.);
#2197=ORIENTED_EDGE('',*,*,#1570,.F.);
#2198=ORIENTED_EDGE('',*,*,#1469,.T.);
#2199=ORIENTED_EDGE('',*,*,#1547,.F.);
#2200=ORIENTED_EDGE('',*,*,#1571,.F.);
#2201=ORIENTED_EDGE('',*,*,#1572,.F.);
#2202=ORIENTED_EDGE('',*,*,#1573,.F.);
#2203=ORIENTED_EDGE('',*,*,#1574,.F.);
#2204=ORIENTED_EDGE('',*,*,#1569,.F.);
#2205=ORIENTED_EDGE('',*,*,#1554,.F.);
#2206=ORIENTED_EDGE('',*,*,#1555,.F.);
#2207=ORIENTED_EDGE('',*,*,#1557,.F.);
#2208=ORIENTED_EDGE('',*,*,#1410,.T.);
#2209=ORIENTED_EDGE('',*,*,#1575,.F.);
#2210=ORIENTED_EDGE('',*,*,#1576,.F.);
#2211=ORIENTED_EDGE('',*,*,#1571,.T.);
#2212=ORIENTED_EDGE('',*,*,#1546,.F.);
#2213=ORIENTED_EDGE('',*,*,#1576,.T.);
#2214=ORIENTED_EDGE('',*,*,#1577,.T.);
#2215=ORIENTED_EDGE('',*,*,#1578,.T.);
#2216=ORIENTED_EDGE('',*,*,#1579,.T.);
#2217=ORIENTED_EDGE('',*,*,#1572,.T.);
#2218=ORIENTED_EDGE('',*,*,#1580,.T.);
#2219=ORIENTED_EDGE('',*,*,#1581,.T.);
#2220=ORIENTED_EDGE('',*,*,#1582,.T.);
#2221=ORIENTED_EDGE('',*,*,#1583,.T.);
#2222=ORIENTED_EDGE('',*,*,#1584,.T.);
#2223=ORIENTED_EDGE('',*,*,#1585,.T.);
#2224=ORIENTED_EDGE('',*,*,#1473,.T.);
#2225=ORIENTED_EDGE('',*,*,#1586,.T.);
#2226=ORIENTED_EDGE('',*,*,#1587,.T.);
#2227=ORIENTED_EDGE('',*,*,#1588,.T.);
#2228=ORIENTED_EDGE('',*,*,#1589,.T.);
#2229=ORIENTED_EDGE('',*,*,#1587,.F.);
#2230=ORIENTED_EDGE('',*,*,#1590,.T.);
#2231=ORIENTED_EDGE('',*,*,#1582,.F.);
#2232=ORIENTED_EDGE('',*,*,#1408,.T.);
#2233=ORIENTED_EDGE('',*,*,#1591,.T.);
#2234=ORIENTED_EDGE('',*,*,#1584,.F.);
#2235=ORIENTED_EDGE('',*,*,#1592,.T.);
#2236=ORIENTED_EDGE('',*,*,#1593,.T.);
#2237=ORIENTED_EDGE('',*,*,#1409,.T.);
#2238=ORIENTED_EDGE('',*,*,#1593,.F.);
#2239=ORIENTED_EDGE('',*,*,#1594,.T.);
#2240=ORIENTED_EDGE('',*,*,#1577,.F.);
#2241=ORIENTED_EDGE('',*,*,#1575,.T.);
#2242=ORIENTED_EDGE('',*,*,#1573,.T.);
#2243=ORIENTED_EDGE('',*,*,#1579,.F.);
#2244=ORIENTED_EDGE('',*,*,#1595,.T.);
#2245=ORIENTED_EDGE('',*,*,#1596,.T.);
#2246=ORIENTED_EDGE('',*,*,#1597,.T.);
#2247=ORIENTED_EDGE('',*,*,#1470,.T.);
#2248=ORIENTED_EDGE('',*,*,#1570,.T.);
#2249=ORIENTED_EDGE('',*,*,#1574,.T.);
#2250=ORIENTED_EDGE('',*,*,#1596,.F.);
#2251=ORIENTED_EDGE('',*,*,#1588,.F.);
#2252=ORIENTED_EDGE('',*,*,#1589,.F.);
#2253=ORIENTED_EDGE('',*,*,#1581,.F.);
#2254=ORIENTED_EDGE('',*,*,#1598,.F.);
#2255=ORIENTED_EDGE('',*,*,#1599,.F.);
#2256=ORIENTED_EDGE('',*,*,#1600,.F.);
#2257=ORIENTED_EDGE('',*,*,#1601,.F.);
#2258=ORIENTED_EDGE('',*,*,#1602,.F.);
#2259=ORIENTED_EDGE('',*,*,#1580,.F.);
#2260=ORIENTED_EDGE('',*,*,#1591,.F.);
#2261=ORIENTED_EDGE('',*,*,#1407,.T.);
#2262=ORIENTED_EDGE('',*,*,#1603,.F.);
#2263=ORIENTED_EDGE('',*,*,#1604,.F.);
#2264=ORIENTED_EDGE('',*,*,#1598,.T.);
#2265=ORIENTED_EDGE('',*,*,#1586,.F.);
#2266=ORIENTED_EDGE('',*,*,#1472,.F.);
#2267=ORIENTED_EDGE('',*,*,#1605,.T.);
#2268=ORIENTED_EDGE('',*,*,#1592,.F.);
#2269=ORIENTED_EDGE('',*,*,#1583,.F.);
#2270=ORIENTED_EDGE('',*,*,#1590,.F.);
#2271=ORIENTED_EDGE('',*,*,#1594,.F.);
#2272=ORIENTED_EDGE('',*,*,#1605,.F.);
#2273=ORIENTED_EDGE('',*,*,#1471,.F.);
#2274=ORIENTED_EDGE('',*,*,#1597,.F.);
#2275=ORIENTED_EDGE('',*,*,#1595,.F.);
#2276=ORIENTED_EDGE('',*,*,#1578,.F.);
#2277=ORIENTED_EDGE('',*,*,#1606,.T.);
#2278=ORIENTED_EDGE('',*,*,#1607,.T.);
#2279=ORIENTED_EDGE('',*,*,#1608,.T.);
#2280=ORIENTED_EDGE('',*,*,#1609,.T.);
#2281=ORIENTED_EDGE('',*,*,#1610,.T.);
#2282=ORIENTED_EDGE('',*,*,#1611,.T.);
#2283=ORIENTED_EDGE('',*,*,#1478,.T.);
#2284=ORIENTED_EDGE('',*,*,#1612,.T.);
#2285=ORIENTED_EDGE('',*,*,#1613,.T.);
#2286=ORIENTED_EDGE('',*,*,#1614,.T.);
#2287=ORIENTED_EDGE('',*,*,#1615,.T.);
#2288=ORIENTED_EDGE('',*,*,#1613,.F.);
#2289=ORIENTED_EDGE('',*,*,#1616,.T.);
#2290=ORIENTED_EDGE('',*,*,#1608,.F.);
#2291=ORIENTED_EDGE('',*,*,#1405,.T.);
#2292=ORIENTED_EDGE('',*,*,#1617,.T.);
#2293=ORIENTED_EDGE('',*,*,#1610,.F.);
#2294=ORIENTED_EDGE('',*,*,#1618,.T.);
#2295=ORIENTED_EDGE('',*,*,#1619,.T.);
#2296=ORIENTED_EDGE('',*,*,#1406,.T.);
#2297=ORIENTED_EDGE('',*,*,#1619,.F.);
#2298=ORIENTED_EDGE('',*,*,#1620,.T.);
#2299=ORIENTED_EDGE('',*,*,#1621,.T.);
#2300=ORIENTED_EDGE('',*,*,#1603,.T.);
#2301=ORIENTED_EDGE('',*,*,#1604,.T.);
#2302=ORIENTED_EDGE('',*,*,#1621,.F.);
#2303=ORIENTED_EDGE('',*,*,#1622,.T.);
#2304=ORIENTED_EDGE('',*,*,#1623,.T.);
#2305=ORIENTED_EDGE('',*,*,#1599,.T.);
#2306=ORIENTED_EDGE('',*,*,#1600,.T.);
#2307=ORIENTED_EDGE('',*,*,#1623,.F.);
#2308=ORIENTED_EDGE('',*,*,#1624,.T.);
#2309=ORIENTED_EDGE('',*,*,#1625,.T.);
#2310=ORIENTED_EDGE('',*,*,#1626,.T.);
#2311=ORIENTED_EDGE('',*,*,#1475,.T.);
#2312=ORIENTED_EDGE('',*,*,#1627,.T.);
#2313=ORIENTED_EDGE('',*,*,#1601,.T.);
#2314=ORIENTED_EDGE('',*,*,#1625,.F.);
#2315=ORIENTED_EDGE('',*,*,#1585,.F.);
#2316=ORIENTED_EDGE('',*,*,#1602,.T.);
#2317=ORIENTED_EDGE('',*,*,#1627,.F.);
#2318=ORIENTED_EDGE('',*,*,#1474,.T.);
#2319=ORIENTED_EDGE('',*,*,#1626,.F.);
#2320=ORIENTED_EDGE('',*,*,#1624,.F.);
#2321=ORIENTED_EDGE('',*,*,#1622,.F.);
#2322=ORIENTED_EDGE('',*,*,#1620,.F.);
#2323=ORIENTED_EDGE('',*,*,#1628,.F.);
#2324=ORIENTED_EDGE('',*,*,#1476,.F.);
#2325=ORIENTED_EDGE('',*,*,#1618,.F.);
#2326=ORIENTED_EDGE('',*,*,#1609,.F.);
#2327=ORIENTED_EDGE('',*,*,#1616,.F.);
#2328=ORIENTED_EDGE('',*,*,#1612,.F.);
#2329=ORIENTED_EDGE('',*,*,#1477,.F.);
#2330=ORIENTED_EDGE('',*,*,#1628,.T.);
#2331=ORIENTED_EDGE('',*,*,#1611,.F.);
#2332=ORIENTED_EDGE('',*,*,#1629,.T.);
#2333=ORIENTED_EDGE('',*,*,#1630,.F.);
#2334=ORIENTED_EDGE('',*,*,#1479,.T.);
#2335=ORIENTED_EDGE('',*,*,#1607,.F.);
#2336=ORIENTED_EDGE('',*,*,#1631,.F.);
#2337=ORIENTED_EDGE('',*,*,#1632,.F.);
#2338=ORIENTED_EDGE('',*,*,#1633,.F.);
#2339=ORIENTED_EDGE('',*,*,#1634,.F.);
#2340=ORIENTED_EDGE('',*,*,#1629,.F.);
#2341=ORIENTED_EDGE('',*,*,#1614,.F.);
#2342=ORIENTED_EDGE('',*,*,#1615,.F.);
#2343=ORIENTED_EDGE('',*,*,#1617,.F.);
#2344=ORIENTED_EDGE('',*,*,#1404,.T.);
#2345=ORIENTED_EDGE('',*,*,#1635,.F.);
#2346=ORIENTED_EDGE('',*,*,#1636,.F.);
#2347=ORIENTED_EDGE('',*,*,#1631,.T.);
#2348=ORIENTED_EDGE('',*,*,#1606,.F.);
#2349=ORIENTED_EDGE('',*,*,#1636,.T.);
#2350=ORIENTED_EDGE('',*,*,#1637,.T.);
#2351=ORIENTED_EDGE('',*,*,#1638,.T.);
#2352=ORIENTED_EDGE('',*,*,#1639,.T.);
#2353=ORIENTED_EDGE('',*,*,#1632,.T.);
#2354=ORIENTED_EDGE('',*,*,#1640,.T.);
#2355=ORIENTED_EDGE('',*,*,#1641,.T.);
#2356=ORIENTED_EDGE('',*,*,#1642,.T.);
#2357=ORIENTED_EDGE('',*,*,#1643,.T.);
#2358=ORIENTED_EDGE('',*,*,#1644,.T.);
#2359=ORIENTED_EDGE('',*,*,#1645,.T.);
#2360=ORIENTED_EDGE('',*,*,#1483,.T.);
#2361=ORIENTED_EDGE('',*,*,#1646,.T.);
#2362=ORIENTED_EDGE('',*,*,#1647,.T.);
#2363=ORIENTED_EDGE('',*,*,#1648,.T.);
#2364=ORIENTED_EDGE('',*,*,#1649,.T.);
#2365=ORIENTED_EDGE('',*,*,#1647,.F.);
#2366=ORIENTED_EDGE('',*,*,#1650,.T.);
#2367=ORIENTED_EDGE('',*,*,#1642,.F.);
#2368=ORIENTED_EDGE('',*,*,#1402,.T.);
#2369=ORIENTED_EDGE('',*,*,#1651,.T.);
#2370=ORIENTED_EDGE('',*,*,#1644,.F.);
#2371=ORIENTED_EDGE('',*,*,#1652,.T.);
#2372=ORIENTED_EDGE('',*,*,#1653,.T.);
#2373=ORIENTED_EDGE('',*,*,#1403,.T.);
#2374=ORIENTED_EDGE('',*,*,#1653,.F.);
#2375=ORIENTED_EDGE('',*,*,#1654,.T.);
#2376=ORIENTED_EDGE('',*,*,#1637,.F.);
#2377=ORIENTED_EDGE('',*,*,#1635,.T.);
#2378=ORIENTED_EDGE('',*,*,#1633,.T.);
#2379=ORIENTED_EDGE('',*,*,#1639,.F.);
#2380=ORIENTED_EDGE('',*,*,#1655,.T.);
#2381=ORIENTED_EDGE('',*,*,#1656,.T.);
#2382=ORIENTED_EDGE('',*,*,#1657,.T.);
#2383=ORIENTED_EDGE('',*,*,#1480,.T.);
#2384=ORIENTED_EDGE('',*,*,#1630,.T.);
#2385=ORIENTED_EDGE('',*,*,#1634,.T.);
#2386=ORIENTED_EDGE('',*,*,#1656,.F.);
#2387=ORIENTED_EDGE('',*,*,#1648,.F.);
#2388=ORIENTED_EDGE('',*,*,#1649,.F.);
#2389=ORIENTED_EDGE('',*,*,#1641,.F.);
#2390=ORIENTED_EDGE('',*,*,#1658,.F.);
#2391=ORIENTED_EDGE('',*,*,#1659,.F.);
#2392=ORIENTED_EDGE('',*,*,#1660,.F.);
#2393=ORIENTED_EDGE('',*,*,#1661,.F.);
#2394=ORIENTED_EDGE('',*,*,#1662,.F.);
#2395=ORIENTED_EDGE('',*,*,#1640,.F.);
#2396=ORIENTED_EDGE('',*,*,#1651,.F.);
#2397=ORIENTED_EDGE('',*,*,#1401,.T.);
#2398=ORIENTED_EDGE('',*,*,#1663,.F.);
#2399=ORIENTED_EDGE('',*,*,#1664,.F.);
#2400=ORIENTED_EDGE('',*,*,#1658,.T.);
#2401=ORIENTED_EDGE('',*,*,#1646,.F.);
#2402=ORIENTED_EDGE('',*,*,#1482,.F.);
#2403=ORIENTED_EDGE('',*,*,#1665,.T.);
#2404=ORIENTED_EDGE('',*,*,#1652,.F.);
#2405=ORIENTED_EDGE('',*,*,#1643,.F.);
#2406=ORIENTED_EDGE('',*,*,#1650,.F.);
#2407=ORIENTED_EDGE('',*,*,#1654,.F.);
#2408=ORIENTED_EDGE('',*,*,#1665,.F.);
#2409=ORIENTED_EDGE('',*,*,#1481,.F.);
#2410=ORIENTED_EDGE('',*,*,#1657,.F.);
#2411=ORIENTED_EDGE('',*,*,#1655,.F.);
#2412=ORIENTED_EDGE('',*,*,#1638,.F.);
#2413=ORIENTED_EDGE('',*,*,#1666,.T.);
#2414=ORIENTED_EDGE('',*,*,#1667,.T.);
#2415=ORIENTED_EDGE('',*,*,#1668,.T.);
#2416=ORIENTED_EDGE('',*,*,#1669,.T.);
#2417=ORIENTED_EDGE('',*,*,#1670,.T.);
#2418=ORIENTED_EDGE('',*,*,#1671,.T.);
#2419=ORIENTED_EDGE('',*,*,#1488,.T.);
#2420=ORIENTED_EDGE('',*,*,#1672,.T.);
#2421=ORIENTED_EDGE('',*,*,#1673,.T.);
#2422=ORIENTED_EDGE('',*,*,#1674,.T.);
#2423=ORIENTED_EDGE('',*,*,#1675,.T.);
#2424=ORIENTED_EDGE('',*,*,#1673,.F.);
#2425=ORIENTED_EDGE('',*,*,#1676,.T.);
#2426=ORIENTED_EDGE('',*,*,#1668,.F.);
#2427=ORIENTED_EDGE('',*,*,#1399,.T.);
#2428=ORIENTED_EDGE('',*,*,#1677,.T.);
#2429=ORIENTED_EDGE('',*,*,#1670,.F.);
#2430=ORIENTED_EDGE('',*,*,#1678,.T.);
#2431=ORIENTED_EDGE('',*,*,#1679,.T.);
#2432=ORIENTED_EDGE('',*,*,#1400,.T.);
#2433=ORIENTED_EDGE('',*,*,#1679,.F.);
#2434=ORIENTED_EDGE('',*,*,#1680,.T.);
#2435=ORIENTED_EDGE('',*,*,#1681,.T.);
#2436=ORIENTED_EDGE('',*,*,#1663,.T.);
#2437=ORIENTED_EDGE('',*,*,#1664,.T.);
#2438=ORIENTED_EDGE('',*,*,#1681,.F.);
#2439=ORIENTED_EDGE('',*,*,#1682,.T.);
#2440=ORIENTED_EDGE('',*,*,#1683,.T.);
#2441=ORIENTED_EDGE('',*,*,#1659,.T.);
#2442=ORIENTED_EDGE('',*,*,#1660,.T.);
#2443=ORIENTED_EDGE('',*,*,#1683,.F.);
#2444=ORIENTED_EDGE('',*,*,#1684,.T.);
#2445=ORIENTED_EDGE('',*,*,#1685,.T.);
#2446=ORIENTED_EDGE('',*,*,#1686,.T.);
#2447=ORIENTED_EDGE('',*,*,#1485,.T.);
#2448=ORIENTED_EDGE('',*,*,#1687,.T.);
#2449=ORIENTED_EDGE('',*,*,#1661,.T.);
#2450=ORIENTED_EDGE('',*,*,#1685,.F.);
#2451=ORIENTED_EDGE('',*,*,#1645,.F.);
#2452=ORIENTED_EDGE('',*,*,#1662,.T.);
#2453=ORIENTED_EDGE('',*,*,#1687,.F.);
#2454=ORIENTED_EDGE('',*,*,#1484,.T.);
#2455=ORIENTED_EDGE('',*,*,#1686,.F.);
#2456=ORIENTED_EDGE('',*,*,#1684,.F.);
#2457=ORIENTED_EDGE('',*,*,#1682,.F.);
#2458=ORIENTED_EDGE('',*,*,#1680,.F.);
#2459=ORIENTED_EDGE('',*,*,#1688,.F.);
#2460=ORIENTED_EDGE('',*,*,#1486,.F.);
#2461=ORIENTED_EDGE('',*,*,#1678,.F.);
#2462=ORIENTED_EDGE('',*,*,#1669,.F.);
#2463=ORIENTED_EDGE('',*,*,#1676,.F.);
#2464=ORIENTED_EDGE('',*,*,#1672,.F.);
#2465=ORIENTED_EDGE('',*,*,#1487,.F.);
#2466=ORIENTED_EDGE('',*,*,#1688,.T.);
#2467=ORIENTED_EDGE('',*,*,#1671,.F.);
#2468=ORIENTED_EDGE('',*,*,#1689,.T.);
#2469=ORIENTED_EDGE('',*,*,#1690,.F.);
#2470=ORIENTED_EDGE('',*,*,#1489,.T.);
#2471=ORIENTED_EDGE('',*,*,#1667,.F.);
#2472=ORIENTED_EDGE('',*,*,#1691,.F.);
#2473=ORIENTED_EDGE('',*,*,#1692,.F.);
#2474=ORIENTED_EDGE('',*,*,#1693,.F.);
#2475=ORIENTED_EDGE('',*,*,#1694,.F.);
#2476=ORIENTED_EDGE('',*,*,#1689,.F.);
#2477=ORIENTED_EDGE('',*,*,#1674,.F.);
#2478=ORIENTED_EDGE('',*,*,#1675,.F.);
#2479=ORIENTED_EDGE('',*,*,#1677,.F.);
#2480=ORIENTED_EDGE('',*,*,#1398,.T.);
#2481=ORIENTED_EDGE('',*,*,#1695,.F.);
#2482=ORIENTED_EDGE('',*,*,#1696,.F.);
#2483=ORIENTED_EDGE('',*,*,#1691,.T.);
#2484=ORIENTED_EDGE('',*,*,#1666,.F.);
#2485=ORIENTED_EDGE('',*,*,#1696,.T.);
#2486=ORIENTED_EDGE('',*,*,#1697,.T.);
#2487=ORIENTED_EDGE('',*,*,#1698,.T.);
#2488=ORIENTED_EDGE('',*,*,#1699,.T.);
#2489=ORIENTED_EDGE('',*,*,#1692,.T.);
#2490=ORIENTED_EDGE('',*,*,#1700,.T.);
#2491=ORIENTED_EDGE('',*,*,#1701,.T.);
#2492=ORIENTED_EDGE('',*,*,#1702,.T.);
#2493=ORIENTED_EDGE('',*,*,#1703,.T.);
#2494=ORIENTED_EDGE('',*,*,#1704,.T.);
#2495=ORIENTED_EDGE('',*,*,#1705,.T.);
#2496=ORIENTED_EDGE('',*,*,#1493,.T.);
#2497=ORIENTED_EDGE('',*,*,#1706,.T.);
#2498=ORIENTED_EDGE('',*,*,#1707,.T.);
#2499=ORIENTED_EDGE('',*,*,#1708,.T.);
#2500=ORIENTED_EDGE('',*,*,#1709,.T.);
#2501=ORIENTED_EDGE('',*,*,#1707,.F.);
#2502=ORIENTED_EDGE('',*,*,#1710,.T.);
#2503=ORIENTED_EDGE('',*,*,#1702,.F.);
#2504=ORIENTED_EDGE('',*,*,#1396,.T.);
#2505=ORIENTED_EDGE('',*,*,#1711,.T.);
#2506=ORIENTED_EDGE('',*,*,#1704,.F.);
#2507=ORIENTED_EDGE('',*,*,#1712,.T.);
#2508=ORIENTED_EDGE('',*,*,#1713,.T.);
#2509=ORIENTED_EDGE('',*,*,#1397,.T.);
#2510=ORIENTED_EDGE('',*,*,#1713,.F.);
#2511=ORIENTED_EDGE('',*,*,#1714,.T.);
#2512=ORIENTED_EDGE('',*,*,#1697,.F.);
#2513=ORIENTED_EDGE('',*,*,#1695,.T.);
#2514=ORIENTED_EDGE('',*,*,#1693,.T.);
#2515=ORIENTED_EDGE('',*,*,#1699,.F.);
#2516=ORIENTED_EDGE('',*,*,#1715,.T.);
#2517=ORIENTED_EDGE('',*,*,#1716,.T.);
#2518=ORIENTED_EDGE('',*,*,#1717,.T.);
#2519=ORIENTED_EDGE('',*,*,#1490,.T.);
#2520=ORIENTED_EDGE('',*,*,#1690,.T.);
#2521=ORIENTED_EDGE('',*,*,#1694,.T.);
#2522=ORIENTED_EDGE('',*,*,#1716,.F.);
#2523=ORIENTED_EDGE('',*,*,#1708,.F.);
#2524=ORIENTED_EDGE('',*,*,#1709,.F.);
#2525=ORIENTED_EDGE('',*,*,#1701,.F.);
#2526=ORIENTED_EDGE('',*,*,#1718,.F.);
#2527=ORIENTED_EDGE('',*,*,#1719,.F.);
#2528=ORIENTED_EDGE('',*,*,#1720,.F.);
#2529=ORIENTED_EDGE('',*,*,#1721,.F.);
#2530=ORIENTED_EDGE('',*,*,#1722,.F.);
#2531=ORIENTED_EDGE('',*,*,#1700,.F.);
#2532=ORIENTED_EDGE('',*,*,#1711,.F.);
#2533=ORIENTED_EDGE('',*,*,#1395,.T.);
#2534=ORIENTED_EDGE('',*,*,#1723,.F.);
#2535=ORIENTED_EDGE('',*,*,#1724,.F.);
#2536=ORIENTED_EDGE('',*,*,#1718,.T.);
#2537=ORIENTED_EDGE('',*,*,#1706,.F.);
#2538=ORIENTED_EDGE('',*,*,#1492,.F.);
#2539=ORIENTED_EDGE('',*,*,#1725,.T.);
#2540=ORIENTED_EDGE('',*,*,#1712,.F.);
#2541=ORIENTED_EDGE('',*,*,#1703,.F.);
#2542=ORIENTED_EDGE('',*,*,#1710,.F.);
#2543=ORIENTED_EDGE('',*,*,#1714,.F.);
#2544=ORIENTED_EDGE('',*,*,#1725,.F.);
#2545=ORIENTED_EDGE('',*,*,#1491,.F.);
#2546=ORIENTED_EDGE('',*,*,#1717,.F.);
#2547=ORIENTED_EDGE('',*,*,#1715,.F.);
#2548=ORIENTED_EDGE('',*,*,#1698,.F.);
#2549=ORIENTED_EDGE('',*,*,#1726,.T.);
#2550=ORIENTED_EDGE('',*,*,#1727,.T.);
#2551=ORIENTED_EDGE('',*,*,#1728,.T.);
#2552=ORIENTED_EDGE('',*,*,#1729,.T.);
#2553=ORIENTED_EDGE('',*,*,#1730,.T.);
#2554=ORIENTED_EDGE('',*,*,#1731,.T.);
#2555=ORIENTED_EDGE('',*,*,#1498,.T.);
#2556=ORIENTED_EDGE('',*,*,#1732,.T.);
#2557=ORIENTED_EDGE('',*,*,#1733,.T.);
#2558=ORIENTED_EDGE('',*,*,#1734,.T.);
#2559=ORIENTED_EDGE('',*,*,#1735,.T.);
#2560=ORIENTED_EDGE('',*,*,#1733,.F.);
#2561=ORIENTED_EDGE('',*,*,#1736,.T.);
#2562=ORIENTED_EDGE('',*,*,#1728,.F.);
#2563=ORIENTED_EDGE('',*,*,#1393,.T.);
#2564=ORIENTED_EDGE('',*,*,#1737,.T.);
#2565=ORIENTED_EDGE('',*,*,#1730,.F.);
#2566=ORIENTED_EDGE('',*,*,#1738,.T.);
#2567=ORIENTED_EDGE('',*,*,#1739,.T.);
#2568=ORIENTED_EDGE('',*,*,#1394,.T.);
#2569=ORIENTED_EDGE('',*,*,#1739,.F.);
#2570=ORIENTED_EDGE('',*,*,#1740,.T.);
#2571=ORIENTED_EDGE('',*,*,#1741,.T.);
#2572=ORIENTED_EDGE('',*,*,#1723,.T.);
#2573=ORIENTED_EDGE('',*,*,#1724,.T.);
#2574=ORIENTED_EDGE('',*,*,#1741,.F.);
#2575=ORIENTED_EDGE('',*,*,#1742,.T.);
#2576=ORIENTED_EDGE('',*,*,#1743,.T.);
#2577=ORIENTED_EDGE('',*,*,#1719,.T.);
#2578=ORIENTED_EDGE('',*,*,#1720,.T.);
#2579=ORIENTED_EDGE('',*,*,#1743,.F.);
#2580=ORIENTED_EDGE('',*,*,#1744,.T.);
#2581=ORIENTED_EDGE('',*,*,#1745,.T.);
#2582=ORIENTED_EDGE('',*,*,#1746,.T.);
#2583=ORIENTED_EDGE('',*,*,#1495,.T.);
#2584=ORIENTED_EDGE('',*,*,#1747,.T.);
#2585=ORIENTED_EDGE('',*,*,#1721,.T.);
#2586=ORIENTED_EDGE('',*,*,#1745,.F.);
#2587=ORIENTED_EDGE('',*,*,#1705,.F.);
#2588=ORIENTED_EDGE('',*,*,#1722,.T.);
#2589=ORIENTED_EDGE('',*,*,#1747,.F.);
#2590=ORIENTED_EDGE('',*,*,#1494,.T.);
#2591=ORIENTED_EDGE('',*,*,#1746,.F.);
#2592=ORIENTED_EDGE('',*,*,#1744,.F.);
#2593=ORIENTED_EDGE('',*,*,#1742,.F.);
#2594=ORIENTED_EDGE('',*,*,#1740,.F.);
#2595=ORIENTED_EDGE('',*,*,#1748,.F.);
#2596=ORIENTED_EDGE('',*,*,#1496,.F.);
#2597=ORIENTED_EDGE('',*,*,#1738,.F.);
#2598=ORIENTED_EDGE('',*,*,#1729,.F.);
#2599=ORIENTED_EDGE('',*,*,#1736,.F.);
#2600=ORIENTED_EDGE('',*,*,#1732,.F.);
#2601=ORIENTED_EDGE('',*,*,#1497,.F.);
#2602=ORIENTED_EDGE('',*,*,#1748,.T.);
#2603=ORIENTED_EDGE('',*,*,#1731,.F.);
#2604=ORIENTED_EDGE('',*,*,#1749,.T.);
#2605=ORIENTED_EDGE('',*,*,#1750,.F.);
#2606=ORIENTED_EDGE('',*,*,#1499,.T.);
#2607=ORIENTED_EDGE('',*,*,#1727,.F.);
#2608=ORIENTED_EDGE('',*,*,#1751,.F.);
#2609=ORIENTED_EDGE('',*,*,#1752,.F.);
#2610=ORIENTED_EDGE('',*,*,#1753,.F.);
#2611=ORIENTED_EDGE('',*,*,#1754,.F.);
#2612=ORIENTED_EDGE('',*,*,#1749,.F.);
#2613=ORIENTED_EDGE('',*,*,#1734,.F.);
#2614=ORIENTED_EDGE('',*,*,#1735,.F.);
#2615=ORIENTED_EDGE('',*,*,#1737,.F.);
#2616=ORIENTED_EDGE('',*,*,#1392,.T.);
#2617=ORIENTED_EDGE('',*,*,#1755,.F.);
#2618=ORIENTED_EDGE('',*,*,#1756,.F.);
#2619=ORIENTED_EDGE('',*,*,#1751,.T.);
#2620=ORIENTED_EDGE('',*,*,#1726,.F.);
#2621=ORIENTED_EDGE('',*,*,#1757,.T.);
#2622=ORIENTED_EDGE('',*,*,#1500,.T.);
#2623=ORIENTED_EDGE('',*,*,#1750,.T.);
#2624=ORIENTED_EDGE('',*,*,#1754,.T.);
#2625=ORIENTED_EDGE('',*,*,#1758,.T.);
#2626=ORIENTED_EDGE('',*,*,#1756,.T.);
#2627=ORIENTED_EDGE('',*,*,#1759,.T.);
#2628=ORIENTED_EDGE('',*,*,#1760,.T.);
#2629=ORIENTED_EDGE('',*,*,#1761,.T.);
#2630=ORIENTED_EDGE('',*,*,#1752,.T.);
#2631=ORIENTED_EDGE('',*,*,#1762,.T.);
#2632=ORIENTED_EDGE('',*,*,#1503,.T.);
#2633=ORIENTED_EDGE('',*,*,#1763,.T.);
#2634=ORIENTED_EDGE('',*,*,#1764,.T.);
#2635=ORIENTED_EDGE('',*,*,#1765,.T.);
#2636=ORIENTED_EDGE('',*,*,#1766,.T.);
#2637=ORIENTED_EDGE('',*,*,#1764,.F.);
#2638=ORIENTED_EDGE('',*,*,#1767,.T.);
#2639=ORIENTED_EDGE('',*,*,#1768,.T.);
#2640=ORIENTED_EDGE('',*,*,#1769,.T.);
#2641=ORIENTED_EDGE('',*,*,#1770,.T.);
#2642=ORIENTED_EDGE('',*,*,#1768,.F.);
#2643=ORIENTED_EDGE('',*,*,#1771,.T.);
#2644=ORIENTED_EDGE('',*,*,#1772,.T.);
#2645=ORIENTED_EDGE('',*,*,#1390,.T.);
#2646=ORIENTED_EDGE('',*,*,#1773,.T.);
#2647=ORIENTED_EDGE('',*,*,#1772,.F.);
#2648=ORIENTED_EDGE('',*,*,#1774,.T.);
#2649=ORIENTED_EDGE('',*,*,#1775,.T.);
#2650=ORIENTED_EDGE('',*,*,#1391,.T.);
#2651=ORIENTED_EDGE('',*,*,#1775,.F.);
#2652=ORIENTED_EDGE('',*,*,#1776,.T.);
#2653=ORIENTED_EDGE('',*,*,#1759,.F.);
#2654=ORIENTED_EDGE('',*,*,#1755,.T.);
#2655=ORIENTED_EDGE('',*,*,#1753,.T.);
#2656=ORIENTED_EDGE('',*,*,#1761,.F.);
#2657=ORIENTED_EDGE('',*,*,#1777,.T.);
#2658=ORIENTED_EDGE('',*,*,#1758,.F.);
#2659=ORIENTED_EDGE('',*,*,#1774,.F.);
#2660=ORIENTED_EDGE('',*,*,#1771,.F.);
#2661=ORIENTED_EDGE('',*,*,#1767,.F.);
#2662=ORIENTED_EDGE('',*,*,#1763,.F.);
#2663=ORIENTED_EDGE('',*,*,#1502,.F.);
#2664=ORIENTED_EDGE('',*,*,#1778,.T.);
#2665=ORIENTED_EDGE('',*,*,#1762,.F.);
#2666=ORIENTED_EDGE('',*,*,#1779,.T.);
#2667=ORIENTED_EDGE('',*,*,#1780,.F.);
#2668=ORIENTED_EDGE('',*,*,#1504,.T.);
#2669=ORIENTED_EDGE('',*,*,#1765,.F.);
#2670=ORIENTED_EDGE('',*,*,#1766,.F.);
#2671=ORIENTED_EDGE('',*,*,#1770,.F.);
#2672=ORIENTED_EDGE('',*,*,#1781,.F.);
#2673=ORIENTED_EDGE('',*,*,#1782,.F.);
#2674=ORIENTED_EDGE('',*,*,#1783,.F.);
#2675=ORIENTED_EDGE('',*,*,#1784,.F.);
#2676=ORIENTED_EDGE('',*,*,#1779,.F.);
#2677=ORIENTED_EDGE('',*,*,#1769,.F.);
#2678=ORIENTED_EDGE('',*,*,#1773,.F.);
#2679=ORIENTED_EDGE('',*,*,#1389,.T.);
#2680=ORIENTED_EDGE('',*,*,#1785,.F.);
#2681=ORIENTED_EDGE('',*,*,#1786,.F.);
#2682=ORIENTED_EDGE('',*,*,#1781,.T.);
#2683=ORIENTED_EDGE('',*,*,#1776,.F.);
#2684=ORIENTED_EDGE('',*,*,#1778,.F.);
#2685=ORIENTED_EDGE('',*,*,#1501,.F.);
#2686=ORIENTED_EDGE('',*,*,#1757,.F.);
#2687=ORIENTED_EDGE('',*,*,#1777,.F.);
#2688=ORIENTED_EDGE('',*,*,#1760,.F.);
#2689=ORIENTED_EDGE('',*,*,#1787,.T.);
#2690=ORIENTED_EDGE('',*,*,#1505,.T.);
#2691=ORIENTED_EDGE('',*,*,#1780,.T.);
#2692=ORIENTED_EDGE('',*,*,#1784,.T.);
#2693=ORIENTED_EDGE('',*,*,#1788,.T.);
#2694=ORIENTED_EDGE('',*,*,#1786,.T.);
#2695=ORIENTED_EDGE('',*,*,#1789,.T.);
#2696=ORIENTED_EDGE('',*,*,#1790,.T.);
#2697=ORIENTED_EDGE('',*,*,#1791,.T.);
#2698=ORIENTED_EDGE('',*,*,#1782,.T.);
#2699=ORIENTED_EDGE('',*,*,#1427,.T.);
#2700=ORIENTED_EDGE('',*,*,#1508,.T.);
#2701=ORIENTED_EDGE('',*,*,#1792,.T.);
#2702=ORIENTED_EDGE('',*,*,#1793,.T.);
#2703=ORIENTED_EDGE('',*,*,#1423,.T.);
#2704=ORIENTED_EDGE('',*,*,#1424,.T.);
#2705=ORIENTED_EDGE('',*,*,#1793,.F.);
#2706=ORIENTED_EDGE('',*,*,#1794,.T.);
#2707=ORIENTED_EDGE('',*,*,#1795,.T.);
#2708=ORIENTED_EDGE('',*,*,#1420,.T.);
#2709=ORIENTED_EDGE('',*,*,#1425,.T.);
#2710=ORIENTED_EDGE('',*,*,#1795,.F.);
#2711=ORIENTED_EDGE('',*,*,#1796,.T.);
#2712=ORIENTED_EDGE('',*,*,#1797,.T.);
#2713=ORIENTED_EDGE('',*,*,#1387,.T.);
#2714=ORIENTED_EDGE('',*,*,#1421,.T.);
#2715=ORIENTED_EDGE('',*,*,#1797,.F.);
#2716=ORIENTED_EDGE('',*,*,#1798,.T.);
#2717=ORIENTED_EDGE('',*,*,#1799,.T.);
#2718=ORIENTED_EDGE('',*,*,#1388,.T.);
#2719=ORIENTED_EDGE('',*,*,#1799,.F.);
#2720=ORIENTED_EDGE('',*,*,#1800,.T.);
#2721=ORIENTED_EDGE('',*,*,#1789,.F.);
#2722=ORIENTED_EDGE('',*,*,#1785,.T.);
#2723=ORIENTED_EDGE('',*,*,#1783,.T.);
#2724=ORIENTED_EDGE('',*,*,#1791,.F.);
#2725=ORIENTED_EDGE('',*,*,#1801,.T.);
#2726=ORIENTED_EDGE('',*,*,#1788,.F.);
#2727=ORIENTED_EDGE('',*,*,#1798,.F.);
#2728=ORIENTED_EDGE('',*,*,#1796,.F.);
#2729=ORIENTED_EDGE('',*,*,#1794,.F.);
#2730=ORIENTED_EDGE('',*,*,#1792,.F.);
#2731=ORIENTED_EDGE('',*,*,#1507,.F.);
#2732=ORIENTED_EDGE('',*,*,#1802,.T.);
#2733=ORIENTED_EDGE('',*,*,#1800,.F.);
#2734=ORIENTED_EDGE('',*,*,#1802,.F.);
#2735=ORIENTED_EDGE('',*,*,#1506,.F.);
#2736=ORIENTED_EDGE('',*,*,#1787,.F.);
#2737=ORIENTED_EDGE('',*,*,#1801,.F.);
#2738=ORIENTED_EDGE('',*,*,#1790,.F.);
#2739=PLANE('',#2959);
#2740=PLANE('',#2965);
#2741=PLANE('',#2966);
#2742=PLANE('',#2970);
#2743=PLANE('',#2971);
#2744=PLANE('',#2972);
#2745=PLANE('',#2978);
#2746=PLANE('',#2996);
#2747=PLANE('',#2997);
#2748=PLANE('',#2998);
#2749=PLANE('',#2999);
#2750=PLANE('',#3002);
#2751=PLANE('',#3003);
#2752=PLANE('',#3004);
#2753=PLANE('',#3020);
#2754=PLANE('',#3021);
#2755=PLANE('',#3026);
#2756=PLANE('',#3027);
#2757=PLANE('',#3028);
#2758=PLANE('',#3029);
#2759=PLANE('',#3031);
#2760=PLANE('',#3032);
#2761=PLANE('',#3038);
#2762=PLANE('',#3039);
#2763=PLANE('',#3044);
#2764=PLANE('',#3045);
#2765=PLANE('',#3046);
#2766=PLANE('',#3047);
#2767=PLANE('',#3049);
#2768=PLANE('',#3050);
#2769=PLANE('',#3056);
#2770=PLANE('',#3057);
#2771=PLANE('',#3062);
#2772=PLANE('',#3063);
#2773=PLANE('',#3064);
#2774=PLANE('',#3065);
#2775=PLANE('',#3067);
#2776=PLANE('',#3068);
#2777=PLANE('',#3074);
#2778=PLANE('',#3075);
#2779=PLANE('',#3080);
#2780=PLANE('',#3081);
#2781=PLANE('',#3082);
#2782=PLANE('',#3083);
#2783=PLANE('',#3085);
#2784=PLANE('',#3086);
#2785=PLANE('',#3092);
#2786=PLANE('',#3093);
#2787=PLANE('',#3094);
#2788=PLANE('',#3100);
#2789=PLANE('',#3101);
#2790=PLANE('',#3102);
#2791=PLANE('',#3103);
#2792=PLANE('',#3104);
#2793=ADVANCED_FACE('',(#439),#2739,.F.);
#2794=ADVANCED_FACE('',(#440),#437,.F.);
#2795=ADVANCED_FACE('',(#441),#2740,.F.);
#2796=ADVANCED_FACE('',(#442),#2741,.F.);
#2797=ADVANCED_FACE('',(#443),#438,.F.);
#2798=ADVANCED_FACE('',(#444,#435),#2742,.F.);
#2799=ADVANCED_FACE('',(#445),#363,.T.);
#2800=ADVANCED_FACE('',(#446),#364,.T.);
#2801=ADVANCED_FACE('',(#447),#365,.T.);
#2802=ADVANCED_FACE('',(#448),#366,.T.);
#2803=ADVANCED_FACE('',(#449),#2743,.T.);
#2804=ADVANCED_FACE('',(#450),#2744,.T.);
#2805=ADVANCED_FACE('',(#451),#367,.T.);
#2806=ADVANCED_FACE('',(#452),#368,.T.);
#2807=ADVANCED_FACE('',(#453),#15,.T.);
#2808=ADVANCED_FACE('',(#454),#16,.T.);
#2809=ADVANCED_FACE('',(#455),#2745,.T.);
#2810=ADVANCED_FACE('',(#456),#17,.T.);
#2811=ADVANCED_FACE('',(#457),#18,.T.);
#2812=ADVANCED_FACE('',(#458),#19,.T.);
#2813=ADVANCED_FACE('',(#459),#2746,.F.);
#2814=ADVANCED_FACE('',(#460),#2747,.F.);
#2815=ADVANCED_FACE('',(#461),#369,.T.);
#2816=ADVANCED_FACE('',(#462),#370,.T.);
#2817=ADVANCED_FACE('',(#463),#371,.T.);
#2818=ADVANCED_FACE('',(#464),#2748,.T.);
#2819=ADVANCED_FACE('',(#465),#2749,.T.);
#2820=ADVANCED_FACE('',(#466),#372,.T.);
#2821=ADVANCED_FACE('',(#467),#373,.T.);
#2822=ADVANCED_FACE('',(#468),#374,.T.);
#2823=ADVANCED_FACE('',(#469),#20,.T.);
#2824=ADVANCED_FACE('',(#470),#2750,.F.);
#2825=ADVANCED_FACE('',(#471),#2751,.F.);
#2826=ADVANCED_FACE('',(#472,#436),#2752,.F.);
#2827=ADVANCED_FACE('',(#473),#21,.T.);
#2828=ADVANCED_FACE('',(#474),#22,.T.);
#2829=ADVANCED_FACE('',(#475),#23,.T.);
#2830=ADVANCED_FACE('',(#476),#375,.T.);
#2831=ADVANCED_FACE('',(#477),#376,.T.);
#2832=ADVANCED_FACE('',(#478),#377,.T.);
#2833=ADVANCED_FACE('',(#479),#378,.T.);
#2834=ADVANCED_FACE('',(#480),#2753,.T.);
#2835=ADVANCED_FACE('',(#481),#2754,.T.);
#2836=ADVANCED_FACE('',(#482),#379,.T.);
#2837=ADVANCED_FACE('',(#483),#380,.T.);
#2838=ADVANCED_FACE('',(#484),#24,.T.);
#2839=ADVANCED_FACE('',(#485),#25,.T.);
#2840=ADVANCED_FACE('',(#486),#2755,.F.);
#2841=ADVANCED_FACE('',(#487),#2756,.F.);
#2842=ADVANCED_FACE('',(#488),#381,.T.);
#2843=ADVANCED_FACE('',(#489),#382,.T.);
#2844=ADVANCED_FACE('',(#490),#383,.T.);
#2845=ADVANCED_FACE('',(#491),#2757,.T.);
#2846=ADVANCED_FACE('',(#492),#2758,.T.);
#2847=ADVANCED_FACE('',(#493),#384,.T.);
#2848=ADVANCED_FACE('',(#494),#385,.T.);
#2849=ADVANCED_FACE('',(#495),#386,.T.);
#2850=ADVANCED_FACE('',(#496),#26,.T.);
#2851=ADVANCED_FACE('',(#497),#2759,.F.);
#2852=ADVANCED_FACE('',(#498),#2760,.F.);
#2853=ADVANCED_FACE('',(#499),#27,.T.);
#2854=ADVANCED_FACE('',(#500),#28,.T.);
#2855=ADVANCED_FACE('',(#501),#29,.T.);
#2856=ADVANCED_FACE('',(#502),#387,.T.);
#2857=ADVANCED_FACE('',(#503),#388,.T.);
#2858=ADVANCED_FACE('',(#504),#389,.T.);
#2859=ADVANCED_FACE('',(#505),#390,.T.);
#2860=ADVANCED_FACE('',(#506),#2761,.T.);
#2861=ADVANCED_FACE('',(#507),#2762,.T.);
#2862=ADVANCED_FACE('',(#508),#391,.T.);
#2863=ADVANCED_FACE('',(#509),#392,.T.);
#2864=ADVANCED_FACE('',(#510),#30,.T.);
#2865=ADVANCED_FACE('',(#511),#31,.T.);
#2866=ADVANCED_FACE('',(#512),#2763,.F.);
#2867=ADVANCED_FACE('',(#513),#2764,.F.);
#2868=ADVANCED_FACE('',(#514),#393,.T.);
#2869=ADVANCED_FACE('',(#515),#394,.T.);
#2870=ADVANCED_FACE('',(#516),#395,.T.);
#2871=ADVANCED_FACE('',(#517),#2765,.T.);
#2872=ADVANCED_FACE('',(#518),#2766,.T.);
#2873=ADVANCED_FACE('',(#519),#396,.T.);
#2874=ADVANCED_FACE('',(#520),#397,.T.);
#2875=ADVANCED_FACE('',(#521),#398,.T.);
#2876=ADVANCED_FACE('',(#522),#32,.T.);
#2877=ADVANCED_FACE('',(#523),#2767,.F.);
#2878=ADVANCED_FACE('',(#524),#2768,.F.);
#2879=ADVANCED_FACE('',(#525),#33,.T.);
#2880=ADVANCED_FACE('',(#526),#34,.T.);
#2881=ADVANCED_FACE('',(#527),#35,.T.);
#2882=ADVANCED_FACE('',(#528),#399,.T.);
#2883=ADVANCED_FACE('',(#529),#400,.T.);
#2884=ADVANCED_FACE('',(#530),#401,.T.);
#2885=ADVANCED_FACE('',(#531),#402,.T.);
#2886=ADVANCED_FACE('',(#532),#2769,.T.);
#2887=ADVANCED_FACE('',(#533),#2770,.T.);
#2888=ADVANCED_FACE('',(#534),#403,.T.);
#2889=ADVANCED_FACE('',(#535),#404,.T.);
#2890=ADVANCED_FACE('',(#536),#36,.T.);
#2891=ADVANCED_FACE('',(#537),#37,.T.);
#2892=ADVANCED_FACE('',(#538),#2771,.F.);
#2893=ADVANCED_FACE('',(#539),#2772,.F.);
#2894=ADVANCED_FACE('',(#540),#405,.T.);
#2895=ADVANCED_FACE('',(#541),#406,.T.);
#2896=ADVANCED_FACE('',(#542),#407,.T.);
#2897=ADVANCED_FACE('',(#543),#2773,.T.);
#2898=ADVANCED_FACE('',(#544),#2774,.T.);
#2899=ADVANCED_FACE('',(#545),#408,.T.);
#2900=ADVANCED_FACE('',(#546),#409,.T.);
#2901=ADVANCED_FACE('',(#547),#410,.T.);
#2902=ADVANCED_FACE('',(#548),#38,.T.);
#2903=ADVANCED_FACE('',(#549),#2775,.F.);
#2904=ADVANCED_FACE('',(#550),#2776,.F.);
#2905=ADVANCED_FACE('',(#551),#39,.T.);
#2906=ADVANCED_FACE('',(#552),#40,.T.);
#2907=ADVANCED_FACE('',(#553),#41,.T.);
#2908=ADVANCED_FACE('',(#554),#411,.T.);
#2909=ADVANCED_FACE('',(#555),#412,.T.);
#2910=ADVANCED_FACE('',(#556),#413,.T.);
#2911=ADVANCED_FACE('',(#557),#414,.T.);
#2912=ADVANCED_FACE('',(#558),#2777,.T.);
#2913=ADVANCED_FACE('',(#559),#2778,.T.);
#2914=ADVANCED_FACE('',(#560),#415,.T.);
#2915=ADVANCED_FACE('',(#561),#416,.T.);
#2916=ADVANCED_FACE('',(#562),#42,.T.);
#2917=ADVANCED_FACE('',(#563),#43,.T.);
#2918=ADVANCED_FACE('',(#564),#2779,.F.);
#2919=ADVANCED_FACE('',(#565),#2780,.F.);
#2920=ADVANCED_FACE('',(#566),#417,.T.);
#2921=ADVANCED_FACE('',(#567),#418,.T.);
#2922=ADVANCED_FACE('',(#568),#419,.T.);
#2923=ADVANCED_FACE('',(#569),#2781,.T.);
#2924=ADVANCED_FACE('',(#570),#2782,.T.);
#2925=ADVANCED_FACE('',(#571),#420,.T.);
#2926=ADVANCED_FACE('',(#572),#421,.T.);
#2927=ADVANCED_FACE('',(#573),#422,.T.);
#2928=ADVANCED_FACE('',(#574),#44,.T.);
#2929=ADVANCED_FACE('',(#575),#2783,.F.);
#2930=ADVANCED_FACE('',(#576),#2784,.F.);
#2931=ADVANCED_FACE('',(#577),#45,.T.);
#2932=ADVANCED_FACE('',(#578),#46,.T.);
#2933=ADVANCED_FACE('',(#579),#47,.T.);
#2934=ADVANCED_FACE('',(#580),#423,.T.);
#2935=ADVANCED_FACE('',(#581),#424,.T.);
#2936=ADVANCED_FACE('',(#582),#425,.T.);
#2937=ADVANCED_FACE('',(#583),#426,.T.);
#2938=ADVANCED_FACE('',(#584),#427,.T.);
#2939=ADVANCED_FACE('',(#585),#2785,.T.);
#2940=ADVANCED_FACE('',(#586),#2786,.T.);
#2941=ADVANCED_FACE('',(#587),#428,.T.);
#2942=ADVANCED_FACE('',(#588),#2787,.F.);
#2943=ADVANCED_FACE('',(#589),#48,.T.);
#2944=ADVANCED_FACE('',(#590),#49,.T.);
#2945=ADVANCED_FACE('',(#591),#50,.T.);
#2946=ADVANCED_FACE('',(#592),#2788,.F.);
#2947=ADVANCED_FACE('',(#593),#429,.T.);
#2948=ADVANCED_FACE('',(#594),#430,.T.);
#2949=ADVANCED_FACE('',(#595),#431,.T.);
#2950=ADVANCED_FACE('',(#596),#432,.T.);
#2951=ADVANCED_FACE('',(#597),#433,.T.);
#2952=ADVANCED_FACE('',(#598),#2789,.T.);
#2953=ADVANCED_FACE('',(#599),#2790,.T.);
#2954=ADVANCED_FACE('',(#600),#434,.T.);
#2955=ADVANCED_FACE('',(#601),#2791,.F.);
#2956=ADVANCED_FACE('',(#602),#2792,.F.);
#2957=CLOSED_SHELL('',(#2793,#2794,#2795,#2796,#2797,#2798,#2799,#2800,
#2801,#2802,#2803,#2804,#2805,#2806,#2807,#2808,#2809,#2810,#2811,#2812,
#2813,#2814,#2815,#2816,#2817,#2818,#2819,#2820,#2821,#2822,#2823,#2824,
#2825,#2826,#2827,#2828,#2829,#2830,#2831,#2832,#2833,#2834,#2835,#2836,
#2837,#2838,#2839,#2840,#2841,#2842,#2843,#2844,#2845,#2846,#2847,#2848,
#2849,#2850,#2851,#2852,#2853,#2854,#2855,#2856,#2857,#2858,#2859,#2860,
#2861,#2862,#2863,#2864,#2865,#2866,#2867,#2868,#2869,#2870,#2871,#2872,
#2873,#2874,#2875,#2876,#2877,#2878,#2879,#2880,#2881,#2882,#2883,#2884,
#2885,#2886,#2887,#2888,#2889,#2890,#2891,#2892,#2893,#2894,#2895,#2896,
#2897,#2898,#2899,#2900,#2901,#2902,#2903,#2904,#2905,#2906,#2907,#2908,
#2909,#2910,#2911,#2912,#2913,#2914,#2915,#2916,#2917,#2918,#2919,#2920,
#2921,#2922,#2923,#2924,#2925,#2926,#2927,#2928,#2929,#2930,#2931,#2932,
#2933,#2934,#2935,#2936,#2937,#2938,#2939,#2940,#2941,#2942,#2943,#2944,
#2945,#2946,#2947,#2948,#2949,#2950,#2951,#2952,#2953,#2954,#2955,#2956));
#2958=AXIS2_PLACEMENT_3D('',#3501,#3105,#3106);
#2959=AXIS2_PLACEMENT_3D('',#3502,#3107,#3108);
#2960=AXIS2_PLACEMENT_3D('',#3506,#3110,#3111);
#2961=AXIS2_PLACEMENT_3D('',#3507,#3112,#3113);
#2962=AXIS2_PLACEMENT_3D('',#3509,#3114,#3115);
#2963=AXIS2_PLACEMENT_3D('',#3513,#3117,#3118);
#2964=AXIS2_PLACEMENT_3D('',#3517,#3121,#3122);
#2965=AXIS2_PLACEMENT_3D('',#3518,#3123,#3124);
#2966=AXIS2_PLACEMENT_3D('',#3520,#3126,#3127);
#2967=AXIS2_PLACEMENT_3D('',#3521,#3128,#3129);
#2968=AXIS2_PLACEMENT_3D('',#3523,#3130,#3131);
#2969=AXIS2_PLACEMENT_3D('',#3526,#3133,#3134);
#2970=AXIS2_PLACEMENT_3D('',#3527,#3135,#3136);
#2971=AXIS2_PLACEMENT_3D('',#3752,#3137,#3138);
#2972=AXIS2_PLACEMENT_3D('',#3762,#3142,#3143);
#2973=AXIS2_PLACEMENT_3D('',#3859,#3146,#3147);
#2974=AXIS2_PLACEMENT_3D('',#3861,#3148,#3149);
#2975=AXIS2_PLACEMENT_3D('',#3877,#3150,#3151);
#2976=AXIS2_PLACEMENT_3D('',#3878,#3152,#3153);
#2977=AXIS2_PLACEMENT_3D('',#3880,#3154,#3155);
#2978=AXIS2_PLACEMENT_3D('',#3896,#3156,#3157);
#2979=AXIS2_PLACEMENT_3D('',#3898,#3158,#3159);
#2980=AXIS2_PLACEMENT_3D('',#3904,#3162,#3163);
#2981=AXIS2_PLACEMENT_3D('',#3910,#3166,#3167);
#2982=AXIS2_PLACEMENT_3D('',#3916,#3170,#3171);
#2983=AXIS2_PLACEMENT_3D('',#3922,#3174,#3175);
#2984=AXIS2_PLACEMENT_3D('',#3928,#3178,#3179);
#2985=AXIS2_PLACEMENT_3D('',#3934,#3182,#3183);
#2986=AXIS2_PLACEMENT_3D('',#3940,#3186,#3187);
#2987=AXIS2_PLACEMENT_3D('',#3946,#3190,#3191);
#2988=AXIS2_PLACEMENT_3D('',#3952,#3194,#3195);
#2989=AXIS2_PLACEMENT_3D('',#3958,#3198,#3199);
#2990=AXIS2_PLACEMENT_3D('',#3962,#3202,#3203);
#2991=AXIS2_PLACEMENT_3D('',#3964,#3204,#3205);
#2992=AXIS2_PLACEMENT_3D('',#3980,#3206,#3207);
#2993=AXIS2_PLACEMENT_3D('',#3982,#3208,#3209);
#2994=AXIS2_PLACEMENT_3D('',#3997,#3210,#3211);
#2995=AXIS2_PLACEMENT_3D('',#3999,#3212,#3213);
#2996=AXIS2_PLACEMENT_3D('',#4006,#3214,#3215);
#2997=AXIS2_PLACEMENT_3D('',#4010,#3218,#3219);
#2998=AXIS2_PLACEMENT_3D('',#4169,#3221,#3222);
#2999=AXIS2_PLACEMENT_3D('',#4176,#3225,#3226);
#3000=AXIS2_PLACEMENT_3D('',#4307,#3228,#3229);
#3001=AXIS2_PLACEMENT_3D('',#4308,#3230,#3231);
#3002=AXIS2_PLACEMENT_3D('',#4309,#3232,#3233);
#3003=AXIS2_PLACEMENT_3D('',#4313,#3236,#3237);
#3004=AXIS2_PLACEMENT_3D('',#4315,#3239,#3240);
#3005=AXIS2_PLACEMENT_3D('',#4317,#3241,#3242);
#3006=AXIS2_PLACEMENT_3D('',#4337,#3245,#3246);
#3007=AXIS2_PLACEMENT_3D('',#4357,#3249,#3250);
#3008=AXIS2_PLACEMENT_3D('',#4377,#3253,#3254);
#3009=AXIS2_PLACEMENT_3D('',#4397,#3257,#3258);
#3010=AXIS2_PLACEMENT_3D('',#4417,#3261,#3262);
#3011=AXIS2_PLACEMENT_3D('',#4437,#3265,#3266);
#3012=AXIS2_PLACEMENT_3D('',#4457,#3269,#3270);
#3013=AXIS2_PLACEMENT_3D('',#4477,#3273,#3274);
#3014=AXIS2_PLACEMENT_3D('',#4497,#3277,#3278);
#3015=AXIS2_PLACEMENT_3D('',#4515,#3281,#3282);
#3016=AXIS2_PLACEMENT_3D('',#4517,#3283,#3284);
#3017=AXIS2_PLACEMENT_3D('',#4524,#3285,#3286);
#3018=AXIS2_PLACEMENT_3D('',#4526,#3287,#3288);
#3019=AXIS2_PLACEMENT_3D('',#4541,#3289,#3290);
#3020=AXIS2_PLACEMENT_3D('',#4755,#3291,#3292);
#3021=AXIS2_PLACEMENT_3D('',#4762,#3295,#3296);
#3022=AXIS2_PLACEMENT_3D('',#4830,#3298,#3299);
#3023=AXIS2_PLACEMENT_3D('',#4832,#3300,#3301);
#3024=AXIS2_PLACEMENT_3D('',#4848,#3302,#3303);
#3025=AXIS2_PLACEMENT_3D('',#4849,#3304,#3305);
#3026=AXIS2_PLACEMENT_3D('',#4865,#3306,#3307);
#3027=AXIS2_PLACEMENT_3D('',#4867,#3309,#3310);
#3028=AXIS2_PLACEMENT_3D('',#5017,#3311,#3312);
#3029=AXIS2_PLACEMENT_3D('',#5024,#3315,#3316);
#3030=AXIS2_PLACEMENT_3D('',#5147,#3318,#3319);
#3031=AXIS2_PLACEMENT_3D('',#5148,#3320,#3321);
#3032=AXIS2_PLACEMENT_3D('',#5150,#3323,#3324);
#3033=AXIS2_PLACEMENT_3D('',#5151,#3325,#3326);
#3034=AXIS2_PLACEMENT_3D('',#5153,#3327,#3328);
#3035=AXIS2_PLACEMENT_3D('',#5160,#3329,#3330);
#3036=AXIS2_PLACEMENT_3D('',#5162,#3331,#3332);
#3037=AXIS2_PLACEMENT_3D('',#5177,#3333,#3334);
#3038=AXIS2_PLACEMENT_3D('',#5391,#3335,#3336);
#3039=AXIS2_PLACEMENT_3D('',#5398,#3339,#3340);
#3040=AXIS2_PLACEMENT_3D('',#5466,#3342,#3343);
#3041=AXIS2_PLACEMENT_3D('',#5468,#3344,#3345);
#3042=AXIS2_PLACEMENT_3D('',#5484,#3346,#3347);
#3043=AXIS2_PLACEMENT_3D('',#5485,#3348,#3349);
#3044=AXIS2_PLACEMENT_3D('',#5501,#3350,#3351);
#3045=AXIS2_PLACEMENT_3D('',#5503,#3353,#3354);
#3046=AXIS2_PLACEMENT_3D('',#5653,#3355,#3356);
#3047=AXIS2_PLACEMENT_3D('',#5660,#3359,#3360);
#3048=AXIS2_PLACEMENT_3D('',#5783,#3362,#3363);
#3049=AXIS2_PLACEMENT_3D('',#5784,#3364,#3365);
#3050=AXIS2_PLACEMENT_3D('',#5786,#3367,#3368);
#3051=AXIS2_PLACEMENT_3D('',#5787,#3369,#3370);
#3052=AXIS2_PLACEMENT_3D('',#5789,#3371,#3372);
#3053=AXIS2_PLACEMENT_3D('',#5796,#3373,#3374);
#3054=AXIS2_PLACEMENT_3D('',#5798,#3375,#3376);
#3055=AXIS2_PLACEMENT_3D('',#5813,#3377,#3378);
#3056=AXIS2_PLACEMENT_3D('',#6027,#3379,#3380);
#3057=AXIS2_PLACEMENT_3D('',#6034,#3383,#3384);
#3058=AXIS2_PLACEMENT_3D('',#6102,#3386,#3387);
#3059=AXIS2_PLACEMENT_3D('',#6104,#3388,#3389);
#3060=AXIS2_PLACEMENT_3D('',#6120,#3390,#3391);
#3061=AXIS2_PLACEMENT_3D('',#6121,#3392,#3393);
#3062=AXIS2_PLACEMENT_3D('',#6137,#3394,#3395);
#3063=AXIS2_PLACEMENT_3D('',#6139,#3397,#3398);
#3064=AXIS2_PLACEMENT_3D('',#6289,#3399,#3400);
#3065=AXIS2_PLACEMENT_3D('',#6296,#3403,#3404);
#3066=AXIS2_PLACEMENT_3D('',#6419,#3406,#3407);
#3067=AXIS2_PLACEMENT_3D('',#6420,#3408,#3409);
#3068=AXIS2_PLACEMENT_3D('',#6422,#3411,#3412);
#3069=AXIS2_PLACEMENT_3D('',#6423,#3413,#3414);
#3070=AXIS2_PLACEMENT_3D('',#6425,#3415,#3416);
#3071=AXIS2_PLACEMENT_3D('',#6432,#3417,#3418);
#3072=AXIS2_PLACEMENT_3D('',#6434,#3419,#3420);
#3073=AXIS2_PLACEMENT_3D('',#6449,#3421,#3422);
#3074=AXIS2_PLACEMENT_3D('',#6663,#3423,#3424);
#3075=AXIS2_PLACEMENT_3D('',#6670,#3427,#3428);
#3076=AXIS2_PLACEMENT_3D('',#6738,#3430,#3431);
#3077=AXIS2_PLACEMENT_3D('',#6740,#3432,#3433);
#3078=AXIS2_PLACEMENT_3D('',#6756,#3434,#3435);
#3079=AXIS2_PLACEMENT_3D('',#6757,#3436,#3437);
#3080=AXIS2_PLACEMENT_3D('',#6773,#3438,#3439);
#3081=AXIS2_PLACEMENT_3D('',#6775,#3441,#3442);
#3082=AXIS2_PLACEMENT_3D('',#6925,#3443,#3444);
#3083=AXIS2_PLACEMENT_3D('',#6932,#3447,#3448);
#3084=AXIS2_PLACEMENT_3D('',#7055,#3450,#3451);
#3085=AXIS2_PLACEMENT_3D('',#7056,#3452,#3453);
#3086=AXIS2_PLACEMENT_3D('',#7058,#3455,#3456);
#3087=AXIS2_PLACEMENT_3D('',#7059,#3457,#3458);
#3088=AXIS2_PLACEMENT_3D('',#7061,#3459,#3460);
#3089=AXIS2_PLACEMENT_3D('',#7068,#3461,#3462);
#3090=AXIS2_PLACEMENT_3D('',#7070,#3463,#3464);
#3091=AXIS2_PLACEMENT_3D('',#7085,#3465,#3466);
#3092=AXIS2_PLACEMENT_3D('',#7345,#3467,#3468);
#3093=AXIS2_PLACEMENT_3D('',#7352,#3471,#3472);
#3094=AXIS2_PLACEMENT_3D('',#7374,#3474,#3475);
#3095=AXIS2_PLACEMENT_3D('',#7376,#3477,#3478);
#3096=AXIS2_PLACEMENT_3D('',#7378,#3479,#3480);
#3097=AXIS2_PLACEMENT_3D('',#7385,#3481,#3482);
#3098=AXIS2_PLACEMENT_3D('',#7387,#3483,#3484);
#3099=AXIS2_PLACEMENT_3D('',#7402,#3485,#3486);
#3100=AXIS2_PLACEMENT_3D('',#7418,#3487,#3488);
#3101=AXIS2_PLACEMENT_3D('',#7629,#3489,#3490);
#3102=AXIS2_PLACEMENT_3D('',#7633,#3493,#3494);
#3103=AXIS2_PLACEMENT_3D('',#7655,#3496,#3497);
#3104=AXIS2_PLACEMENT_3D('',#7657,#3499,#3500);
#3105=DIRECTION('axis',(0.,0.,1.));
#3106=DIRECTION('refdir',(1.,0.,0.));
#3107=DIRECTION('center_axis',(0.,0.,1.));
#3108=DIRECTION('ref_axis',(-1.,0.,0.));
#3109=DIRECTION('',(-6.15348225705271E-14,1.,0.));
#3110=DIRECTION('center_axis',(0.,0.,1.));
#3111=DIRECTION('ref_axis',(-1.,0.,0.));
#3112=DIRECTION('center_axis',(0.,0.,1.));
#3113=DIRECTION('ref_axis',(-1.,0.,0.));
#3114=DIRECTION('center_axis',(0.,0.,-1.));
#3115=DIRECTION('ref_axis',(-1.,0.,0.));
#3116=DIRECTION('',(0.,0.,1.));
#3117=DIRECTION('center_axis',(0.,0.,-1.));
#3118=DIRECTION('ref_axis',(-1.,0.,0.));
#3119=DIRECTION('',(0.,0.,1.));
#3120=DIRECTION('',(0.,0.,-1.));
#3121=DIRECTION('center_axis',(0.,0.,-1.));
#3122=DIRECTION('ref_axis',(-1.,0.,0.));
#3123=DIRECTION('center_axis',(1.,6.15348225705271E-14,0.));
#3124=DIRECTION('ref_axis',(-6.15348225705271E-14,1.,0.));
#3125=DIRECTION('',(6.15348225705271E-14,-1.,0.));
#3126=DIRECTION('center_axis',(0.,0.,1.));
#3127=DIRECTION('ref_axis',(-1.,0.,0.));
#3128=DIRECTION('center_axis',(0.,0.,1.));
#3129=DIRECTION('ref_axis',(-1.,0.,0.));
#3130=DIRECTION('center_axis',(0.,0.,-1.));
#3131=DIRECTION('ref_axis',(-1.,0.,0.));
#3132=DIRECTION('',(0.,0.,1.));
#3133=DIRECTION('center_axis',(0.,0.,-1.));
#3134=DIRECTION('ref_axis',(-1.,0.,0.));
#3135=DIRECTION('center_axis',(0.,0.,1.));
#3136=DIRECTION('ref_axis',(-1.,0.,0.));
#3137=DIRECTION('center_axis',(0.454519477672043,-0.5416752204197,0.70710678118655));
#3138=DIRECTION('ref_axis',(0.841205080671394,0.,-0.540716203060935));
#3139=DIRECTION('',(-0.766044443118978,-0.64278760968654,0.));
#3140=DIRECTION('',(0.766044443118978,0.64278760968654,0.));
#3141=DIRECTION('',(0.473094324169704,0.819423406234446,0.323615577118205));
#3142=DIRECTION('center_axis',(-0.696364240320056,0.122787803968981,0.70710678118651));
#3143=DIRECTION('ref_axis',(0.712498293208633,0.,0.701673843159901));
#3144=DIRECTION('',(0.173648177666933,0.984807753012208,0.));
#3145=DIRECTION('',(-0.173648177666933,-0.984807753012208,0.));
#3146=DIRECTION('center_axis',(0.,0.,-1.));
#3147=DIRECTION('ref_axis',(-1.,0.,0.));
#3148=DIRECTION('center_axis',(0.,0.,1.));
#3149=DIRECTION('ref_axis',(-1.,0.,0.));
#3150=DIRECTION('center_axis',(0.,1.54060226393761E-16,-1.));
#3151=DIRECTION('ref_axis',(-1.,0.,0.));
#3152=DIRECTION('center_axis',(0.,0.,-1.));
#3153=DIRECTION('ref_axis',(-1.,0.,0.));
#3154=DIRECTION('center_axis',(0.,0.,-1.));
#3155=DIRECTION('ref_axis',(-1.,0.,0.));
#3156=DIRECTION('center_axis',(0.,0.,1.));
#3157=DIRECTION('ref_axis',(-1.,0.,0.));
#3158=DIRECTION('center_axis',(0.,0.,-1.));
#3159=DIRECTION('ref_axis',(-1.,0.,0.));
#3160=DIRECTION('',(-0.342020143325668,-0.939692620785909,0.));
#3161=DIRECTION('',(-0.342020143325667,0.939692620785909,0.));
#3162=DIRECTION('center_axis',(0.,0.,-1.));
#3163=DIRECTION('ref_axis',(-1.,0.,0.));
#3164=DIRECTION('',(0.173648177666931,-0.984807753012208,0.));
#3165=DIRECTION('',(-0.766044443118977,0.642787609686541,0.));
#3166=DIRECTION('center_axis',(0.,0.,-1.));
#3167=DIRECTION('ref_axis',(-1.,0.,0.));
#3168=DIRECTION('',(0.64278760968654,-0.766044443118977,0.));
#3169=DIRECTION('',(-0.984807753012208,0.173648177666933,0.));
#3170=DIRECTION('center_axis',(0.,0.,-1.));
#3171=DIRECTION('ref_axis',(-1.,0.,0.));
#3172=DIRECTION('',(0.939692620785909,-0.342020143325668,0.));
#3173=DIRECTION('',(-0.939692620785909,-0.342020143325667,0.));
#3174=DIRECTION('center_axis',(0.,0.,-1.));
#3175=DIRECTION('ref_axis',(-1.,0.,0.));
#3176=DIRECTION('',(0.984807753012208,0.173648177666931,0.));
#3177=DIRECTION('',(-0.642787609686541,-0.766044443118977,0.));
#3178=DIRECTION('center_axis',(0.,0.,-1.));
#3179=DIRECTION('ref_axis',(-1.,0.,0.));
#3180=DIRECTION('',(0.766044443118977,0.64278760968654,0.));
#3181=DIRECTION('',(-0.173648177666933,-0.984807753012208,0.));
#3182=DIRECTION('center_axis',(0.,0.,-1.));
#3183=DIRECTION('ref_axis',(-1.,0.,0.));
#3184=DIRECTION('',(0.342020143325668,0.939692620785909,0.));
#3185=DIRECTION('',(0.342020143325667,-0.939692620785909,0.));
#3186=DIRECTION('center_axis',(0.,0.,-1.));
#3187=DIRECTION('ref_axis',(-1.,0.,0.));
#3188=DIRECTION('',(-0.173648177666931,0.984807753012208,0.));
#3189=DIRECTION('',(0.766044443118976,-0.642787609686541,0.));
#3190=DIRECTION('center_axis',(0.,0.,-1.));
#3191=DIRECTION('ref_axis',(-1.,0.,0.));
#3192=DIRECTION('',(-0.64278760968654,0.766044443118978,0.));
#3193=DIRECTION('',(0.984807753012208,-0.173648177666933,0.));
#3194=DIRECTION('center_axis',(0.,0.,-1.));
#3195=DIRECTION('ref_axis',(-1.,0.,0.));
#3196=DIRECTION('',(-0.939692620785909,0.342020143325668,0.));
#3197=DIRECTION('',(0.939692620785909,0.342020143325667,0.));
#3198=DIRECTION('center_axis',(0.,0.,-1.));
#3199=DIRECTION('ref_axis',(-1.,0.,0.));
#3200=DIRECTION('',(-0.984807753012208,-0.173648177666931,0.));
#3201=DIRECTION('',(0.642787609686542,0.766044443118976,0.));
#3202=DIRECTION('center_axis',(0.,0.,-1.));
#3203=DIRECTION('ref_axis',(-1.,0.,0.));
#3204=DIRECTION('center_axis',(0.,0.,1.));
#3205=DIRECTION('ref_axis',(-1.,0.,0.));
#3206=DIRECTION('center_axis',(0.,0.,-1.));
#3207=DIRECTION('ref_axis',(-1.,0.,0.));
#3208=DIRECTION('center_axis',(0.,1.54060226393761E-16,-1.));
#3209=DIRECTION('ref_axis',(-1.,0.,0.));
#3210=DIRECTION('center_axis',(0.,0.,1.));
#3211=DIRECTION('ref_axis',(-1.,0.,0.));
#3212=DIRECTION('center_axis',(0.,0.,1.));
#3213=DIRECTION('ref_axis',(-1.,0.,0.));
#3214=DIRECTION('center_axis',(-0.64278760968654,0.766044443118978,0.));
#3215=DIRECTION('ref_axis',(-0.766044443118978,-0.64278760968654,0.));
#3216=DIRECTION('',(-0.766044443118978,-0.64278760968654,0.));
#3217=DIRECTION('',(0.,0.,1.));
#3218=DIRECTION('center_axis',(0.984807753012208,-0.173648177666933,0.));
#3219=DIRECTION('ref_axis',(0.173648177666933,0.984807753012208,0.));
#3220=DIRECTION('',(0.173648177666933,0.984807753012208,0.));
#3221=DIRECTION('center_axis',(0.122787803968972,-0.696364240320015,0.707106781186551));
#3222=DIRECTION('ref_axis',(0.985255774317392,0.,-0.171087869746034));
#3223=DIRECTION('',(0.984807753012208,0.173648177666931,0.));
#3224=DIRECTION('',(0.819423406234444,0.473094324169731,0.323615577118171));
#3225=DIRECTION('center_axis',(-0.54167522041969,0.454519477672036,0.707106781186562));
#3226=DIRECTION('ref_axis',(0.793844806099458,0.,0.608120402411327));
#3227=DIRECTION('',(-0.642787609686542,-0.766044443118976,0.));
#3228=DIRECTION('center_axis',(0.,0.,1.));
#3229=DIRECTION('ref_axis',(-1.,0.,0.));
#3230=DIRECTION('center_axis',(0.,0.,1.));
#3231=DIRECTION('ref_axis',(-1.,0.,0.));
#3232=DIRECTION('center_axis',(0.766044443118976,-0.642787609686542,0.));
#3233=DIRECTION('ref_axis',(0.642787609686542,0.766044443118976,0.));
#3234=DIRECTION('',(0.,0.,1.));
#3235=DIRECTION('',(0.642787609686542,0.766044443118976,0.));
#3236=DIRECTION('center_axis',(-0.173648177666931,0.984807753012208,0.));
#3237=DIRECTION('ref_axis',(-0.984807753012208,-0.173648177666931,0.));
#3238=DIRECTION('',(-0.984807753012208,-0.173648177666931,0.));
#3239=DIRECTION('center_axis',(0.,0.,1.));
#3240=DIRECTION('ref_axis',(-1.,0.,0.));
#3241=DIRECTION('center_axis',(0.,0.,1.));
#3242=DIRECTION('ref_axis',(-1.,0.,0.));
#3243=DIRECTION('',(0.939692620785909,0.342020143325667,0.));
#3244=DIRECTION('',(-0.939692620785909,0.342020143325668,0.));
#3245=DIRECTION('center_axis',(0.,0.,1.));
#3246=DIRECTION('ref_axis',(-1.,0.,0.));
#3247=DIRECTION('',(0.984807753012208,-0.173648177666933,0.));
#3248=DIRECTION('',(-0.64278760968654,0.766044443118978,0.));
#3249=DIRECTION('center_axis',(0.,0.,1.));
#3250=DIRECTION('ref_axis',(-1.,0.,0.));
#3251=DIRECTION('',(0.766044443118976,-0.642787609686541,0.));
#3252=DIRECTION('',(-0.173648177666931,0.984807753012208,0.));
#3253=DIRECTION('center_axis',(0.,0.,1.));
#3254=DIRECTION('ref_axis',(-1.,0.,0.));
#3255=DIRECTION('',(0.342020143325667,-0.939692620785909,0.));
#3256=DIRECTION('',(0.342020143325668,0.939692620785909,0.));
#3257=DIRECTION('center_axis',(0.,0.,1.));
#3258=DIRECTION('ref_axis',(-1.,0.,0.));
#3259=DIRECTION('',(-0.173648177666933,-0.984807753012208,0.));
#3260=DIRECTION('',(0.766044443118978,0.64278760968654,0.));
#3261=DIRECTION('center_axis',(0.,0.,1.));
#3262=DIRECTION('ref_axis',(-1.,0.,0.));
#3263=DIRECTION('',(-0.642787609686541,-0.766044443118977,0.));
#3264=DIRECTION('',(0.984807753012208,0.173648177666931,0.));
#3265=DIRECTION('center_axis',(0.,0.,1.));
#3266=DIRECTION('ref_axis',(-1.,0.,0.));
#3267=DIRECTION('',(-0.939692620785909,-0.342020143325667,0.));
#3268=DIRECTION('',(0.939692620785909,-0.342020143325668,0.));
#3269=DIRECTION('center_axis',(0.,0.,1.));
#3270=DIRECTION('ref_axis',(-1.,0.,0.));
#3271=DIRECTION('',(-0.984807753012208,0.173648177666933,0.));
#3272=DIRECTION('',(0.64278760968654,-0.766044443118977,0.));
#3273=DIRECTION('center_axis',(0.,0.,1.));
#3274=DIRECTION('ref_axis',(-1.,0.,0.));
#3275=DIRECTION('',(-0.766044443118977,0.642787609686541,0.));
#3276=DIRECTION('',(0.173648177666931,-0.984807753012208,0.));
#3277=DIRECTION('center_axis',(0.,0.,1.));
#3278=DIRECTION('ref_axis',(-1.,0.,0.));
#3279=DIRECTION('',(-0.342020143325667,0.939692620785909,0.));
#3280=DIRECTION('',(-0.342020143325668,-0.939692620785909,0.));
#3281=DIRECTION('center_axis',(0.,0.,1.));
#3282=DIRECTION('ref_axis',(-1.,0.,0.));
#3283=DIRECTION('center_axis',(0.,1.54060226393761E-16,-1.));
#3284=DIRECTION('ref_axis',(-1.,0.,0.));
#3285=DIRECTION('center_axis',(0.,0.,-1.));
#3286=DIRECTION('ref_axis',(-1.,0.,0.));
#3287=DIRECTION('center_axis',(0.,0.,1.));
#3288=DIRECTION('ref_axis',(-1.,0.,0.));
#3289=DIRECTION('center_axis',(0.,0.,-1.));
#3290=DIRECTION('ref_axis',(-1.,0.,0.));
#3291=DIRECTION('center_axis',(-0.241844762647974,-0.664463024388674,0.707106781186549));
#3292=DIRECTION('ref_axis',(0.946188648339466,0.,0.323615577118183));
#3293=DIRECTION('',(0.939692620785909,-0.342020143325668,0.));
#3294=DIRECTION('',(0.946188648339469,-7.18570929687908E-15,0.323615577118174));
#3295=DIRECTION('center_axis',(-0.241844762647968,0.66446302438866,0.707106781186563));
#3296=DIRECTION('ref_axis',(0.94618864833947,0.,0.32361557711817));
#3297=DIRECTION('',(-0.939692620785909,-0.342020143325667,0.));
#3298=DIRECTION('center_axis',(0.,0.,-1.));
#3299=DIRECTION('ref_axis',(-1.,0.,0.));
#3300=DIRECTION('center_axis',(0.,0.,1.));
#3301=DIRECTION('ref_axis',(-1.,0.,0.));
#3302=DIRECTION('center_axis',(0.,1.54060226393761E-16,-1.));
#3303=DIRECTION('ref_axis',(-1.,0.,0.));
#3304=DIRECTION('center_axis',(0.,0.,-1.));
#3305=DIRECTION('ref_axis',(-1.,0.,0.));
#3306=DIRECTION('center_axis',(0.342020143325668,0.939692620785909,0.));
#3307=DIRECTION('ref_axis',(-0.939692620785909,0.342020143325668,0.));
#3308=DIRECTION('',(0.,0.,1.));
#3309=DIRECTION('center_axis',(0.342020143325667,-0.939692620785909,0.));
#3310=DIRECTION('ref_axis',(0.939692620785909,0.342020143325667,0.));
#3311=DIRECTION('center_axis',(-0.541675220419687,-0.454519477672032,0.707106781186567));
#3312=DIRECTION('ref_axis',(0.793844806099462,0.,0.608120402411322));
#3313=DIRECTION('',(0.64278760968654,-0.766044443118978,0.));
#3314=DIRECTION('',(0.819423406234445,-0.473094324169726,0.323615577118176));
#3315=DIRECTION('center_axis',(0.122787803968971,0.69636424032,0.707106781186567));
#3316=DIRECTION('ref_axis',(0.985255774317393,0.,-0.171087869746029));
#3317=DIRECTION('',(-0.984807753012208,0.173648177666933,0.));
#3318=DIRECTION('center_axis',(0.,0.,1.));
#3319=DIRECTION('ref_axis',(-1.,0.,0.));
#3320=DIRECTION('center_axis',(-0.173648177666933,-0.984807753012208,0.));
#3321=DIRECTION('ref_axis',(0.984807753012208,-0.173648177666933,0.));
#3322=DIRECTION('',(0.,0.,1.));
#3323=DIRECTION('center_axis',(0.766044443118978,0.64278760968654,0.));
#3324=DIRECTION('ref_axis',(-0.64278760968654,0.766044443118978,0.));
#3325=DIRECTION('center_axis',(0.,0.,1.));
#3326=DIRECTION('ref_axis',(-1.,0.,0.));
#3327=DIRECTION('center_axis',(0.,1.54060226393761E-16,-1.));
#3328=DIRECTION('ref_axis',(-1.,0.,0.));
#3329=DIRECTION('center_axis',(0.,0.,-1.));
#3330=DIRECTION('ref_axis',(-1.,0.,0.));
#3331=DIRECTION('center_axis',(0.,0.,1.));
#3332=DIRECTION('ref_axis',(-1.,0.,0.));
#3333=DIRECTION('center_axis',(0.,0.,-1.));
#3334=DIRECTION('ref_axis',(-1.,0.,0.));
#3335=DIRECTION('center_axis',(-0.696364240320032,-0.122787803968976,0.707106781186534));
#3336=DIRECTION('ref_axis',(0.712498293208657,0.,0.701673843159877));
#3337=DIRECTION('',(0.173648177666931,-0.984807753012208,0.));
#3338=DIRECTION('',(0.473094324169709,-0.819423406234455,0.323615577118176));
#3339=DIRECTION('center_axis',(0.454519477672036,0.54167522041969,0.707106781186562));
#3340=DIRECTION('ref_axis',(0.841205080671402,0.,-0.540716203060923));
#3341=DIRECTION('',(-0.766044443118976,0.642787609686541,0.));
#3342=DIRECTION('center_axis',(0.,0.,-1.));
#3343=DIRECTION('ref_axis',(-1.,0.,0.));
#3344=DIRECTION('center_axis',(0.,0.,1.));
#3345=DIRECTION('ref_axis',(-1.,0.,0.));
#3346=DIRECTION('center_axis',(0.,1.54060226393761E-16,-1.));
#3347=DIRECTION('ref_axis',(-1.,0.,0.));
#3348=DIRECTION('center_axis',(0.,0.,-1.));
#3349=DIRECTION('ref_axis',(-1.,0.,0.));
#3350=DIRECTION('center_axis',(0.984807753012208,0.173648177666931,0.));
#3351=DIRECTION('ref_axis',(-0.173648177666931,0.984807753012208,0.));
#3352=DIRECTION('',(0.,0.,1.));
#3353=DIRECTION('center_axis',(-0.642787609686541,-0.766044443118977,0.));
#3354=DIRECTION('ref_axis',(0.766044443118976,-0.642787609686541,0.));
#3355=DIRECTION('center_axis',(-0.664463024388663,0.24184476264797,0.707106781186561));
#3356=DIRECTION('ref_axis',(0.728739444818695,0.,0.684791078771723));
#3357=DIRECTION('',(-0.342020143325668,-0.939692620785909,0.));
#3358=DIRECTION('',(0.,-0.946188648339467,0.323615577118181));
#3359=DIRECTION('center_axis',(0.664463024388663,0.241844762647969,0.707106781186561));
#3360=DIRECTION('ref_axis',(0.728739444818695,0.,-0.684791078771723));
#3361=DIRECTION('',(-0.342020143325667,0.939692620785909,0.));
#3362=DIRECTION('center_axis',(0.,0.,1.));
#3363=DIRECTION('ref_axis',(-1.,0.,0.));
#3364=DIRECTION('center_axis',(-0.939692620785909,-0.342020143325667,0.));
#3365=DIRECTION('ref_axis',(0.342020143325667,-0.939692620785909,0.));
#3366=DIRECTION('',(0.,0.,1.));
#3367=DIRECTION('center_axis',(0.939692620785909,-0.342020143325668,0.));
#3368=DIRECTION('ref_axis',(0.342020143325668,0.939692620785909,0.));
#3369=DIRECTION('center_axis',(0.,0.,1.));
#3370=DIRECTION('ref_axis',(-1.,0.,0.));
#3371=DIRECTION('center_axis',(0.,1.54060226393761E-16,-1.));
#3372=DIRECTION('ref_axis',(-1.,0.,0.));
#3373=DIRECTION('center_axis',(0.,0.,-1.));
#3374=DIRECTION('ref_axis',(-1.,0.,0.));
#3375=DIRECTION('center_axis',(0.,0.,1.));
#3376=DIRECTION('ref_axis',(-1.,0.,0.));
#3377=DIRECTION('center_axis',(0.,0.,-1.));
#3378=DIRECTION('ref_axis',(-1.,0.,0.));
#3379=DIRECTION('center_axis',(-0.454519477672035,0.541675220419691,0.707106781186562));
#3380=DIRECTION('ref_axis',(0.841205080671402,0.,0.540716203060922));
#3381=DIRECTION('',(-0.766044443118978,-0.64278760968654,0.));
#3382=DIRECTION('',(-0.473094324169754,-0.819423406234435,0.32361557711816));
#3383=DIRECTION('center_axis',(0.696364240320023,-0.122787803968975,0.707106781186544));
#3384=DIRECTION('ref_axis',(0.712498293208666,0.,-0.701673843159867));
#3385=DIRECTION('',(0.173648177666933,0.984807753012208,0.));
#3386=DIRECTION('center_axis',(0.,0.,-1.));
#3387=DIRECTION('ref_axis',(-1.,0.,0.));
#3388=DIRECTION('center_axis',(0.,0.,1.));
#3389=DIRECTION('ref_axis',(-1.,0.,0.));
#3390=DIRECTION('center_axis',(0.,1.54060226393761E-16,-1.));
#3391=DIRECTION('ref_axis',(-1.,0.,0.));
#3392=DIRECTION('center_axis',(0.,0.,-1.));
#3393=DIRECTION('ref_axis',(-1.,0.,0.));
#3394=DIRECTION('center_axis',(0.64278760968654,-0.766044443118978,0.));
#3395=DIRECTION('ref_axis',(0.766044443118978,0.64278760968654,0.));
#3396=DIRECTION('',(0.,0.,1.));
#3397=DIRECTION('center_axis',(-0.984807753012208,0.173648177666933,0.));
#3398=DIRECTION('ref_axis',(-0.173648177666933,-0.984807753012208,0.));
#3399=DIRECTION('center_axis',(-0.122787803968972,0.696364240320008,0.707106781186559));
#3400=DIRECTION('ref_axis',(0.985255774317393,0.,0.171087869746031));
#3401=DIRECTION('',(-0.984807753012208,-0.173648177666931,0.));
#3402=DIRECTION('',(-0.819423406234437,-0.473094324169737,0.32361557711818));
#3403=DIRECTION('center_axis',(0.54167522041969,-0.454519477672036,0.707106781186562));
#3404=DIRECTION('ref_axis',(0.793844806099458,0.,-0.608120402411327));
#3405=DIRECTION('',(0.642787609686541,0.766044443118977,0.));
#3406=DIRECTION('center_axis',(0.,0.,1.));
#3407=DIRECTION('ref_axis',(-1.,0.,0.));
#3408=DIRECTION('center_axis',(-0.766044443118977,0.642787609686541,0.));
#3409=DIRECTION('ref_axis',(-0.642787609686541,-0.766044443118977,0.));
#3410=DIRECTION('',(0.,0.,1.));
#3411=DIRECTION('center_axis',(0.173648177666931,-0.984807753012208,0.));
#3412=DIRECTION('ref_axis',(0.984807753012208,0.173648177666931,0.));
#3413=DIRECTION('center_axis',(0.,0.,1.));
#3414=DIRECTION('ref_axis',(-1.,0.,0.));
#3415=DIRECTION('center_axis',(0.,1.54060226393761E-16,-1.));
#3416=DIRECTION('ref_axis',(-1.,0.,0.));
#3417=DIRECTION('center_axis',(0.,0.,-1.));
#3418=DIRECTION('ref_axis',(-1.,0.,0.));
#3419=DIRECTION('center_axis',(0.,0.,1.));
#3420=DIRECTION('ref_axis',(-1.,0.,0.));
#3421=DIRECTION('center_axis',(0.,0.,-1.));
#3422=DIRECTION('ref_axis',(-1.,0.,0.));
#3423=DIRECTION('center_axis',(0.241844762647974,0.664463024388674,0.707106781186549));
#3424=DIRECTION('ref_axis',(0.946188648339466,0.,-0.323615577118183));
#3425=DIRECTION('',(-0.939692620785909,0.342020143325668,0.));
#3426=DIRECTION('',(-0.946188648339463,-7.18570929687948E-15,0.323615577118191));
#3427=DIRECTION('center_axis',(0.241844762647973,-0.664463024388674,0.707106781186549));
#3428=DIRECTION('ref_axis',(0.946188648339466,0.,-0.323615577118182));
#3429=DIRECTION('',(0.939692620785909,0.342020143325667,0.));
#3430=DIRECTION('center_axis',(0.,0.,-1.));
#3431=DIRECTION('ref_axis',(-1.,0.,0.));
#3432=DIRECTION('center_axis',(0.,0.,1.));
#3433=DIRECTION('ref_axis',(-1.,0.,0.));
#3434=DIRECTION('center_axis',(0.,1.54060226393761E-16,-1.));
#3435=DIRECTION('ref_axis',(-1.,0.,0.));
#3436=DIRECTION('center_axis',(0.,0.,-1.));
#3437=DIRECTION('ref_axis',(-1.,0.,0.));
#3438=DIRECTION('center_axis',(-0.342020143325668,-0.939692620785909,0.));
#3439=DIRECTION('ref_axis',(0.939692620785909,-0.342020143325668,0.));
#3440=DIRECTION('',(0.,0.,1.));
#3441=DIRECTION('center_axis',(-0.342020143325667,0.939692620785909,0.));
#3442=DIRECTION('ref_axis',(-0.939692620785909,-0.342020143325667,0.));
#3443=DIRECTION('center_axis',(0.541675220419724,0.454519477672064,0.707106781186517));
#3444=DIRECTION('ref_axis',(0.793844806099421,0.,-0.608120402411375));
#3445=DIRECTION('',(-0.64278760968654,0.766044443118977,0.));
#3446=DIRECTION('',(-0.819423406234432,0.473094324169731,0.323615577118201));
#3447=DIRECTION('center_axis',(-0.122787803968974,-0.696364240320015,0.707106781186551));
#3448=DIRECTION('ref_axis',(0.985255774317392,0.,0.171087869746036));
#3449=DIRECTION('',(0.984807753012208,-0.173648177666933,0.));
#3450=DIRECTION('center_axis',(0.,0.,1.));
#3451=DIRECTION('ref_axis',(-1.,0.,0.));
#3452=DIRECTION('center_axis',(0.173648177666933,0.984807753012208,0.));
#3453=DIRECTION('ref_axis',(-0.984807753012208,0.173648177666933,0.));
#3454=DIRECTION('',(0.,0.,1.));
#3455=DIRECTION('center_axis',(-0.766044443118977,-0.64278760968654,0.));
#3456=DIRECTION('ref_axis',(0.64278760968654,-0.766044443118977,0.));
#3457=DIRECTION('center_axis',(0.,0.,1.));
#3458=DIRECTION('ref_axis',(-1.,0.,0.));
#3459=DIRECTION('center_axis',(0.,1.54060226393761E-16,-1.));
#3460=DIRECTION('ref_axis',(-1.,0.,0.));
#3461=DIRECTION('center_axis',(0.,0.,-1.));
#3462=DIRECTION('ref_axis',(-1.,0.,0.));
#3463=DIRECTION('center_axis',(0.,0.,1.));
#3464=DIRECTION('ref_axis',(-1.,0.,0.));
#3465=DIRECTION('center_axis',(0.,0.,-1.));
#3466=DIRECTION('ref_axis',(-1.,0.,0.));
#3467=DIRECTION('center_axis',(0.69636424032003,0.122787803968976,0.707106781186536));
#3468=DIRECTION('ref_axis',(0.712498293208658,0.,-0.701673843159875));
#3469=DIRECTION('',(-0.173648177666931,0.984807753012208,0.));
#3470=DIRECTION('',(-0.473094324169731,0.819423406234436,0.323615577118191));
#3471=DIRECTION('center_axis',(-0.454519477672036,-0.54167522041969,0.707106781186562));
#3472=DIRECTION('ref_axis',(0.841205080671402,0.,0.540716203060922));
#3473=DIRECTION('',(0.766044443118977,-0.642787609686541,0.));
#3474=DIRECTION('center_axis',(-0.984807753012208,-0.173648177666931,0.));
#3475=DIRECTION('ref_axis',(0.173648177666931,-0.984807753012208,0.));
#3476=DIRECTION('',(0.,0.,1.));
#3477=DIRECTION('center_axis',(0.,0.,1.));
#3478=DIRECTION('ref_axis',(-1.,0.,0.));
#3479=DIRECTION('center_axis',(0.,1.54060226393761E-16,-1.));
#3480=DIRECTION('ref_axis',(-1.,0.,0.));
#3481=DIRECTION('center_axis',(0.,0.,-1.));
#3482=DIRECTION('ref_axis',(-1.,0.,0.));
#3483=DIRECTION('center_axis',(0.,0.,1.));
#3484=DIRECTION('ref_axis',(-1.,0.,0.));
#3485=DIRECTION('center_axis',(0.,0.,-1.));
#3486=DIRECTION('ref_axis',(-1.,0.,0.));
#3487=DIRECTION('center_axis',(0.642787609686541,0.766044443118977,0.));
#3488=DIRECTION('ref_axis',(-0.766044443118977,0.642787609686541,0.));
#3489=DIRECTION('center_axis',(0.664463024388665,-0.241844762647971,0.707106781186558));
#3490=DIRECTION('ref_axis',(0.728739444818693,0.,-0.684791078771725));
#3491=DIRECTION('',(0.342020143325668,0.939692620785909,0.));
#3492=DIRECTION('',(0.,0.946188648339467,0.323615577118178));
#3493=DIRECTION('center_axis',(-0.66446302438866,-0.241844762647968,0.707106781186563));
#3494=DIRECTION('ref_axis',(0.728739444818698,0.,0.68479107877172));
#3495=DIRECTION('',(0.342020143325667,-0.939692620785909,0.));
#3496=DIRECTION('center_axis',(-0.939692620785909,0.342020143325668,0.));
#3497=DIRECTION('ref_axis',(-0.342020143325668,-0.939692620785909,0.));
#3498=DIRECTION('',(0.,0.,1.));
#3499=DIRECTION('center_axis',(0.939692620785909,0.342020143325667,0.));
#3500=DIRECTION('ref_axis',(-0.342020143325667,0.939692620785909,0.));
#3501=CARTESIAN_POINT('',(0.,0.,0.));
#3502=CARTESIAN_POINT('Origin',(96.7499995693797,-39.5000018761493,17.8));
#3503=CARTESIAN_POINT('',(99.0699977871777,-42.1381851890024,17.8));
#3504=CARTESIAN_POINT('',(99.0699977871774,-36.8618185632961,17.8));
#3505=CARTESIAN_POINT('',(99.0699977871776,-40.7990410107792,17.8));
#3506=CARTESIAN_POINT('Origin',(97.5000013515819,-39.5000018761493,17.8));
#3507=CARTESIAN_POINT('Origin',(97.5000013515819,-39.5000018761493,4.1));
#3508=CARTESIAN_POINT('',(100.570001351582,-39.5000018761493,8.5));
#3509=CARTESIAN_POINT('Origin',(97.5000013515819,-39.5000018761493,8.5));
#3510=CARTESIAN_POINT('',(100.570001351582,-39.5000018761493,11.2));
#3511=CARTESIAN_POINT('',(100.570001351582,-39.5000018761493,4.1));
#3512=CARTESIAN_POINT('',(99.0699977871774,-36.8618185632961,11.2));
#3513=CARTESIAN_POINT('Origin',(97.5000013515819,-39.5000018761493,11.2));
#3514=CARTESIAN_POINT('',(99.0699977871774,-36.8618185632961,4.1));
#3515=CARTESIAN_POINT('',(99.0699977871777,-42.1381851890024,11.2));
#3516=CARTESIAN_POINT('',(99.0699977871777,-42.1381851890024,4.1));
#3517=CARTESIAN_POINT('Origin',(97.5000013515819,-39.5000018761493,11.2));
#3518=CARTESIAN_POINT('Origin',(99.0699977871777,-42.0980801454092,4.1));
#3519=CARTESIAN_POINT('',(99.0699977871776,-40.7990410107792,11.2));
#3520=CARTESIAN_POINT('Origin',(97.5000013515819,-39.5000018761493,11.2));
#3521=CARTESIAN_POINT('Origin',(97.5000013515819,-39.5000018761493,4.1));
#3522=CARTESIAN_POINT('',(101.299380393804,-39.5000018761493,7.1));
#3523=CARTESIAN_POINT('Origin',(97.5000013515819,-39.5000018761493,7.1));
#3524=CARTESIAN_POINT('',(101.299380393804,-39.5000018761493,8.5));
#3525=CARTESIAN_POINT('',(101.299380393804,-39.5000018761493,4.1));
#3526=CARTESIAN_POINT('Origin',(97.5000013515819,-39.5000018761493,8.5));
#3527=CARTESIAN_POINT('Origin',(97.5000013515819,-39.5000018761493,8.5));
#3528=CARTESIAN_POINT('Ctrl Pts',(95.0855283961195,-44.474405588055,21.0961046601382));
#3529=CARTESIAN_POINT('Ctrl Pts',(95.0564799487731,-44.6404712096186,20.9475844761173));
#3530=CARTESIAN_POINT('Ctrl Pts',(95.0261619774878,-44.8136223554339,20.7921817480821));
#3531=CARTESIAN_POINT('Ctrl Pts',(94.9924820635575,-45.005811832626,20.6191405888323));
#3532=CARTESIAN_POINT('Ctrl Pts',(94.9905790494898,-45.0166722758879,20.6093605250474));
#3533=CARTESIAN_POINT('Ctrl Pts',(94.9886763707777,-45.0275319358673,20.5995795176567));
#3534=CARTESIAN_POINT('Ctrl Pts',(95.030255588225,-44.4114326824407,21.0359879290926));
#3535=CARTESIAN_POINT('Ctrl Pts',(95.001103674864,-44.5776438832561,20.8878345684448));
#3536=CARTESIAN_POINT('Ctrl Pts',(94.9706888568976,-44.7509411442179,20.7327787564141));
#3537=CARTESIAN_POINT('Ctrl Pts',(94.9369115524979,-44.943289195449,20.5600833070584));
#3538=CARTESIAN_POINT('Ctrl Pts',(94.9350021955118,-44.95416297313,20.5503194321994));
#3539=CARTESIAN_POINT('Ctrl Pts',(94.9330930620963,-44.9650362286211,20.540554928268));
#3540=CARTESIAN_POINT('Ctrl Pts',(94.9749827803305,-44.3484597768264,20.9758711980471));
#3541=CARTESIAN_POINT('Ctrl Pts',(94.9457273925008,-44.5148165316272,20.8280846909324));
#3542=CARTESIAN_POINT('Ctrl Pts',(94.9152157280562,-44.6882599091529,20.6733757938309));
#3543=CARTESIAN_POINT('Ctrl Pts',(94.8813410414395,-44.8807665582671,20.5010260252789));
#3544=CARTESIAN_POINT('Ctrl Pts',(94.8794253415348,-44.8916536703672,20.4912783393458));
#3545=CARTESIAN_POINT('Ctrl Pts',(94.877509753415,-44.9025405213749,20.4815303388793));
#3546=CARTESIAN_POINT('Ctrl Pts',(94.919709972436,-44.285486871212,20.9157544670016));
#3547=CARTESIAN_POINT('Ctrl Pts',(94.8903511185916,-44.4519892052646,20.7683347832599));
#3548=CARTESIAN_POINT('Ctrl Pts',(94.859742607466,-44.625578697937,20.6139728021629));
#3549=CARTESIAN_POINT('Ctrl Pts',(94.8257705303799,-44.81824392109,20.441968743505));
#3550=CARTESIAN_POINT('Ctrl Pts',(94.8238484875568,-44.8291443676093,20.4322372464978));
#3551=CARTESIAN_POINT('Ctrl Pts',(94.8219264447336,-44.8400448141287,20.4225057494906));
#3552=CARTESIAN_POINT('',(94.9891282947563,-45.0249525722501,20.6019026509541));
#3553=CARTESIAN_POINT('',(95.0855283961181,-44.4744055880554,21.0961046601389));
#3554=CARTESIAN_POINT('Ctrl Pts',(94.9891282947563,-45.0249525722501,20.6019026509541));
#3555=CARTESIAN_POINT('Ctrl Pts',(94.9985472253251,-44.971194313582,20.6503199936964));
#3556=CARTESIAN_POINT('Ctrl Pts',(95.0079270909087,-44.9176724541545,20.6984826686456));
#3557=CARTESIAN_POINT('Ctrl Pts',(95.0263631378787,-44.8124275369609,20.7930991371793));
#3558=CARTESIAN_POINT('Ctrl Pts',(95.0354569434079,-44.7605007970925,20.8397371534426));
#3559=CARTESIAN_POINT('Ctrl Pts',(95.0444315573284,-44.7092407771784,20.8857309423353));
#3560=CARTESIAN_POINT('Ctrl Pts',(95.0525714524233,-44.6627483945135,20.9274469002494));
#3561=CARTESIAN_POINT('Ctrl Pts',(95.0606132925228,-44.6168045003438,20.9686328738765));
#3562=CARTESIAN_POINT('Ctrl Pts',(95.0742648199603,-44.5387913321293,21.0385011243641));
#3563=CARTESIAN_POINT('Ctrl Pts',(95.0799203188607,-44.5064661255647,21.0674314351449));
#3564=CARTESIAN_POINT('Ctrl Pts',(95.0855283961194,-44.474405588055,21.0961046601382));
#3565=CARTESIAN_POINT('',(94.9165729517158,-44.3032777997908,20.9));
#3566=CARTESIAN_POINT('Ctrl Pts',(95.0855283961194,-44.474405588055,21.0961046601381));
#3567=CARTESIAN_POINT('Ctrl Pts',(95.0573828677528,-44.4458542283917,21.0634288340146));
#3568=CARTESIAN_POINT('Ctrl Pts',(95.0292294437214,-44.4173167195348,21.0307476373509));
#3569=CARTESIAN_POINT('Ctrl Pts',(94.9729110009475,-44.3602740405216,20.9653794410098));
#3570=CARTESIAN_POINT('Ctrl Pts',(94.9447459732625,-44.3317688546236,20.9326924297966));
#3571=CARTESIAN_POINT('Ctrl Pts',(94.9165729517158,-44.3032777997908,20.9));
#3572=CARTESIAN_POINT('',(94.8380896597163,-44.748378666851,20.5043200213185));
#3573=CARTESIAN_POINT('Ctrl Pts',(94.9165729517158,-44.3032777997908,20.9));
#3574=CARTESIAN_POINT('Ctrl Pts',(94.9119349687815,-44.3295811080854,20.8767037941082));
#3575=CARTESIAN_POINT('Ctrl Pts',(94.9072657642933,-44.3560614826115,20.8532342299814));
#3576=CARTESIAN_POINT('Ctrl Pts',(94.8945358361484,-44.4282564926647,20.7892033213536));
#3577=CARTESIAN_POINT('Ctrl Pts',(94.8864139381814,-44.4743180649458,20.7483030283423));
#3578=CARTESIAN_POINT('Ctrl Pts',(94.8781953271777,-44.5209281241135,20.7068687176395));
#3579=CARTESIAN_POINT('Ctrl Pts',(94.8691339252971,-44.5723178878593,20.6611854579308));
#3580=CARTESIAN_POINT('Ctrl Pts',(94.8599549630608,-44.6243743695129,20.6148530679481));
#3581=CARTESIAN_POINT('Ctrl Pts',(94.8464901812195,-44.7007369419749,20.5468065438461));
#3582=CARTESIAN_POINT('Ctrl Pts',(94.8423058092509,-44.7244676946468,20.5256491136828));
#3583=CARTESIAN_POINT('Ctrl Pts',(94.8380896597163,-44.748378666851,20.5043200213185));
#3584=CARTESIAN_POINT('',(94.9853563650698,-45.0237990507369,20.5960539633617));
#3585=CARTESIAN_POINT('Ctrl Pts',(94.8380896597752,-44.7483786669611,20.5043200213556));
#3586=CARTESIAN_POINT('Ctrl Pts',(94.8631087410112,-44.7951323964016,20.5200805992357));
#3587=CARTESIAN_POINT('Ctrl Pts',(94.8881321208215,-44.8419133975073,20.5357533800901));
#3588=CARTESIAN_POINT('Ctrl Pts',(94.9370699135351,-44.9334391717381,20.5662300390865));
#3589=CARTESIAN_POINT('Ctrl Pts',(94.9613231182648,-44.9788160336061,20.5812527216993));
#3590=CARTESIAN_POINT('Ctrl Pts',(94.9853563650696,-45.0237990507366,20.5960539633616));
#3591=CARTESIAN_POINT('Ctrl Pts',(94.9853563650698,-45.0237990507369,20.5960539633616));
#3592=CARTESIAN_POINT('Ctrl Pts',(94.9866138370857,-45.0241841131612,20.5980033186224));
#3593=CARTESIAN_POINT('Ctrl Pts',(94.9878711469811,-45.0245686200675,20.5999528815319));
#3594=CARTESIAN_POINT('Ctrl Pts',(94.9891282947563,-45.0249525722501,20.6019026509541));
#3595=CARTESIAN_POINT('Ctrl Pts',(93.9686825502021,-44.4386382516713,20.5995795171805));
#3596=CARTESIAN_POINT('Ctrl Pts',(93.9771359534317,-44.4315606526083,20.6093605258365));
#3597=CARTESIAN_POINT('Ctrl Pts',(93.9855898673263,-44.4244823714773,20.6191405908864));
#3598=CARTESIAN_POINT('Ctrl Pts',(94.1351908811297,-44.2992199708945,20.7921817499772));
#3599=CARTESIAN_POINT('Ctrl Pts',(94.2699851865482,-44.1863882646499,20.9475844766138));
#3600=CARTESIAN_POINT('Ctrl Pts',(94.3992780099793,-44.0781987604816,21.0961046592111));
#3601=CARTESIAN_POINT('Ctrl Pts',(94.0505970749771,-44.4555269547805,20.5405549264886));
#3602=CARTESIAN_POINT('Ctrl Pts',(94.0590590249154,-44.4484369680211,20.550319431681));
#3603=CARTESIAN_POINT('Ctrl Pts',(94.0675213152982,-44.4413465265485,20.5600833078008));
#3604=CARTESIAN_POINT('Ctrl Pts',(94.2172109630095,-44.3159204963073,20.7327787569473));
#3605=CARTESIAN_POINT('Ctrl Pts',(94.3520833845091,-44.2029318607882,20.8878345675308));
#3606=CARTESIAN_POINT('Ctrl Pts',(94.4814505502537,-44.0945799627818,21.0359879267035));
#3607=CARTESIAN_POINT('Ctrl Pts',(94.1325115997521,-44.4724156578897,20.4815303357967));
#3608=CARTESIAN_POINT('Ctrl Pts',(94.1409820964028,-44.4653132834306,20.4912783375199));
#3609=CARTESIAN_POINT('Ctrl Pts',(94.1494527632739,-44.4582106816165,20.5010260247096));
#3610=CARTESIAN_POINT('Ctrl Pts',(94.2992310696687,-44.3326210169414,20.6733757930023));
#3611=CARTESIAN_POINT('Ctrl Pts',(94.4341816085785,-44.2194754516147,20.8280846886079));
#3612=CARTESIAN_POINT('Ctrl Pts',(94.5636230905281,-44.1109611650819,20.9758711941958));
#3613=CARTESIAN_POINT('Ctrl Pts',(94.2144261245271,-44.4893043609989,20.4225057451048));
#3614=CARTESIAN_POINT('Ctrl Pts',(94.2229051678865,-44.4821895988433,20.4322372433644));
#3615=CARTESIAN_POINT('Ctrl Pts',(94.2313842112459,-44.4750748366877,20.441968741624));
#3616=CARTESIAN_POINT('Ctrl Pts',(94.3812511515484,-44.3493215423542,20.6139727999724));
#3617=CARTESIAN_POINT('Ctrl Pts',(94.5162798065394,-44.2360190477529,20.7683347795249));
#3618=CARTESIAN_POINT('Ctrl Pts',(94.6457956308026,-44.1273423673821,20.9157544616882));
#3619=CARTESIAN_POINT('',(94.3992780099788,-44.078198760482,21.0961046592105));
#3620=CARTESIAN_POINT('',(93.9706903830599,-44.4369571918583,20.6019026509542));
#3621=CARTESIAN_POINT('Ctrl Pts',(94.3992780099788,-44.078198760482,21.0961046592106));
#3622=CARTESIAN_POINT('Ctrl Pts',(94.3743168097234,-44.099085765711,21.0674314357369));
#3623=CARTESIAN_POINT('Ctrl Pts',(94.3491501101832,-44.1201461737978,21.0385011264971));
#3624=CARTESIAN_POINT('Ctrl Pts',(94.288414489123,-44.1709753268288,20.9686328775634));
#3625=CARTESIAN_POINT('Ctrl Pts',(94.2526468292957,-44.2009117120311,20.9274469039155));
#3626=CARTESIAN_POINT('Ctrl Pts',(94.2164531919913,-44.2312072596019,20.8857309459698));
#3627=CARTESIAN_POINT('Ctrl Pts',(94.1765480186371,-44.2646095139127,20.8397371565237));
#3628=CARTESIAN_POINT('Ctrl Pts',(94.1361250446527,-44.2984483511765,20.7930991396795));
#3629=CARTESIAN_POINT('Ctrl Pts',(94.0541982944197,-44.367036896273,20.6984826699279));
#3630=CARTESIAN_POINT('Ctrl Pts',(94.0125369363506,-44.4019210286359,20.6503199943227));
#3631=CARTESIAN_POINT('Ctrl Pts',(93.9706903830599,-44.4369571918583,20.6019026509541));
#3632=CARTESIAN_POINT('',(93.9735753276423,-44.4396470186035,20.5960539619327));
#3633=CARTESIAN_POINT('Ctrl Pts',(93.9706903830599,-44.4369571918583,20.6019026509541));
#3634=CARTESIAN_POINT('Ctrl Pts',(93.9716514695646,-44.4378539378722,20.5999528810449));
#3635=CARTESIAN_POINT('Ctrl Pts',(93.9726131175294,-44.4387505469195,20.5980033176594));
#3636=CARTESIAN_POINT('Ctrl Pts',(93.9735753276424,-44.4396470186035,20.5960539619327));
#3637=CARTESIAN_POINT('',(94.2857297332143,-44.4294735292479,20.504320020697));
#3638=CARTESIAN_POINT('Ctrl Pts',(93.9735753276426,-44.4396470186035,20.5960539619326));
#3639=CARTESIAN_POINT('Ctrl Pts',(94.0265745497848,-44.4379022072104,20.5806643758955));
#3640=CARTESIAN_POINT('Ctrl Pts',(94.0800626762714,-44.4361503917481,20.5650351497293));
#3641=CARTESIAN_POINT('Ctrl Pts',(94.1838061357877,-44.4327698682989,20.5345410693434));
#3642=CARTESIAN_POINT('Ctrl Pts',(94.2347798407098,-44.4311171181428,20.5194711140052));
#3643=CARTESIAN_POINT('Ctrl Pts',(94.2857297330895,-44.4294735292519,20.5043200207341));
#3644=CARTESIAN_POINT('',(94.6319567495642,-44.1389545675251,20.9));
#3645=CARTESIAN_POINT('Ctrl Pts',(94.2857297332143,-44.4294735292479,20.504320020697));
#3646=CARTESIAN_POINT('Ctrl Pts',(94.3043291675396,-44.4138667507655,20.5256491125478));
#3647=CARTESIAN_POINT('Ctrl Pts',(94.3227884159557,-44.3983776022277,20.5468065421983));
#3648=CARTESIAN_POINT('Ctrl Pts',(94.3821879533275,-44.3485354723269,20.6148530663534));
#3649=CARTESIAN_POINT('Ctrl Pts',(94.4226807086357,-44.3145580162825,20.6611854568676));
#3650=CARTESIAN_POINT('Ctrl Pts',(94.4626548494591,-44.2810157294609,20.706868717079));
#3651=CARTESIAN_POINT('Ctrl Pts',(94.4989110396445,-44.2505931736484,20.7483030277709));
#3652=CARTESIAN_POINT('Ctrl Pts',(94.5347405827661,-44.2205286172298,20.7892033207597));
#3653=CARTESIAN_POINT('Ctrl Pts',(94.5908983322155,-44.1734066703791,20.8532342295702));
#3654=CARTESIAN_POINT('Ctrl Pts',(94.6114964074309,-44.1561228330629,20.8767037939064));
#3655=CARTESIAN_POINT('Ctrl Pts',(94.6319567495642,-44.1389545675251,20.9));
#3656=CARTESIAN_POINT('Ctrl Pts',(94.6319567495642,-44.1389545675251,20.9));
#3657=CARTESIAN_POINT('Ctrl Pts',(94.5931982000734,-44.1288020515775,20.9326907938074));
#3658=CARTESIAN_POINT('Ctrl Pts',(94.5544314104808,-44.118663522648,20.9653761695727));
#3659=CARTESIAN_POINT('Ctrl Pts',(94.4768717798853,-44.0984116591897,21.0307443665964));
#3660=CARTESIAN_POINT('Ctrl Pts',(94.4380789191149,-44.0882983275554,21.0634271983394));
#3661=CARTESIAN_POINT('Ctrl Pts',(94.3992780099793,-44.0781987604816,21.0961046592111));
#3662=CARTESIAN_POINT('Ctrl Pts',(93.5505032373047,-44.7895565729462,6.93778545735499));
#3663=CARTESIAN_POINT('Ctrl Pts',(93.5173189844682,-44.8173565250158,6.98376150896083));
#3664=CARTESIAN_POINT('Ctrl Pts',(93.4841421025849,-44.8451467568256,7.02974882748623));
#3665=CARTESIAN_POINT('Ctrl Pts',(93.3349475938381,-44.9701037020797,7.23664323639701));
#3666=CARTESIAN_POINT('Ctrl Pts',(93.2151886697667,-45.0704246487838,7.40301724113019));
#3667=CARTESIAN_POINT('Ctrl Pts',(93.0855497298211,-45.1790387961667,7.58341871246957));
#3668=CARTESIAN_POINT('Ctrl Pts',(93.0798148671772,-45.1838435091197,7.5913996741796));
#3669=CARTESIAN_POINT('Ctrl Pts',(93.0740801802174,-45.1886480044911,7.59938089476261));
#3670=CARTESIAN_POINT('Ctrl Pts',(93.6363889729528,-44.8031049631242,6.99185697156999));
#3671=CARTESIAN_POINT('Ctrl Pts',(93.6031770997807,-44.830943072157,7.03778974854931));
#3672=CARTESIAN_POINT('Ctrl Pts',(93.5699701408115,-44.8587747008217,7.08373003709695));
#3673=CARTESIAN_POINT('Ctrl Pts',(93.4206605229384,-44.9839056032183,7.29035448887874));
#3674=CARTESIAN_POINT('Ctrl Pts',(93.3008190685511,-45.0843520418961,7.45651795157746));
#3675=CARTESIAN_POINT('Ctrl Pts',(93.171092976273,-45.1930946000442,7.63670906461174));
#3676=CARTESIAN_POINT('Ctrl Pts',(93.1653530231579,-45.1979060538018,7.64468226087361));
#3677=CARTESIAN_POINT('Ctrl Pts',(93.1596131871658,-45.2027173625048,7.65265562971764));
#3678=CARTESIAN_POINT('Ctrl Pts',(93.7222747086009,-44.8166533533023,7.04592848578499));
#3679=CARTESIAN_POINT('Ctrl Pts',(93.6890352157808,-44.8445296187184,7.09181798898988));
#3680=CARTESIAN_POINT('Ctrl Pts',(93.6557981797109,-44.8724026442428,7.13771124754599));
#3681=CARTESIAN_POINT('Ctrl Pts',(93.5063734564759,-44.997707505281,7.34406573337794));
#3682=CARTESIAN_POINT('Ctrl Pts',(93.3864494715879,-45.0982794359539,7.510018654271));
#3683=CARTESIAN_POINT('Ctrl Pts',(93.2566362227252,-45.2071504039213,7.68999941675442));
#3684=CARTESIAN_POINT('Ctrl Pts',(93.250891179139,-45.2119685984834,7.69796484756813));
#3685=CARTESIAN_POINT('Ctrl Pts',(93.2451461941141,-45.2167867205185,7.70593036467267));
#3686=CARTESIAN_POINT('Ctrl Pts',(93.808160444249,-44.8302017434803,7.1));
#3687=CARTESIAN_POINT('Ctrl Pts',(93.7748933310933,-44.8581161658596,7.14584622857835));
#3688=CARTESIAN_POINT('Ctrl Pts',(93.7416262179376,-44.8860305882389,7.19169245715671));
#3689=CARTESIAN_POINT('Ctrl Pts',(93.5920863855762,-45.0115094064196,7.39777698585966));
#3690=CARTESIAN_POINT('Ctrl Pts',(93.4720798703722,-45.1122068290661,7.56351936471827));
#3691=CARTESIAN_POINT('Ctrl Pts',(93.3421794691771,-45.2212062077988,7.74328976889658));
#3692=CARTESIAN_POINT('Ctrl Pts',(93.3364293351197,-45.2260311431655,7.75124743426214));
#3693=CARTESIAN_POINT('Ctrl Pts',(93.3306792010624,-45.2308560785322,7.75920509962771));
#3694=CARTESIAN_POINT('',(93.0750024398766,-45.1878753388206,7.59809734904588));
#3695=CARTESIAN_POINT('',(93.4334846104273,-44.887574761402,7.1));
#3696=CARTESIAN_POINT('Ctrl Pts',(93.0750024398766,-45.1878753388206,7.59809734904589));
#3697=CARTESIAN_POINT('Ctrl Pts',(93.0804297301611,-45.1833283718772,7.59054399726564));
#3698=CARTESIAN_POINT('Ctrl Pts',(93.0858572623584,-45.1787811391359,7.58299075986334));
#3699=CARTESIAN_POINT('Ctrl Pts',(93.2089768325869,-45.07562905264,7.41166143837085));
#3700=CARTESIAN_POINT('Ctrl Pts',(93.3229289459496,-44.9801716529871,7.25334075941357));
#3701=CARTESIAN_POINT('Ctrl Pts',(93.433484608542,-44.8875747626541,7.09999999790784));
#3702=CARTESIAN_POINT('',(93.808160444249,-44.8302017434803,7.1));
#3703=CARTESIAN_POINT('Ctrl Pts',(93.4334846104273,-44.887574761402,7.1));
#3704=CARTESIAN_POINT('Ctrl Pts',(93.4961899370654,-44.8780891426273,7.1));
#3705=CARTESIAN_POINT('Ctrl Pts',(93.5581392294894,-44.86865652208,7.1));
#3706=CARTESIAN_POINT('Ctrl Pts',(93.6829119600508,-44.8495465112562,7.1));
#3707=CARTESIAN_POINT('Ctrl Pts',(93.7455254368973,-44.8399003398565,7.1));
#3708=CARTESIAN_POINT('Ctrl Pts',(93.808160444249,-44.8302017434803,7.1));
#3709=CARTESIAN_POINT('',(93.3952590599687,-45.1766671427425,7.66984883916256));
#3710=CARTESIAN_POINT('Ctrl Pts',(93.808160444249,-44.8302017434803,7.1));
#3711=CARTESIAN_POINT('Ctrl Pts',(93.7748933310933,-44.8581161658596,7.14584622857835));
#3712=CARTESIAN_POINT('Ctrl Pts',(93.7416262179376,-44.8860305882389,7.19169245715671));
#3713=CARTESIAN_POINT('Ctrl Pts',(93.6069264348817,-44.9990571265207,7.37732554814734));
#3714=CARTESIAN_POINT('Ctrl Pts',(93.5026497175638,-45.0865556815625,7.52130465382436));
#3715=CARTESIAN_POINT('Ctrl Pts',(93.3952590548645,-45.1766671470254,7.6698488328744));
#3716=CARTESIAN_POINT('',(93.0770794998431,-45.1891413637561,7.60124903857588));
#3717=CARTESIAN_POINT('Ctrl Pts',(93.3952590982398,-45.1766671106292,7.66984936240411));
#3718=CARTESIAN_POINT('Ctrl Pts',(93.3416435534162,-45.1787809554809,7.65819783510664));
#3719=CARTESIAN_POINT('Ctrl Pts',(93.288017537992,-45.1808891921753,7.64659063686811));
#3720=CARTESIAN_POINT('Ctrl Pts',(93.2343822722478,-45.1829918147739,7.63502789509447));
#3721=CARTESIAN_POINT('Ctrl Pts',(93.1820601903855,-45.1850429576219,7.62374825075525));
#3722=CARTESIAN_POINT('Ctrl Pts',(93.1293571544723,-45.1871033028846,7.61243088291574));
#3723=CARTESIAN_POINT('Ctrl Pts',(93.0770794998431,-45.1891413637561,7.60124903857588));
#3724=CARTESIAN_POINT('Ctrl Pts',(93.0770794998431,-45.1891413637561,7.60124903857587));
#3725=CARTESIAN_POINT('Ctrl Pts',(93.0763869944787,-45.1887193994987,7.6001985553286));
#3726=CARTESIAN_POINT('Ctrl Pts',(93.0756946411734,-45.1882973911609,7.59914799208892));
#3727=CARTESIAN_POINT('Ctrl Pts',(93.0750024398766,-45.1878753388206,7.59809734904587));
#3728=CARTESIAN_POINT('Ctrl Pts',(93.0770794998431,-45.1891413637561,7.60124903857588));
#3729=CARTESIAN_POINT('Ctrl Pts',(93.4030224245718,-44.9164127278913,12.3489408371813));
#3730=CARTESIAN_POINT('Ctrl Pts',(93.6994862469486,-44.6685482942571,16.6463669970758));
#3731=CARTESIAN_POINT('Ctrl Pts',(93.9735753276423,-44.4396470186035,20.5960539619327));
#3732=CARTESIAN_POINT('Ctrl Pts',(93.1810571639244,-45.1867304543534,7.59393596106841));
#3733=CARTESIAN_POINT('Ctrl Pts',(93.5075278077215,-44.913302229113,12.341525680431));
#3734=CARTESIAN_POINT('Ctrl Pts',(93.8045489565578,-44.6646706926467,16.638838659107));
#3735=CARTESIAN_POINT('Ctrl Pts',(94.0792277343705,-44.4349125088283,20.5883966601103));
#3736=CARTESIAN_POINT('Ctrl Pts',(93.2850348280058,-45.1843195449507,7.58662288356095));
#3737=CARTESIAN_POINT('Ctrl Pts',(93.6120385345377,-44.9101876359062,12.3341854341915));
#3738=CARTESIAN_POINT('Ctrl Pts',(93.9096117292546,-44.6607935283765,16.6313104521548));
#3739=CARTESIAN_POINT('Ctrl Pts',(94.1848801410987,-44.4301779990531,20.5807393582878));
#3740=CARTESIAN_POINT('Ctrl Pts',(93.3890124920871,-45.181908635548,7.57930980605349));
#3741=CARTESIAN_POINT('Ctrl Pts',(93.7165439176874,-44.9070771371278,12.3267702774412));
#3742=CARTESIAN_POINT('Ctrl Pts',(94.0146744388638,-44.6569159267661,16.623782114186));
#3743=CARTESIAN_POINT('Ctrl Pts',(94.2905325478268,-44.425443489278,20.5730820564654));
#3744=CARTESIAN_POINT('Ctrl Pts',(93.9735753276423,-44.4396470186035,20.5960539619327));
#3745=CARTESIAN_POINT('Ctrl Pts',(93.6994862469486,-44.6685482942571,16.6463669970758));
#3746=CARTESIAN_POINT('Ctrl Pts',(93.4030224245718,-44.9164127278913,12.3489408371813));
#3747=CARTESIAN_POINT('Ctrl Pts',(93.0770794998431,-45.1891413637561,7.60124903857588));
#3748=CARTESIAN_POINT('Ctrl Pts',(93.3952590621211,-45.1766671409364,7.66984883890949));
#3749=CARTESIAN_POINT('Ctrl Pts',(93.7184379791271,-44.9054878308724,12.3539158243095));
#3750=CARTESIAN_POINT('Ctrl Pts',(94.0129710155127,-44.6583452686717,16.5990616164141));
#3751=CARTESIAN_POINT('Ctrl Pts',(94.285729731647,-44.429473530563,20.5043200208835));
#3752=CARTESIAN_POINT('Origin',(96.7353386109597,-42.2434668944699,21.));
#3753=CARTESIAN_POINT('',(95.2923824858342,-43.3237101179345,21.1));
#3754=CARTESIAN_POINT('',(94.3993110680218,-44.0730860152359,21.1));
#3755=CARTESIAN_POINT('',(96.6710598499911,-42.166862450158,21.1));
#3756=CARTESIAN_POINT('Ctrl Pts',(94.3993110680218,-44.0730860152359,21.1));
#3757=CARTESIAN_POINT('Ctrl Pts',(94.3992942534419,-44.0756418355772,21.0980529362285));
#3758=CARTESIAN_POINT('Ctrl Pts',(94.3992780099788,-44.078198760482,21.0961046592105));
#3759=CARTESIAN_POINT('',(95.0000020458179,-43.8301278951821,20.9));
#3760=CARTESIAN_POINT('',(96.7996173719284,-42.3200713387818,20.9));
#3761=CARTESIAN_POINT('',(95.0000020458179,-43.8301278951821,20.9));
#3762=CARTESIAN_POINT('Origin',(95.3026493087476,-42.6896070234861,21.));
#3763=CARTESIAN_POINT('',(95.0899396333326,-44.4718205868384,21.1));
#3764=CARTESIAN_POINT('',(95.4011300840488,-42.7069718412528,21.1));
#3765=CARTESIAN_POINT('',(95.2041685334464,-42.6722422057194,20.9));
#3766=CARTESIAN_POINT('Ctrl Pts',(95.0855283961181,-44.4744055880554,21.0961046601389));
#3767=CARTESIAN_POINT('Ctrl Pts',(95.0877346358134,-44.473113058593,21.0980529367114));
#3768=CARTESIAN_POINT('Ctrl Pts',(95.0899396333326,-44.4718205868384,21.1));
#3769=CARTESIAN_POINT('Ctrl Pts',(94.9853563650698,-45.0237990507369,20.5960539633617));
#3770=CARTESIAN_POINT('Ctrl Pts',(94.9241665859837,-45.3756177928008,16.6463669924644));
#3771=CARTESIAN_POINT('Ctrl Pts',(94.8577416012488,-45.756295208435,12.3489408314857));
#3772=CARTESIAN_POINT('Ctrl Pts',(94.7845231369892,-46.1749343764127,7.60124903781174));
#3773=CARTESIAN_POINT('Ctrl Pts',(94.9366303665189,-44.9299341295972,20.588396661802));
#3774=CARTESIAN_POINT('Ctrl Pts',(94.87499333184,-45.2826920183255,16.6388386547365));
#3775=CARTESIAN_POINT('Ctrl Pts',(94.8081826798694,-45.66423564415,12.3415256749577));
#3776=CARTESIAN_POINT('Ctrl Pts',(94.7346222130374,-46.0836816248428,7.59393596051033));
#3777=CARTESIAN_POINT('Ctrl Pts',(94.887904367968,-44.8360692084575,20.5807393602424));
#3778=CARTESIAN_POINT('Ctrl Pts',(94.8258196674049,-45.189766407885,16.6313104480254));
#3779=CARTESIAN_POINT('Ctrl Pts',(94.7586246325354,-45.5721694049017,12.3341854289209));
#3780=CARTESIAN_POINT('Ctrl Pts',(94.6847212890856,-45.992428873273,7.58662288320892));
#3781=CARTESIAN_POINT('Ctrl Pts',(94.8391783694171,-44.7422042873178,20.5730820586828));
#3782=CARTESIAN_POINT('Ctrl Pts',(94.7766464132613,-45.0968406334098,16.6237821102975));
#3783=CARTESIAN_POINT('Ctrl Pts',(94.7090657111559,-45.4801098406167,12.3267702723929));
#3784=CARTESIAN_POINT('Ctrl Pts',(94.6348203651338,-45.9011761217032,7.57930980590751));
#3785=CARTESIAN_POINT('',(94.7845231369892,-46.1749343764127,7.60124903781174));
#3786=CARTESIAN_POINT('Ctrl Pts',(94.7845231369892,-46.1749343764127,7.60124903781174));
#3787=CARTESIAN_POINT('Ctrl Pts',(94.8577416012488,-45.756295208435,12.3489408314857));
#3788=CARTESIAN_POINT('Ctrl Pts',(94.9241665859837,-45.3756177928008,16.6463669924644));
#3789=CARTESIAN_POINT('Ctrl Pts',(94.9853563650698,-45.0237990507369,20.5960539633617));
#3790=CARTESIAN_POINT('',(94.6362363471038,-45.8931456888999,7.6698488388138));
#3791=CARTESIAN_POINT('Ctrl Pts',(94.838089659361,-44.7483786688659,20.5043200215051));
#3792=CARTESIAN_POINT('Ctrl Pts',(94.7762602785212,-45.0990305123409,16.5990616114404));
#3793=CARTESIAN_POINT('Ctrl Pts',(94.709495060014,-45.4776748822435,12.3539158186419));
#3794=CARTESIAN_POINT('Ctrl Pts',(94.6362363475917,-45.8931456861328,7.66984883856073));
#3795=CARTESIAN_POINT('Ctrl Pts',(94.6362363557792,-45.8931456396996,7.66984936205475));
#3796=CARTESIAN_POINT('Ctrl Pts',(94.6606574330401,-45.9395777558167,7.65845722628282));
#3797=CARTESIAN_POINT('Ctrl Pts',(94.6850881528721,-45.9860158502976,7.64710746762205));
#3798=CARTESIAN_POINT('Ctrl Pts',(94.7095279527208,-46.0324589373303,7.63580021140233));
#3799=CARTESIAN_POINT('Ctrl Pts',(94.7344731473079,-46.0798624287842,7.62425913052627));
#3800=CARTESIAN_POINT('Ctrl Pts',(94.7595986396383,-46.1275956677774,7.61268351574555));
#3801=CARTESIAN_POINT('Ctrl Pts',(94.7845231369892,-46.1749343764127,7.60124903781174));
#3802=CARTESIAN_POINT('Ctrl Pts',(94.7864500579975,-46.1772851831675,7.5993808944951));
#3803=CARTESIAN_POINT('Ctrl Pts',(94.7877435293915,-46.1699165518687,7.59139967492299));
#3804=CARTESIAN_POINT('Ctrl Pts',(94.7890371013747,-46.1625476596324,7.58341871422372));
#3805=CARTESIAN_POINT('Ctrl Pts',(94.8182802419133,-45.995969972695,7.40301724404676));
#3806=CARTESIAN_POINT('Ctrl Pts',(94.845281268104,-45.842095229803,7.23664323936916));
#3807=CARTESIAN_POINT('Ctrl Pts',(94.8788999024783,-45.6504105240013,7.02974883066255));
#3808=CARTESIAN_POINT('Ctrl Pts',(94.8863785081844,-45.6077833860513,6.98376151233798));
#3809=CARTESIAN_POINT('Ctrl Pts',(94.8938618464042,-45.5651450045418,6.93778546092982));
#3810=CARTESIAN_POINT('Ctrl Pts',(94.7314991327225,-46.1102461060119,7.65265562837363));
#3811=CARTESIAN_POINT('Ctrl Pts',(94.7327959301176,-46.1028696088564,7.64468226053849));
#3812=CARTESIAN_POINT('Ctrl Pts',(94.7340927945721,-46.0954929377423,7.63670906528543));
#3813=CARTESIAN_POINT('Ctrl Pts',(94.7634035659166,-45.9287755692998,7.45651795338204));
#3814=CARTESIAN_POINT('Ctrl Pts',(94.7904720061744,-45.7747666070802,7.29035449070797));
#3815=CARTESIAN_POINT('Ctrl Pts',(94.8241837372728,-45.5828952352944,7.08373003909151));
#3816=CARTESIAN_POINT('Ctrl Pts',(94.8316831551603,-45.5402213514014,7.03778975073924));
#3817=CARTESIAN_POINT('Ctrl Pts',(94.8391857281085,-45.4975399715017,6.99185697395321));
#3818=CARTESIAN_POINT('Ctrl Pts',(94.6765482074475,-46.0432070288563,7.70593036225216));
#3819=CARTESIAN_POINT('Ctrl Pts',(94.6778483308437,-46.0358226658435,7.69796484615451));
#3820=CARTESIAN_POINT('Ctrl Pts',(94.6791484877697,-46.0284382158517,7.68999941634764));
#3821=CARTESIAN_POINT('Ctrl Pts',(94.7085268869749,-45.8615811626947,7.51001865496359));
#3822=CARTESIAN_POINT('Ctrl Pts',(94.7356627412258,-45.7074379809768,7.34406573406425));
#3823=CARTESIAN_POINT('Ctrl Pts',(94.7694675722291,-45.5153799457174,7.13771124835879));
#3824=CARTESIAN_POINT('Ctrl Pts',(94.7769878022944,-45.4726593158659,7.0918179899926));
#3825=CARTESIAN_POINT('Ctrl Pts',(94.7845096098127,-45.4299349384616,7.04592848697661));
#3826=CARTESIAN_POINT('Ctrl Pts',(94.6215972821725,-45.9761679517008,7.75920509613069));
#3827=CARTESIAN_POINT('Ctrl Pts',(94.6229007315698,-45.9687757228312,7.75124743177002));
#3828=CARTESIAN_POINT('Ctrl Pts',(94.6242041809671,-45.9613834939616,7.74328976740935));
#3829=CARTESIAN_POINT('Ctrl Pts',(94.6536502109782,-45.7943867592996,7.56351936429888));
#3830=CARTESIAN_POINT('Ctrl Pts',(94.6808534792961,-45.640109358254,7.39777698540307));
#3831=CARTESIAN_POINT('Ctrl Pts',(94.7147514070236,-45.4478646570105,7.19169245678775));
#3832=CARTESIAN_POINT('Ctrl Pts',(94.7222924492703,-45.405097281216,7.14584622839387));
#3833=CARTESIAN_POINT('Ctrl Pts',(94.7298334915169,-45.3623299054215,7.1));
#3834=CARTESIAN_POINT('',(94.7298334915169,-45.3623299054215,7.1));
#3835=CARTESIAN_POINT('Ctrl Pts',(94.6362363459468,-45.8931456954617,7.66984883252565));
#3836=CARTESIAN_POINT('Ctrl Pts',(94.6605798326967,-45.7550869216306,7.52130465346879));
#3837=CARTESIAN_POINT('Ctrl Pts',(94.6842174453412,-45.6210313587808,7.37732554771489));
#3838=CARTESIAN_POINT('Ctrl Pts',(94.7147514070236,-45.4478646570105,7.19169245678775));
#3839=CARTESIAN_POINT('Ctrl Pts',(94.7222924492703,-45.405097281216,7.14584622839387));
#3840=CARTESIAN_POINT('Ctrl Pts',(94.7298334915169,-45.3623299054215,7.1));
#3841=CARTESIAN_POINT('',(94.867484919342,-45.7154951980014,7.10000000000001));
#3842=CARTESIAN_POINT('Ctrl Pts',(94.7298334915169,-45.3623299054215,7.1));
#3843=CARTESIAN_POINT('Ctrl Pts',(94.7526584627432,-45.4211821389545,7.1));
#3844=CARTESIAN_POINT('Ctrl Pts',(94.7755178307368,-45.4799899870956,7.1));
#3845=CARTESIAN_POINT('Ctrl Pts',(94.8213523858743,-45.5975985563948,7.1));
#3846=CARTESIAN_POINT('Ctrl Pts',(94.8442515564376,-45.6562043060208,7.1));
#3847=CARTESIAN_POINT('Ctrl Pts',(94.867484919342,-45.7154951980014,7.1));
#3848=CARTESIAN_POINT('',(94.7866580762229,-46.1761001502924,7.59809734904586));
#3849=CARTESIAN_POINT('Ctrl Pts',(94.8674849192004,-45.7154952002601,7.09999999790786));
#3850=CARTESIAN_POINT('Ctrl Pts',(94.8425714911452,-45.8575376576534,7.25334076033634));
#3851=CARTESIAN_POINT('Ctrl Pts',(94.8168790147317,-46.0039517823944,7.41166144022287));
#3852=CARTESIAN_POINT('Ctrl Pts',(94.7891064726253,-46.1621525002119,7.5829907617067));
#3853=CARTESIAN_POINT('Ctrl Pts',(94.7878822198085,-46.1691264964529,7.59054399818735));
#3854=CARTESIAN_POINT('Ctrl Pts',(94.7866580762229,-46.1761001502924,7.59809734904588));
#3855=CARTESIAN_POINT('Ctrl Pts',(94.7866580762229,-46.1761001502925,7.59809734904589));
#3856=CARTESIAN_POINT('Ctrl Pts',(94.7859464676927,-46.1757117126702,7.59914799183677));
#3857=CARTESIAN_POINT('Ctrl Pts',(94.7852348212675,-46.1753231214045,7.60019855482174));
#3858=CARTESIAN_POINT('Ctrl Pts',(94.7845231369892,-46.1749343764127,7.60124903781175));
#3859=CARTESIAN_POINT('Origin',(97.5000013515819,-39.5000018761493,7.1));
#3860=CARTESIAN_POINT('',(92.5630461506426,-43.0293130052163,20.6019026509542));
#3861=CARTESIAN_POINT('Origin',(97.5000013515819,-39.5000018761493,20.6019026509541));
#3862=CARTESIAN_POINT('',(92.5603563244695,-43.0264280614388,20.5960539633617));
#3863=CARTESIAN_POINT('Ctrl Pts',(92.5603563244695,-43.0264280614389,20.5960539633617));
#3864=CARTESIAN_POINT('Ctrl Pts',(92.5612527959667,-43.0273902712872,20.5980033186203));
#3865=CARTESIAN_POINT('Ctrl Pts',(92.5621494048234,-43.0283519189838,20.5999528815298));
#3866=CARTESIAN_POINT('Ctrl Pts',(92.5630461506426,-43.0293130052163,20.6019026509541));
#3867=CARTESIAN_POINT('',(91.8108619841897,-43.9229238826274,7.60124903781174));
#3868=CARTESIAN_POINT('Ctrl Pts',(91.8108619841897,-43.9229238826274,7.60124903781172));
#3869=CARTESIAN_POINT('Ctrl Pts',(92.0835906182455,-43.596980960279,12.3489408313461));
#3870=CARTESIAN_POINT('Ctrl Pts',(92.3314550502843,-43.3005171400657,16.646366992247));
#3871=CARTESIAN_POINT('Ctrl Pts',(92.5603563244695,-43.0264280614388,20.5960539633617));
#3872=CARTESIAN_POINT('',(91.8121280088617,-43.9250009420392,7.59809734904587));
#3873=CARTESIAN_POINT('Ctrl Pts',(91.8121280088617,-43.9250009420392,7.59809734904587));
#3874=CARTESIAN_POINT('Ctrl Pts',(91.8117059566083,-43.9243087409256,7.59914799183656));
#3875=CARTESIAN_POINT('Ctrl Pts',(91.8112839483584,-43.9236163878052,7.60019855482152));
#3876=CARTESIAN_POINT('Ctrl Pts',(91.8108619841897,-43.9229238826274,7.60124903781172));
#3877=CARTESIAN_POINT('Origin',(97.5000013515819,-39.5000018761493,7.59809734904587));
#3878=CARTESIAN_POINT('Origin',(97.5000013515819,-39.5000018761493,20.8509513254771));
#3879=CARTESIAN_POINT('',(92.9269173235451,-42.6006923234922,21.1));
#3880=CARTESIAN_POINT('Origin',(97.5000013515819,-39.5000018761493,21.1));
#3881=CARTESIAN_POINT('',(92.9218045794467,-42.6007253816077,21.0961046601389));
#3882=CARTESIAN_POINT('Ctrl Pts',(92.9218045794467,-42.6007253816077,21.0961046601389));
#3883=CARTESIAN_POINT('Ctrl Pts',(92.9243615038009,-42.6007091381058,21.0980529367114));
#3884=CARTESIAN_POINT('Ctrl Pts',(92.9269173235451,-42.6006923234922,21.1));
#3885=CARTESIAN_POINT('Ctrl Pts',(92.5630461506426,-43.0293130052163,20.6019026509541));
#3886=CARTESIAN_POINT('Ctrl Pts',(92.5980823131243,-42.9874664528326,20.6503199936944));
#3887=CARTESIAN_POINT('Ctrl Pts',(92.6329664447173,-42.9458050957028,20.6984826686432));
#3888=CARTESIAN_POINT('Ctrl Pts',(92.7015549883351,-42.8638783472793,20.7930991371765));
#3889=CARTESIAN_POINT('Ctrl Pts',(92.735393824875,-42.8234553741819,20.8397371534402));
#3890=CARTESIAN_POINT('Ctrl Pts',(92.7687960784768,-42.7835502016976,20.8857309423334));
#3891=CARTESIAN_POINT('Ctrl Pts',(92.7990916257458,-42.7473565647744,20.9274469002478));
#3892=CARTESIAN_POINT('Ctrl Pts',(92.8290280106503,-42.7115889053241,20.9686328738754));
#3893=CARTESIAN_POINT('Ctrl Pts',(92.8798571643194,-42.6508532835387,21.0385011243637));
#3894=CARTESIAN_POINT('Ctrl Pts',(92.9009175733207,-42.6256865829212,21.0674314351448));
#3895=CARTESIAN_POINT('Ctrl Pts',(92.9218045794481,-42.6007253816081,21.0961046601382));
#3896=CARTESIAN_POINT('Origin',(97.5000013515819,-39.5000018761493,21.1));
#3897=CARTESIAN_POINT('',(97.1012668662946,-45.010754056022,21.1));
#3898=CARTESIAN_POINT('Origin',(97.5000013515819,-39.5000018761493,21.1));
#3899=CARTESIAN_POINT('',(97.5000014528632,-43.915239783069,21.1));
#3900=CARTESIAN_POINT('',(98.1155472399574,-42.2240416323874,21.1));
#3901=CARTESIAN_POINT('',(97.8987360342342,-45.0107540417415,21.1));
#3902=CARTESIAN_POINT('',(97.2858104971768,-43.3267549688691,21.1));
#3903=CARTESIAN_POINT('',(99.9100632478945,-44.4718205005232,21.1));
#3904=CARTESIAN_POINT('Origin',(97.5000013515819,-39.5000018761493,21.1));
#3905=CARTESIAN_POINT('',(99.707620392754,-43.3237100166532,21.1));
#3906=CARTESIAN_POINT('',(99.3950996062292,-41.5513165617826,21.1));
#3907=CARTESIAN_POINT('',(100.600691798925,-44.0730859041861,21.1));
#3908=CARTESIAN_POINT('',(99.2278831767687,-42.9211626956579,21.1));
#3909=CARTESIAN_POINT('',(102.073085490668,-42.6006921597094,21.1));
#3910=CARTESIAN_POINT('Origin',(97.5000013515819,-39.5000018761493,21.1));
#3911=CARTESIAN_POINT('',(101.323709593367,-41.707620741897,21.1));
#3912=CARTESIAN_POINT('',(100.166861925591,-40.3289433777401,21.1));
#3913=CARTESIAN_POINT('',(102.471820062271,-41.9100635943986,21.1));
#3914=CARTESIAN_POINT('',(100.706971316685,-41.5988731436824,21.1));
#3915=CARTESIAN_POINT('',(103.010753531455,-39.8987363614366,21.1));
#3916=CARTESIAN_POINT('Origin',(97.5000013515819,-39.5000018761493,21.1));
#3917=CARTESIAN_POINT('',(101.915239258502,-39.500001774868,21.1));
#3918=CARTESIAN_POINT('',(100.22404110782,-38.8844559877738,21.1));
#3919=CARTESIAN_POINT('',(103.010753517174,-39.101267193497,21.1));
#3920=CARTESIAN_POINT('',(101.326754444302,-39.7141927305545,21.1));
#3921=CARTESIAN_POINT('',(102.471819975956,-37.0899399798367,21.1));
#3922=CARTESIAN_POINT('Origin',(97.5000013515819,-39.5000018761493,21.1));
#3923=CARTESIAN_POINT('',(101.323709492086,-37.2923828349773,21.1));
#3924=CARTESIAN_POINT('',(99.5513160372151,-37.6049036215021,21.1));
#3925=CARTESIAN_POINT('',(102.073085379619,-36.3993114288064,21.1));
#3926=CARTESIAN_POINT('',(100.92116217109,-37.7721200509625,21.1));
#3927=CARTESIAN_POINT('',(100.600691635142,-34.9269177370628,21.1));
#3928=CARTESIAN_POINT('Origin',(97.5000013515819,-39.5000018761493,21.1));
#3929=CARTESIAN_POINT('',(99.7076202173295,-35.6762936343642,21.1));
#3930=CARTESIAN_POINT('',(98.3289428531727,-36.8331413021406,21.1));
#3931=CARTESIAN_POINT('',(99.9100630698311,-34.5281831654602,21.1));
#3932=CARTESIAN_POINT('',(99.5988726191149,-36.2930319110459,21.1));
#3933=CARTESIAN_POINT('',(97.8987358368692,-33.9892496962767,21.1));
#3934=CARTESIAN_POINT('Origin',(97.5000013515819,-39.5000018761493,21.1));
#3935=CARTESIAN_POINT('',(97.5000012503006,-35.0847639692296,21.1));
#3936=CARTESIAN_POINT('',(96.8844554632064,-36.7759621199112,21.1));
#3937=CARTESIAN_POINT('',(97.1012666689296,-33.9892497105572,21.1));
#3938=CARTESIAN_POINT('',(97.714192205987,-35.6732487834295,21.1));
#3939=CARTESIAN_POINT('',(95.0899394552693,-34.5281832517755,21.1));
#3940=CARTESIAN_POINT('Origin',(97.5000013515819,-39.5000018761493,21.1));
#3941=CARTESIAN_POINT('',(95.2923823104098,-35.6762937356455,21.1));
#3942=CARTESIAN_POINT('',(95.6049030969346,-37.4486871905161,21.1));
#3943=CARTESIAN_POINT('',(94.399310904239,-34.9269178481126,21.1));
#3944=CARTESIAN_POINT('',(95.7721195263951,-36.0788410566408,21.1));
#3945=CARTESIAN_POINT('',(92.9269172124954,-36.3993115925892,21.1));
#3946=CARTESIAN_POINT('Origin',(97.5000013515819,-39.5000018761493,21.1));
#3947=CARTESIAN_POINT('',(93.6762931097967,-37.2923830104017,21.1));
#3948=CARTESIAN_POINT('',(94.8331407775732,-38.6710603745585,21.1));
#3949=CARTESIAN_POINT('',(92.5281826408928,-37.0899401579001,21.1));
#3950=CARTESIAN_POINT('',(94.2930313864784,-37.4011306086163,21.1));
#3951=CARTESIAN_POINT('',(91.9892491717092,-39.101267390862,21.1));
#3952=CARTESIAN_POINT('Origin',(97.5000013515819,-39.5000018761493,21.1));
#3953=CARTESIAN_POINT('',(93.0847634446622,-39.5000019774307,21.1));
#3954=CARTESIAN_POINT('',(94.7759615953438,-40.1155477645248,21.1));
#3955=CARTESIAN_POINT('',(91.9892491859897,-39.8987365588016,21.1));
#3956=CARTESIAN_POINT('',(93.6732482588621,-39.2858110217442,21.1));
#3957=CARTESIAN_POINT('',(92.528182727208,-41.9100637724619,21.1));
#3958=CARTESIAN_POINT('Origin',(97.5000013515819,-39.5000018761493,21.1));
#3959=CARTESIAN_POINT('',(93.676293211078,-41.7076209173214,21.1));
#3960=CARTESIAN_POINT('',(95.4486866659487,-41.3951001307966,21.1));
#3961=CARTESIAN_POINT('',(94.0788405320733,-41.2278837013361,21.1));
#3962=CARTESIAN_POINT('Origin',(97.5000013515819,-39.5000018761493,20.8509513254771));
#3963=CARTESIAN_POINT('',(96.9120060528412,-45.540186081163,20.601902650954));
#3964=CARTESIAN_POINT('Origin',(97.5000013515819,-39.5000018761493,20.6019026509541));
#3965=CARTESIAN_POINT('',(97.1037946098144,-45.0151983523047,21.0961046592153));
#3966=CARTESIAN_POINT('Ctrl Pts',(97.1037946098144,-45.0151983523047,21.0961046592153));
#3967=CARTESIAN_POINT('Ctrl Pts',(97.0926211952743,-45.0457673111821,21.0674317343813));
#3968=CARTESIAN_POINT('Ctrl Pts',(97.0813564994084,-45.0765892323724,21.0385016853712));
#3969=CARTESIAN_POINT('Ctrl Pts',(97.0541726401002,-45.1509759565947,20.9686338355899));
#3970=CARTESIAN_POINT('Ctrl Pts',(97.0381651682459,-45.1947853536033,20.9274479594772));
#3971=CARTESIAN_POINT('Ctrl Pts',(97.0219683358924,-45.2391188771553,20.8857320105508));
#3972=CARTESIAN_POINT('Ctrl Pts',(97.0041105868618,-45.2879986161036,20.8397382674387));
#3973=CARTESIAN_POINT('Ctrl Pts',(96.9860226594008,-45.3375154606239,20.7931001903612));
#3974=CARTESIAN_POINT('Ctrl Pts',(96.9493661480254,-45.4378786330583,20.6984833682927));
#3975=CARTESIAN_POINT('Ctrl Pts',(96.9307282938901,-45.4889202015793,20.6503203678845));
#3976=CARTESIAN_POINT('Ctrl Pts',(96.9120060528412,-45.540186081163,20.6019026509541));
#3977=CARTESIAN_POINT('Ctrl Pts',(97.1012668662945,-45.010754056022,21.1));
#3978=CARTESIAN_POINT('Ctrl Pts',(97.1025302146148,-45.0129758686519,21.0980529362316));
#3979=CARTESIAN_POINT('Ctrl Pts',(97.1037946098144,-45.0151983523047,21.0961046592153));
#3980=CARTESIAN_POINT('Origin',(97.5000013515819,-39.5000018761493,7.1));
#3981=CARTESIAN_POINT('',(96.5117766136623,-46.6383442441866,7.59809734904587));
#3982=CARTESIAN_POINT('Origin',(97.5000013515819,-39.5000018761493,7.59809734904587));
#3983=CARTESIAN_POINT('',(96.5142084128262,-46.6384021239594,7.60124903857584));
#3984=CARTESIAN_POINT('Ctrl Pts',(96.5142084128262,-46.6384021239594,7.60124903857583));
#3985=CARTESIAN_POINT('Ctrl Pts',(96.5133977034601,-46.6383829448752,7.60019855532914));
#3986=CARTESIAN_POINT('Ctrl Pts',(96.5125871037405,-46.6383636515867,7.59914799208949));
#3987=CARTESIAN_POINT('Ctrl Pts',(96.5117766136623,-46.6383442441866,7.59809734904588));
#3988=CARTESIAN_POINT('',(96.9158494015109,-45.5410730671649,20.5960539619327));
#3989=CARTESIAN_POINT('Ctrl Pts',(96.9158494015109,-45.5410730671649,20.5960539619327));
#3990=CARTESIAN_POINT('Ctrl Pts',(96.792931970534,-45.876351823597,16.6463682173908));
#3991=CARTESIAN_POINT('Ctrl Pts',(96.6601189929738,-46.2392406112699,12.3489423040499));
#3992=CARTESIAN_POINT('Ctrl Pts',(96.5142084128262,-46.6384021239594,7.60124903857583));
#3993=CARTESIAN_POINT('Ctrl Pts',(96.9120060528413,-45.540186081163,20.6019026509541));
#3994=CARTESIAN_POINT('Ctrl Pts',(96.9132867511748,-45.540482142739,20.5999528810476));
#3995=CARTESIAN_POINT('Ctrl Pts',(96.9145678672654,-45.5407778049688,20.5980033176621));
#3996=CARTESIAN_POINT('Ctrl Pts',(96.9158494015108,-45.5410730671649,20.5960539619327));
#3997=CARTESIAN_POINT('Origin',(97.5000013515819,-39.5000018761493,7.34904867452294));
#3998=CARTESIAN_POINT('',(96.6720809914537,-46.1990352300956,7.10000000000001));
#3999=CARTESIAN_POINT('Origin',(97.5000013515819,-39.5000018761493,7.1));
#4000=CARTESIAN_POINT('Ctrl Pts',(96.5117766136623,-46.6383442441866,7.59809734904587));
#4001=CARTESIAN_POINT('Ctrl Pts',(96.5142033014507,-46.6316928101613,7.59054399726563));
#4002=CARTESIAN_POINT('Ctrl Pts',(96.5166300658428,-46.6250410249918,7.58299075986334));
#4003=CARTESIAN_POINT('Ctrl Pts',(96.5716786962846,-46.4741489175377,7.4116614440697));
#4004=CARTESIAN_POINT('Ctrl Pts',(96.6226354215576,-46.3345043274674,7.25334076474346));
#4005=CARTESIAN_POINT('Ctrl Pts',(96.672080990447,-46.1990352321226,7.09999999790784));
#4006=CARTESIAN_POINT('Origin',(95.0000020458179,-43.8301278951821,4.1));
#4007=CARTESIAN_POINT('',(95.0000020458179,-43.8301278951821,7.1));
#4008=CARTESIAN_POINT('',(96.7996173719284,-42.3200713387818,7.1));
#4009=CARTESIAN_POINT('',(95.0000020458179,-43.8301278951821,4.1));
#4010=CARTESIAN_POINT('Origin',(94.5924556571672,-46.1414383197879,4.1));
#4011=CARTESIAN_POINT('',(95.2041685334464,-42.6722422057194,7.1));
#4012=CARTESIAN_POINT('Ctrl Pts',(91.9724713729644,-42.0113270367154,20.5995795171805));
#4013=CARTESIAN_POINT('Ctrl Pts',(91.9833310344412,-42.0094243577438,20.6093605258366));
#4014=CARTESIAN_POINT('Ctrl Pts',(91.9941914792008,-42.0075213434165,20.6191405908864));
#4015=CARTESIAN_POINT('Ctrl Pts',(92.1863809578942,-41.9738414292716,20.7921817499919));
#4016=CARTESIAN_POINT('Ctrl Pts',(92.3595321037692,-41.9435234580252,20.9475844766059));
#4017=CARTESIAN_POINT('Ctrl Pts',(92.5255977254805,-41.9144750107065,21.0961046592111));
#4018=CARTESIAN_POINT('Ctrl Pts',(92.0349670808039,-42.0669103450324,20.5405549264886));
#4019=CARTESIAN_POINT('Ctrl Pts',(92.0458403377958,-42.0650012113554,20.5503194316811));
#4020=CARTESIAN_POINT('Ctrl Pts',(92.0567141169777,-42.0630918541076,20.5600833078008));
#4021=CARTESIAN_POINT('Ctrl Pts',(92.2490621697162,-42.0293145494756,20.732778756962));
#4022=CARTESIAN_POINT('Ctrl Pts',(92.4223594307391,-41.9988997315313,20.8878345675229));
#4023=CARTESIAN_POINT('Ctrl Pts',(92.5885706317016,-41.9697478181802,21.0359879267035));
#4024=CARTESIAN_POINT('Ctrl Pts',(92.0974627886434,-42.1224936533495,20.4815303357967));
#4025=CARTESIAN_POINT('Ctrl Pts',(92.1083496411552,-42.120578064966,20.4912783375199));
#4026=CARTESIAN_POINT('Ctrl Pts',(92.1192367547596,-42.1186623647976,20.5010260247096));
#4027=CARTESIAN_POINT('Ctrl Pts',(92.3117434053871,-42.0847876779307,20.673375793017));
#4028=CARTESIAN_POINT('Ctrl Pts',(92.4851867829754,-42.0542760134916,20.8280846886));
#4029=CARTESIAN_POINT('Ctrl Pts',(92.6515435379226,-42.0250206256539,20.9758711941958));
#4030=CARTESIAN_POINT('Ctrl Pts',(92.1599584964829,-42.1780769616665,20.4225057451048));
#4031=CARTESIAN_POINT('Ctrl Pts',(92.1708589445097,-42.1761549185776,20.4322372433644));
#4032=CARTESIAN_POINT('Ctrl Pts',(92.1817593925365,-42.1742328754887,20.441968741624));
#4033=CARTESIAN_POINT('Ctrl Pts',(92.374424617209,-42.1402607981346,20.6139727999871));
#4034=CARTESIAN_POINT('Ctrl Pts',(92.5480141099454,-42.1096522869977,20.768334779517));
#4035=CARTESIAN_POINT('Ctrl Pts',(92.7145164441437,-42.0802934331276,20.9157544616882));
#4036=CARTESIAN_POINT('',(92.5255977254799,-41.9144750107066,21.0961046592105));
#4037=CARTESIAN_POINT('',(91.9750507371323,-42.010875112641,20.6019026509541));
#4038=CARTESIAN_POINT('Ctrl Pts',(92.5255977254799,-41.9144750107066,21.0961046592105));
#4039=CARTESIAN_POINT('Ctrl Pts',(92.4935371893328,-41.9200830877167,21.0674314357347));
#4040=CARTESIAN_POINT('Ctrl Pts',(92.4612119841571,-41.9257385863639,21.0385011264939));
#4041=CARTESIAN_POINT('Ctrl Pts',(92.3831988168889,-41.9393901136116,20.9686328775603));
#4042=CARTESIAN_POINT('Ctrl Pts',(92.3372549222454,-41.9474319537802,20.9274469039141));
#4043=CARTESIAN_POINT('Ctrl Pts',(92.290762539101,-41.9555718489456,20.8857309459702));
#4044=CARTESIAN_POINT('Ctrl Pts',(92.2395025180809,-41.9645464630448,20.8397371565265));
#4045=CARTESIAN_POINT('Ctrl Pts',(92.1875757770846,-41.9736402687572,20.7930991396845));
#4046=CARTESIAN_POINT('Ctrl Pts',(92.0823308575862,-41.9920763161027,20.6984826699339));
#4047=CARTESIAN_POINT('Ctrl Pts',(92.0288089969584,-42.0014561818838,20.6503199943266));
#4048=CARTESIAN_POINT('Ctrl Pts',(91.9750507371323,-42.010875112641,20.6019026509541));
#4049=CARTESIAN_POINT('',(91.9762042590566,-42.0146470432253,20.5960539619327));
#4050=CARTESIAN_POINT('Ctrl Pts',(91.9750507371322,-42.0108751126409,20.6019026509541));
#4051=CARTESIAN_POINT('Ctrl Pts',(91.9754346894538,-42.0121322607227,20.599952881044));
#4052=CARTESIAN_POINT('Ctrl Pts',(91.9758191964972,-42.0133895709173,20.5980033176584));
#4053=CARTESIAN_POINT('Ctrl Pts',(91.9762042590566,-42.0146470432253,20.5960539619327));
#4054=CARTESIAN_POINT('',(92.251624648863,-42.1619137457842,20.504320020697));
#4055=CARTESIAN_POINT('Ctrl Pts',(91.9762042590569,-42.0146470432255,20.5960539619327));
#4056=CARTESIAN_POINT('Ctrl Pts',(92.0229706588132,-42.0396331036007,20.5806659153768));
#4057=CARTESIAN_POINT('Ctrl Pts',(92.0701638777602,-42.0648575022317,20.565038276642));
#4058=CARTESIAN_POINT('Ctrl Pts',(92.1616985851512,-42.1138015950305,20.5345442426388));
#4059=CARTESIAN_POINT('Ctrl Pts',(92.2066742210557,-42.1378596569877,20.5194727091959));
#4060=CARTESIAN_POINT('Ctrl Pts',(92.2516246487528,-42.1619137457253,20.5043200207341));
#4061=CARTESIAN_POINT('',(92.6967255213599,-42.0834304528261,20.9));
#4062=CARTESIAN_POINT('Ctrl Pts',(92.251624648863,-42.1619137457842,20.504320020697));
#4063=CARTESIAN_POINT('Ctrl Pts',(92.2755356207286,-42.1576975963093,20.5256491125502));
#4064=CARTESIAN_POINT('Ctrl Pts',(92.2992663730626,-42.1535132244003,20.5468065422024));
#4065=CARTESIAN_POINT('Ctrl Pts',(92.3756289463509,-42.1400484424133,20.6148530663585));
#4066=CARTESIAN_POINT('Ctrl Pts',(92.4276854291367,-42.1308694799773,20.6611854568703));
#4067=CARTESIAN_POINT('Ctrl Pts',(92.4790751939924,-42.121808077901,20.7068687170795));
#4068=CARTESIAN_POINT('Ctrl Pts',(92.5256852536417,-42.1135894668124,20.7483030277696));
#4069=CARTESIAN_POINT('Ctrl Pts',(92.5717468263983,-42.1054675687616,20.7892033207567));
#4070=CARTESIAN_POINT('Ctrl Pts',(92.6439418374664,-42.0927376404377,20.8532342295673));
#4071=CARTESIAN_POINT('Ctrl Pts',(92.6704222125314,-42.0880684358545,20.8767037939046));
#4072=CARTESIAN_POINT('Ctrl Pts',(92.6967255213599,-42.0834304528261,20.9));
#4073=CARTESIAN_POINT('Ctrl Pts',(92.6967255213598,-42.0834304528261,20.9));
#4074=CARTESIAN_POINT('Ctrl Pts',(92.6682360151601,-42.0552589642696,20.9326906511786));
#4075=CARTESIAN_POINT('Ctrl Pts',(92.6397323794335,-42.0270954687019,20.9653758843664));
#4076=CARTESIAN_POINT('Ctrl Pts',(92.5826897010082,-41.9707770250418,21.0307440814782));
#4077=CARTESIAN_POINT('Ctrl Pts',(92.5541506394954,-41.9426220697074,21.0634270557967));
#4078=CARTESIAN_POINT('Ctrl Pts',(92.5255977254806,-41.9144750107066,21.0961046592111));
#4079=CARTESIAN_POINT('Ctrl Pts',(91.4348583040207,-42.1061415611441,6.93778545735497));
#4080=CARTESIAN_POINT('Ctrl Pts',(91.3922199220239,-42.1136248994422,6.98376150896082));
#4081=CARTESIAN_POINT('Ctrl Pts',(91.3495927835897,-42.1211035052248,7.02974882748622));
#4082=CARTESIAN_POINT('Ctrl Pts',(91.1579080763033,-42.1547221398172,7.23664323637486));
#4083=CARTESIAN_POINT('Ctrl Pts',(91.004033332328,-42.1817231661673,7.40301724115931));
#4084=CARTESIAN_POINT('Ctrl Pts',(90.8374556433509,-42.2109663070337,7.58341871246959));
#4085=CARTESIAN_POINT('Ctrl Pts',(90.8300867501376,-42.212259879187,7.59139967417962));
#4086=CARTESIAN_POINT('Ctrl Pts',(90.822718117862,-42.2135533507511,7.59938089476263));
#4087=CARTESIAN_POINT('Ctrl Pts',(91.5024633378256,-42.1608176790427,6.99185697156998));
#4088=CARTESIAN_POINT('Ctrl Pts',(91.4597819574349,-42.1683202520724,7.0377897485493));
#4089=CARTESIAN_POINT('Ctrl Pts',(91.4171080730529,-42.1758196700402,7.08373003709694));
#4090=CARTESIAN_POINT('Ctrl Pts',(91.2252366997677,-42.2095314013739,7.29035448885662));
#4091=CARTESIAN_POINT('Ctrl Pts',(91.0712277364554,-42.2365998418032,7.45651795160657));
#4092=CARTESIAN_POINT('Ctrl Pts',(90.9045103659617,-42.2659106134881,7.63670906461175));
#4093=CARTESIAN_POINT('Ctrl Pts',(90.8971336938687,-42.2672074781138,7.64468226087362));
#4094=CARTESIAN_POINT('Ctrl Pts',(90.8897571957345,-42.2685042756801,7.65265562971766));
#4095=CARTESIAN_POINT('Ctrl Pts',(91.5700683716306,-42.2154937969413,7.04592848578499));
#4096=CARTESIAN_POINT('Ctrl Pts',(91.5273439937314,-42.2230156045443,7.09181798898987));
#4097=CARTESIAN_POINT('Ctrl Pts',(91.4846233633862,-42.2305358346938,7.13771124754598));
#4098=CARTESIAN_POINT('Ctrl Pts',(91.2925653266127,-42.2643406659495,7.34406573335583));
#4099=CARTESIAN_POINT('Ctrl Pts',(91.1384221437926,-42.2914765203842,7.51001865430009));
#4100=CARTESIAN_POINT('Ctrl Pts',(90.971565088573,-42.3208549199425,7.68999941675442));
#4101=CARTESIAN_POINT('Ctrl Pts',(90.9641806376004,-42.3221550770406,7.69796484756814));
#4102=CARTESIAN_POINT('Ctrl Pts',(90.956796273607,-42.323455200609,7.70593036467269));
#4103=CARTESIAN_POINT('Ctrl Pts',(91.6376734054355,-42.27016991484,7.09999999999999));
#4104=CARTESIAN_POINT('Ctrl Pts',(91.5949060291425,-42.2777109571745,7.14584622857835));
#4105=CARTESIAN_POINT('Ctrl Pts',(91.5521386528494,-42.2852519995091,7.1916924571567));
#4106=CARTESIAN_POINT('Ctrl Pts',(91.3598939500771,-42.3191499275062,7.39777698583759));
#4107=CARTESIAN_POINT('Ctrl Pts',(91.2056165479199,-42.3463531960201,7.56351936474734));
#4108=CARTESIAN_POINT('Ctrl Pts',(91.0386198111838,-42.3757992263969,7.74328976889658));
#4109=CARTESIAN_POINT('Ctrl Pts',(91.0312275813316,-42.3771026759675,7.75124743426215));
#4110=CARTESIAN_POINT('Ctrl Pts',(91.0238353514794,-42.378406125538,7.75920509962772));
#4111=CARTESIAN_POINT('',(90.823903150991,-42.2133453324813,7.5980973490459));
#4112=CARTESIAN_POINT('',(91.284508106201,-42.1325184889411,7.10000000000001));
#4113=CARTESIAN_POINT('Ctrl Pts',(90.823903150991,-42.2133453324814,7.59809734904591));
#4114=CARTESIAN_POINT('Ctrl Pts',(90.8308768057227,-42.2121211887405,7.59054399726565));
#4115=CARTESIAN_POINT('Ctrl Pts',(90.8378508028561,-42.2108969357683,7.58299075986336));
#4116=CARTESIAN_POINT('Ctrl Pts',(90.9960515215985,-42.1831243935283,7.41166143839951));
#4117=CARTESIAN_POINT('Ctrl Pts',(91.1424656464526,-42.157431917124,7.25334075939829));
#4118=CARTESIAN_POINT('Ctrl Pts',(91.2845081039422,-42.1325184890828,7.09999999790784));
#4119=CARTESIAN_POINT('',(91.6376734054355,-42.27016991484,7.1));
#4120=CARTESIAN_POINT('Ctrl Pts',(91.284508106201,-42.1325184889411,7.1));
#4121=CARTESIAN_POINT('Ctrl Pts',(91.3435553214156,-42.155656365433,7.1));
#4122=CARTESIAN_POINT('Ctrl Pts',(91.4019212926814,-42.1784621226293,7.1));
#4123=CARTESIAN_POINT('Ctrl Pts',(91.5195326524392,-42.2242987330622,7.1));
#4124=CARTESIAN_POINT('Ctrl Pts',(91.5785805996987,-42.2472516420007,7.1));
#4125=CARTESIAN_POINT('Ctrl Pts',(91.6376734054355,-42.27016991484,7.1));
#4126=CARTESIAN_POINT('',(91.10685761776,-42.3637670599932,7.66984883916254));
#4127=CARTESIAN_POINT('Ctrl Pts',(91.6376734054355,-42.27016991484,7.09999999999999));
#4128=CARTESIAN_POINT('Ctrl Pts',(91.5949060291425,-42.2777109571745,7.14584622857835));
#4129=CARTESIAN_POINT('Ctrl Pts',(91.5521386528494,-42.2852519995091,7.1916924571567));
#4130=CARTESIAN_POINT('Ctrl Pts',(91.378971949718,-42.3157859614315,7.37732554812572));
#4131=CARTESIAN_POINT('Ctrl Pts',(91.244916385945,-42.3394235742388,7.52130465383669));
#4132=CARTESIAN_POINT('Ctrl Pts',(91.1068576111982,-42.3637670611502,7.66984883287438));
#4133=CARTESIAN_POINT('',(90.8250689252193,-42.2154802722206,7.6012490385759));
#4134=CARTESIAN_POINT('Ctrl Pts',(91.1068576669604,-42.3637670513178,7.66984936240409));
#4135=CARTESIAN_POINT('Ctrl Pts',(91.0593683206829,-42.338789922249,7.65819783510746));
#4136=CARTESIAN_POINT('Ctrl Pts',(91.0118727106773,-42.3138027010729,7.64659063686957));
#4137=CARTESIAN_POINT('Ctrl Pts',(90.9643718966987,-42.2888059927826,7.63502789509445));
#4138=CARTESIAN_POINT('Ctrl Pts',(90.9180340731929,-42.2644212936592,7.62374825075278));
#4139=CARTESIAN_POINT('Ctrl Pts',(90.8713617326074,-42.2398540870423,7.6124308829141));
#4140=CARTESIAN_POINT('Ctrl Pts',(90.8250689252193,-42.2154802722206,7.6012490385759));
#4141=CARTESIAN_POINT('Ctrl Pts',(90.8250689252194,-42.2154802722206,7.6012490385759));
#4142=CARTESIAN_POINT('Ctrl Pts',(90.8246801801103,-42.214768587772,7.60019855532863));
#4143=CARTESIAN_POINT('Ctrl Pts',(90.8242915887284,-42.2140569411782,7.59914799208894));
#4144=CARTESIAN_POINT('Ctrl Pts',(90.823903150991,-42.2133453324813,7.59809734904589));
#4145=CARTESIAN_POINT('Ctrl Pts',(90.8250689252193,-42.2154802722206,7.6012490385759));
#4146=CARTESIAN_POINT('Ctrl Pts',(91.2437080960953,-42.1422618075961,12.3489408365548));
#4147=CARTESIAN_POINT('Ctrl Pts',(91.624385514423,-42.0758368225577,16.6463669967824));
#4148=CARTESIAN_POINT('Ctrl Pts',(91.9762042590566,-42.0146470432253,20.5960539619327));
#4149=CARTESIAN_POINT('Ctrl Pts',(90.9163216784413,-42.2653811954723,7.59393596106844));
#4150=CARTESIAN_POINT('Ctrl Pts',(91.3357676621242,-42.1918207282106,12.3415256798045));
#4151=CARTESIAN_POINT('Ctrl Pts',(91.7173112907402,-42.1250100758619,16.6388386588135));
#4152=CARTESIAN_POINT('Ctrl Pts',(92.0700691821418,-42.0633730408496,20.5883966601103));
#4153=CARTESIAN_POINT('Ctrl Pts',(91.0075744316633,-42.315282118724,7.58662288356098));
#4154=CARTESIAN_POINT('Ctrl Pts',(91.4278339031183,-42.2413787747793,12.3341854335651));
#4155=CARTESIAN_POINT('Ctrl Pts',(91.8102369030227,-42.1741837394577,16.6313104518614));
#4156=CARTESIAN_POINT('Ctrl Pts',(92.1639341052269,-42.1120990384739,20.5807393582879));
#4157=CARTESIAN_POINT('Ctrl Pts',(91.0988271848853,-42.3651830419757,7.57930980605352));
#4158=CARTESIAN_POINT('Ctrl Pts',(91.5198934691472,-42.2909376953937,12.3267702768148));
#4159=CARTESIAN_POINT('Ctrl Pts',(91.90316267934,-42.2233569927619,16.6237821138925));
#4160=CARTESIAN_POINT('Ctrl Pts',(92.257799028312,-42.1608250360982,20.5730820564654));
#4161=CARTESIAN_POINT('Ctrl Pts',(91.9762042590566,-42.0146470432253,20.5960539619327));
#4162=CARTESIAN_POINT('Ctrl Pts',(91.624385514423,-42.0758368225577,16.6463669967824));
#4163=CARTESIAN_POINT('Ctrl Pts',(91.2437080960953,-42.1422618075961,12.3489408365548));
#4164=CARTESIAN_POINT('Ctrl Pts',(90.8250689252193,-42.2154802722206,7.6012490385759));
#4165=CARTESIAN_POINT('Ctrl Pts',(91.1068576205271,-42.3637670595053,7.66984883890947));
#4166=CARTESIAN_POINT('Ctrl Pts',(91.5223284275995,-42.2905083465217,12.3539158237));
#4167=CARTESIAN_POINT('Ctrl Pts',(91.9009728004922,-42.2237431274873,16.5990616161256));
#4168=CARTESIAN_POINT('Ctrl Pts',(92.2516246468481,-42.1619137461395,20.5043200208836));
#4169=CARTESIAN_POINT('Origin',(95.4660514837153,-41.4935809060978,21.));
#4170=CARTESIAN_POINT('Ctrl Pts',(92.528182727208,-41.9100637724619,21.1));
#4171=CARTESIAN_POINT('Ctrl Pts',(92.526890255184,-41.9122687705151,21.0980529362285));
#4172=CARTESIAN_POINT('Ctrl Pts',(92.5255977254799,-41.9144750107066,21.0961046592105));
#4173=CARTESIAN_POINT('',(93.1698754338304,-42.0000013573377,20.9));
#4174=CARTESIAN_POINT('',(95.483416301482,-41.592061681399,20.9));
#4175=CARTESIAN_POINT('',(93.1698754338304,-42.0000013573377,20.9));
#4176=CARTESIAN_POINT('Origin',(94.0022360877614,-41.1636049403674,21.));
#4177=CARTESIAN_POINT('',(92.8610487666189,-42.3680466474759,20.9));
#4178=CARTESIAN_POINT('',(93.9256316434495,-41.0993261793988,20.9));
#4179=CARTESIAN_POINT('Ctrl Pts',(92.8610487666189,-42.3680466474759,20.9));
#4180=CARTESIAN_POINT('Ctrl Pts',(92.8712016849823,-42.4068067286283,20.9326920866089));
#4181=CARTESIAN_POINT('Ctrl Pts',(92.8813406152203,-42.4455750505416,20.9653787547511));
#4182=CARTESIAN_POINT('Ctrl Pts',(92.901592478392,-42.5231346805277,21.0307469511635));
#4183=CARTESIAN_POINT('Ctrl Pts',(92.9117054106512,-42.5619260071781,21.063428490854));
#4184=CARTESIAN_POINT('Ctrl Pts',(92.9218045794481,-42.600725381608,21.0961046601381));
#4185=CARTESIAN_POINT('Ctrl Pts',(92.9218045794481,-42.6007253816081,21.0961046601381));
#4186=CARTESIAN_POINT('Ctrl Pts',(92.8136150753235,-42.7300182049047,20.9475844761168));
#4187=CARTESIAN_POINT('Ctrl Pts',(92.7007833690883,-42.8648125102362,20.7921817480771));
#4188=CARTESIAN_POINT('Ctrl Pts',(92.575520969435,-43.0144135228553,20.6191405888323));
#4189=CARTESIAN_POINT('Ctrl Pts',(92.5684426892776,-43.0228674355825,20.6093605250474));
#4190=CARTESIAN_POINT('Ctrl Pts',(92.561365091188,-43.0313208376451,20.5995795176567));
#4191=CARTESIAN_POINT('Ctrl Pts',(92.9054233764801,-42.5185528416487,21.0359879290926));
#4192=CARTESIAN_POINT('Ctrl Pts',(92.7970714785325,-42.6479200072683,20.8878345684443));
#4193=CARTESIAN_POINT('Ctrl Pts',(92.684082843038,-42.7827924286882,20.7327787564091));
#4194=CARTESIAN_POINT('Ctrl Pts',(92.5586568137447,-42.9324820752186,20.5600833070584));
#4195=CARTESIAN_POINT('Ctrl Pts',(92.5515663732492,-42.9409443644323,20.5503194321994));
#4196=CARTESIAN_POINT('Ctrl Pts',(92.5444763874666,-42.9494063132017,20.540554928268));
#4197=CARTESIAN_POINT('Ctrl Pts',(92.8890421735122,-42.4363803016893,20.9758711980471));
#4198=CARTESIAN_POINT('Ctrl Pts',(92.7805278870533,-42.5658217835236,20.8280846909318));
#4199=CARTESIAN_POINT('Ctrl Pts',(92.6673823217664,-42.7007723223606,20.6733757938259));
#4200=CARTESIAN_POINT('Ctrl Pts',(92.5417926580576,-42.8505506275782,20.5010260252789));
#4201=CARTESIAN_POINT('Ctrl Pts',(92.5346900572241,-42.8590212932784,20.4912783393458));
#4202=CARTESIAN_POINT('Ctrl Pts',(92.5275876837453,-42.8674917887584,20.4815303388793));
#4203=CARTESIAN_POINT('Ctrl Pts',(92.8726609705442,-42.35420776173,20.9157544670016));
#4204=CARTESIAN_POINT('Ctrl Pts',(92.7639842902623,-42.4837235858872,20.7683347832594));
#4205=CARTESIAN_POINT('Ctrl Pts',(92.6506817957161,-42.6187522408126,20.6139728021579));
#4206=CARTESIAN_POINT('Ctrl Pts',(92.5249285023673,-42.7686191799415,20.441968743505));
#4207=CARTESIAN_POINT('Ctrl Pts',(92.5178137411957,-42.7770982221282,20.4322372464978));
#4208=CARTESIAN_POINT('Ctrl Pts',(92.510698980024,-42.785577264315,20.4225057494906));
#4209=CARTESIAN_POINT('',(92.5705298084446,-42.7142736595968,20.5043200213185));
#4210=CARTESIAN_POINT('Ctrl Pts',(92.8610487666189,-42.3680466474759,20.9));
#4211=CARTESIAN_POINT('Ctrl Pts',(92.8438805014281,-42.3885069891956,20.876703794108));
#4212=CARTESIAN_POINT('Ctrl Pts',(92.8265966644626,-42.4091050639931,20.853234229981));
#4213=CARTESIAN_POINT('Ctrl Pts',(92.7794747182737,-42.4652628126538,20.7892033213525));
#4214=CARTESIAN_POINT('Ctrl Pts',(92.7494101621664,-42.5010923554044,20.7483030283408));
#4215=CARTESIAN_POINT('Ctrl Pts',(92.7189876066693,-42.5373485452139,20.7068687176376));
#4216=CARTESIAN_POINT('Ctrl Pts',(92.6854453205735,-42.5773226851725,20.6611854579284));
#4217=CARTESIAN_POINT('Ctrl Pts',(92.6514678652695,-42.6178154395983,20.6148530679453));
#4218=CARTESIAN_POINT('Ctrl Pts',(92.6016257359082,-42.6772149763272,20.5468065438442));
#4219=CARTESIAN_POINT('Ctrl Pts',(92.5861365871491,-42.695674225007,20.5256491136818));
#4220=CARTESIAN_POINT('Ctrl Pts',(92.5705298084446,-42.7142736595968,20.5043200213185));
#4221=CARTESIAN_POINT('Ctrl Pts',(92.5705298084406,-42.7142736597217,20.5043200213556));
#4222=CARTESIAN_POINT('Ctrl Pts',(92.5688196790437,-42.7672862802108,20.5200845133867));
#4223=CARTESIAN_POINT('Ctrl Pts',(92.567099631564,-42.8203246807449,20.5357611647784));
#4224=CARTESIAN_POINT('Ctrl Pts',(92.5637181095503,-42.924057159197,20.5662377138752));
#4225=CARTESIAN_POINT('Ctrl Pts',(92.5620340022787,-42.9754680179246,20.5812565010488));
#4226=CARTESIAN_POINT('Ctrl Pts',(92.5603563244695,-43.0264280614386,20.5960539633616));
#4227=CARTESIAN_POINT('Ctrl Pts',(92.5603563244695,-43.0264280614388,20.5960539633617));
#4228=CARTESIAN_POINT('Ctrl Pts',(92.3314550502843,-43.3005171400657,16.646366992247));
#4229=CARTESIAN_POINT('Ctrl Pts',(92.0835906182455,-43.596980960279,12.3489408313461));
#4230=CARTESIAN_POINT('Ctrl Pts',(91.8108619841897,-43.9229238826274,7.60124903781172));
#4231=CARTESIAN_POINT('Ctrl Pts',(92.5650908324695,-42.9207756559322,20.5883966618021));
#4232=CARTESIAN_POINT('Ctrl Pts',(92.3353326502468,-43.1954544316319,16.6388386545191));
#4233=CARTESIAN_POINT('Ctrl Pts',(92.0867011154892,-43.4924755782572,12.3415256748181));
#4234=CARTESIAN_POINT('Ctrl Pts',(91.8132728921601,-43.8189462196268,7.59393596051031));
#4235=CARTESIAN_POINT('Ctrl Pts',(92.5698253404695,-42.8151232504255,20.5807393602424));
#4236=CARTESIAN_POINT('Ctrl Pts',(92.3392098128691,-43.0903916601107,16.6313104478079));
#4237=CARTESIAN_POINT('Ctrl Pts',(92.0898157071601,-43.3879648525702,12.3341854287813));
#4238=CARTESIAN_POINT('Ctrl Pts',(91.8156838001304,-43.7149685566262,7.58662288320891));
#4239=CARTESIAN_POINT('Ctrl Pts',(92.5745598484695,-42.7094708449189,20.5730820586828));
#4240=CARTESIAN_POINT('Ctrl Pts',(92.3430874128315,-42.985328951677,16.6237821100801));
#4241=CARTESIAN_POINT('Ctrl Pts',(92.0929262044039,-43.2834594705484,12.3267702722533));
#4242=CARTESIAN_POINT('Ctrl Pts',(91.8180947081008,-43.6109908936256,7.5793098059075));
#4243=CARTESIAN_POINT('',(91.8233362008597,-43.6047443257996,7.6698488388138));
#4244=CARTESIAN_POINT('Ctrl Pts',(92.5705298071295,-42.7142736611641,20.5043200215051));
#4245=CARTESIAN_POINT('Ctrl Pts',(92.3416580708721,-42.9870323750921,16.5990616112286));
#4246=CARTESIAN_POINT('Ctrl Pts',(92.0945155106088,-43.281565409169,12.3539158185053));
#4247=CARTESIAN_POINT('Ctrl Pts',(91.8233362026658,-43.6047443236472,7.66984883856072));
#4248=CARTESIAN_POINT('Ctrl Pts',(91.823336232973,-43.6047442875285,7.66984936205476));
#4249=CARTESIAN_POINT('Ctrl Pts',(91.8212696020652,-43.6571623158897,7.6584580743329));
#4250=CARTESIAN_POINT('Ctrl Pts',(91.8192083318897,-43.7095903414273,7.64710915741261));
#4251=CARTESIAN_POINT('Ctrl Pts',(91.8171524281622,-43.7620272294819,7.63580273659828));
#4252=CARTESIAN_POINT('Ctrl Pts',(91.815053699538,-43.8155563886767,7.62426080071786));
#4253=CARTESIAN_POINT('Ctrl Pts',(91.8129462411548,-43.869461248498,7.6126843416293));
#4254=CARTESIAN_POINT('Ctrl Pts',(91.8108619841897,-43.9229238826274,7.60124903781174));
#4255=CARTESIAN_POINT('Ctrl Pts',(91.8113553433566,-43.9259232015006,7.59938089449507));
#4256=CARTESIAN_POINT('Ctrl Pts',(91.8161598380923,-43.9201885153018,7.59139967492296));
#4257=CARTESIAN_POINT('Ctrl Pts',(91.8209645504095,-43.9144536534189,7.5834187142237));
#4258=CARTESIAN_POINT('Ctrl Pts',(91.9295786964713,-43.7848147150965,7.40301724404638));
#4259=CARTESIAN_POINT('Ctrl Pts',(92.0298996425195,-43.6650557918553,7.23664323938078));
#4260=CARTESIAN_POINT('Ctrl Pts',(92.154856586836,-43.5158612842929,7.02974883066258));
#4261=CARTESIAN_POINT('Ctrl Pts',(92.1826468183374,-43.4826844027907,6.983761512338));
#4262=CARTESIAN_POINT('Ctrl Pts',(92.2104467700956,-43.449500150337,6.93778546092986));
#4263=CARTESIAN_POINT('Ctrl Pts',(91.7972859846848,-43.8403901950001,7.65265562837361));
#4264=CARTESIAN_POINT('Ctrl Pts',(91.8020972927503,-43.83465035977,7.64468226053848));
#4265=CARTESIAN_POINT('Ctrl Pts',(91.8069087458702,-43.8289104074171,7.63670906528541));
#4266=CARTESIAN_POINT('Ctrl Pts',(91.9156513026805,-43.6991843167658,7.45651795338166));
#4267=CARTESIAN_POINT('Ctrl Pts',(92.0160977406871,-43.5793428632107,7.29035449071958));
#4268=CARTESIAN_POINT('Ctrl Pts',(92.1412286421238,-43.4300332465262,7.08373003909152));
#4269=CARTESIAN_POINT('Ctrl Pts',(92.1690602704745,-43.3968262879404,7.03778975073926));
#4270=CARTESIAN_POINT('Ctrl Pts',(92.1968983791912,-43.3636144151528,6.99185697395324));
#4271=CARTESIAN_POINT('Ctrl Pts',(91.783216626013,-43.7548571884996,7.70593036225215));
#4272=CARTESIAN_POINT('Ctrl Pts',(91.7880347474086,-43.7491122042379,7.6979648461545));
#4273=CARTESIAN_POINT('Ctrl Pts',(91.7928529413312,-43.7433671614149,7.68999941634764));
#4274=CARTESIAN_POINT('Ctrl Pts',(91.9017239079442,-43.6135539141828,7.51001865496321));
#4275=CARTESIAN_POINT('Ctrl Pts',(92.0022958379306,-43.493629930129,7.34406573407585));
#4276=CARTESIAN_POINT('Ctrl Pts',(92.1276006979868,-43.3442052080867,7.1377112483588));
#4277=CARTESIAN_POINT('Ctrl Pts',(92.1554737231914,-43.3109681724023,7.09181798999261));
#4278=CARTESIAN_POINT('Ctrl Pts',(92.1833499882868,-43.2777286799685,7.04592848697662));
#4279=CARTESIAN_POINT('Ctrl Pts',(91.7691472673412,-43.6693241819992,7.75920509613068));
#4280=CARTESIAN_POINT('Ctrl Pts',(91.7739722020666,-43.6635740487062,7.75124743177001));
#4281=CARTESIAN_POINT('Ctrl Pts',(91.7787971367919,-43.6578239154132,7.74328976740935));
#4282=CARTESIAN_POINT('Ctrl Pts',(91.8877965141534,-43.5279235158521,7.56351936429849));
#4283=CARTESIAN_POINT('Ctrl Pts',(91.9884939360982,-43.4079170014844,7.39777698541466));
#4284=CARTESIAN_POINT('Ctrl Pts',(92.1139727532746,-43.2583771703199,7.19169245678775));
#4285=CARTESIAN_POINT('Ctrl Pts',(92.1418871753285,-43.225110057552,7.14584622839387));
#4286=CARTESIAN_POINT('Ctrl Pts',(92.1698015973824,-43.1918429447842,7.1));
#4287=CARTESIAN_POINT('',(92.1698015973824,-43.1918429447842,7.1));
#4288=CARTESIAN_POINT('Ctrl Pts',(91.8233361965768,-43.6047443309037,7.66984883252565));
#4289=CARTESIAN_POINT('Ctrl Pts',(91.9134476614333,-43.4973536689272,7.52130465347083));
#4290=CARTESIAN_POINT('Ctrl Pts',(92.0009462158883,-43.3930769523086,7.37732554772488));
#4291=CARTESIAN_POINT('Ctrl Pts',(92.1139727532746,-43.2583771703199,7.19169245678775));
#4292=CARTESIAN_POINT('Ctrl Pts',(92.1418871753285,-43.225110057552,7.14584622839387));
#4293=CARTESIAN_POINT('Ctrl Pts',(92.1698015973823,-43.1918429447842,7.1));
#4294=CARTESIAN_POINT('',(92.1124285844562,-43.5665187738058,7.1));
#4295=CARTESIAN_POINT('Ctrl Pts',(92.1698015973824,-43.1918429447842,7.1));
#4296=CARTESIAN_POINT('Ctrl Pts',(92.1601399072107,-43.2542396109398,7.1));
#4297=CARTESIAN_POINT('Ctrl Pts',(92.1505302271303,-43.3166150177279,7.1));
#4298=CARTESIAN_POINT('Ctrl Pts',(92.1314198567777,-43.4413845290705,7.1));
#4299=CARTESIAN_POINT('Ctrl Pts',(92.1219507916852,-43.5035715720875,7.1));
#4300=CARTESIAN_POINT('Ctrl Pts',(92.1124285844562,-43.5665187738058,7.1));
#4301=CARTESIAN_POINT('Ctrl Pts',(92.1124285832041,-43.5665187756911,7.09999999790784));
#4302=CARTESIAN_POINT('Ctrl Pts',(92.0198316929107,-43.6770744381888,7.25334076034568));
#4303=CARTESIAN_POINT('Ctrl Pts',(91.9243742932861,-43.7910265514731,7.41166144022194));
#4304=CARTESIAN_POINT('Ctrl Pts',(91.821222207385,-43.9141461209476,7.58299076170669));
#4305=CARTESIAN_POINT('Ctrl Pts',(91.8166749752245,-43.9195736524498,7.59054399818734));
#4306=CARTESIAN_POINT('Ctrl Pts',(91.8121280088617,-43.9250009420392,7.59809734904588));
#4307=CARTESIAN_POINT('Origin',(97.5000013515819,-39.5000018761493,7.34904867452294));
#4308=CARTESIAN_POINT('Origin',(97.5000013515819,-39.5000018761493,7.1));
#4309=CARTESIAN_POINT('Origin',(91.6612746957354,-43.7978817067527,4.1));
#4310=CARTESIAN_POINT('',(93.1698754338304,-42.0000013573377,7.1));
#4311=CARTESIAN_POINT('',(93.1698754338304,-42.0000013573377,4.1));
#4312=CARTESIAN_POINT('',(93.9256316434495,-41.0993261793988,7.1));
#4313=CARTESIAN_POINT('Origin',(93.1698754338304,-42.0000013573377,4.1));
#4314=CARTESIAN_POINT('',(95.483416301482,-41.592061681399,7.1));
#4315=CARTESIAN_POINT('Origin',(97.5000013515819,-39.5000018761493,7.1));
#4316=CARTESIAN_POINT('',(90.8009680216856,-40.3279224308757,7.09999999999999));
#4317=CARTESIAN_POINT('Origin',(97.5000013515819,-39.5000018761493,7.1));
#4318=CARTESIAN_POINT('',(91.0379924228821,-40.032130151222,7.1));
#4319=CARTESIAN_POINT('Ctrl Pts',(91.0379924228821,-40.032130151222,7.1));
#4320=CARTESIAN_POINT('Ctrl Pts',(90.998412150833,-40.0813546484661,7.1));
#4321=CARTESIAN_POINT('Ctrl Pts',(90.9588875984286,-40.1305867370154,7.1));
#4322=CARTESIAN_POINT('Ctrl Pts',(90.8799526505409,-40.2290854065289,7.1));
#4323=CARTESIAN_POINT('Ctrl Pts',(90.8406732809064,-40.2781882157513,7.1));
#4324=CARTESIAN_POINT('Ctrl Pts',(90.8009680216856,-40.3279224308757,7.1));
#4325=CARTESIAN_POINT('',(92.5000025646295,-39.5000019774307,7.1));
#4326=CARTESIAN_POINT('',(93.604844230197,-39.097872497587,7.1));
#4327=CARTESIAN_POINT('',(91.0379924055584,-38.967873797334,7.09999999999999));
#4328=CARTESIAN_POINT('',(94.7075575666786,-40.303486288682,7.1));
#4329=CARTESIAN_POINT('',(90.8009679976356,-38.6720815160211,7.09999999999999));
#4330=CARTESIAN_POINT('Ctrl Pts',(90.8009679976356,-38.6720815160211,7.1));
#4331=CARTESIAN_POINT('Ctrl Pts',(90.8405354477851,-38.7216431124562,7.1));
#4332=CARTESIAN_POINT('Ctrl Pts',(90.8796789830153,-38.7705764631682,7.1));
#4333=CARTESIAN_POINT('Ctrl Pts',(90.9586151031359,-38.8690778121217,7.1));
#4334=CARTESIAN_POINT('Ctrl Pts',(90.9982756710421,-38.9184795879923,7.1));
#4335=CARTESIAN_POINT('Ctrl Pts',(91.0379924055583,-38.9678737973339,7.1));
#4336=CARTESIAN_POINT('',(91.2845080297299,-36.8674854439095,7.1));
#4337=CARTESIAN_POINT('Origin',(97.5000013515819,-39.5000018761493,7.1));
#4338=CARTESIAN_POINT('',(91.6376733223097,-36.7298340160844,7.1));
#4339=CARTESIAN_POINT('Ctrl Pts',(91.6376733223097,-36.7298340160844,7.1));
#4340=CARTESIAN_POINT('Ctrl Pts',(91.5787705649425,-36.752678582235,7.1));
#4341=CARTESIAN_POINT('Ctrl Pts',(91.5199122920527,-36.7755575953767,7.1));
#4342=CARTESIAN_POINT('Ctrl Pts',(91.4023031365341,-36.8213925825,7.1));
#4343=CARTESIAN_POINT('Ctrl Pts',(91.3437477449836,-36.8442721348012,7.1));
#4344=CARTESIAN_POINT('Ctrl Pts',(91.2845080297299,-36.8674854439095,7.1));
#4345=CARTESIAN_POINT('',(93.1698753325491,-37.0000025703854,7.1));
#4346=CARTESIAN_POINT('',(94.3277610220118,-37.2041690580138,7.1));
#4347=CARTESIAN_POINT('',(92.1698014842509,-35.8081609688164,7.09999999999999));
#4348=CARTESIAN_POINT('',(94.6799318889494,-38.7996178964958,7.1));
#4349=CARTESIAN_POINT('',(92.1124284663292,-35.4334851349948,7.1));
#4350=CARTESIAN_POINT('Ctrl Pts',(92.1124284663292,-35.4334851349948,7.1));
#4351=CARTESIAN_POINT('Ctrl Pts',(92.1219140851032,-35.4961904616285,7.1));
#4352=CARTESIAN_POINT('Ctrl Pts',(92.1313467056502,-35.5581397540508,7.1));
#4353=CARTESIAN_POINT('Ctrl Pts',(92.1504567164766,-35.6829124846283,7.1));
#4354=CARTESIAN_POINT('Ctrl Pts',(92.1601028878784,-35.7455259614881,7.1));
#4355=CARTESIAN_POINT('Ctrl Pts',(92.1698014842509,-35.8081609688164,7.1));
#4356=CARTESIAN_POINT('',(93.4334844539254,-34.1124291090236,7.10000000000001));
#4357=CARTESIAN_POINT('Origin',(97.5000013515819,-39.5000018761493,7.1));
#4358=CARTESIAN_POINT('',(93.8081602829471,-34.1698021219498,7.09999999999999));
#4359=CARTESIAN_POINT('Ctrl Pts',(93.8081602829471,-34.1698021219498,7.1));
#4360=CARTESIAN_POINT('Ctrl Pts',(93.7457170968566,-34.1601332284895,7.1));
#4361=CARTESIAN_POINT('Ctrl Pts',(93.6832952228665,-34.1505164259568,7.1));
#4362=CARTESIAN_POINT('Ctrl Pts',(93.558525082961,-34.1314061259851,7.1));
#4363=CARTESIAN_POINT('Ctrl Pts',(93.4963844452727,-34.1219441746017,7.1));
#4364=CARTESIAN_POINT('Ctrl Pts',(93.4334844539254,-34.1124291090237,7.1));
#4365=CARTESIAN_POINT('',(95.0000018703935,-35.1698759583979,7.1));
#4366=CARTESIAN_POINT('',(95.9006770483324,-35.925632168017,7.1));
#4367=CARTESIAN_POINT('',(94.7298333128913,-33.6376739300029,7.09999999999999));
#4368=CARTESIAN_POINT('',(95.4079415463322,-37.4834168260495,7.1));
#4369=CARTESIAN_POINT('',(94.8674847387901,-33.2845086307684,7.1));
#4370=CARTESIAN_POINT('Ctrl Pts',(94.8674847387901,-33.2845086307684,7.1));
#4371=CARTESIAN_POINT('Ctrl Pts',(94.8443468622972,-33.3435558459856,7.1));
#4372=CARTESIAN_POINT('Ctrl Pts',(94.8215411050979,-33.401921817259,7.1));
#4373=CARTESIAN_POINT('Ctrl Pts',(94.7757044946699,-33.5195331770044,7.1));
#4374=CARTESIAN_POINT('Ctrl Pts',(94.7527515857328,-33.5785811242601,7.1));
#4375=CARTESIAN_POINT('Ctrl Pts',(94.7298333128913,-33.6376739300029,7.1));
#4376=CARTESIAN_POINT('',(96.6720807968555,-32.800968546253,7.1));
#4377=CARTESIAN_POINT('Origin',(97.5000013515819,-39.5000018761493,7.1));
#4378=CARTESIAN_POINT('',(96.9678730765092,-33.0379929474495,7.1));
#4379=CARTESIAN_POINT('Ctrl Pts',(96.9678730765092,-33.0379929474495,7.1));
#4380=CARTESIAN_POINT('Ctrl Pts',(96.9186485792625,-32.9984126753984,7.1));
#4381=CARTESIAN_POINT('Ctrl Pts',(96.8694164907151,-32.9588881229955,7.1));
#4382=CARTESIAN_POINT('Ctrl Pts',(96.7709178212078,-32.8799531751128,7.1));
#4383=CARTESIAN_POINT('Ctrl Pts',(96.7218150119818,-32.8406738054753,7.1));
#4384=CARTESIAN_POINT('Ctrl Pts',(96.6720807968555,-32.800968546253,7.1));
#4385=CARTESIAN_POINT('',(97.5000012503006,-34.500003089197,7.1));
#4386=CARTESIAN_POINT('',(97.9021307301442,-35.6048447547644,7.1));
#4387=CARTESIAN_POINT('',(98.0321294303973,-33.0379929301258,7.1));
#4388=CARTESIAN_POINT('',(96.6965169390492,-36.7075580912461,7.1));
#4389=CARTESIAN_POINT('',(98.3279217117101,-32.800968522203,7.1));
#4390=CARTESIAN_POINT('Ctrl Pts',(98.3279217117101,-32.800968522203,7.1));
#4391=CARTESIAN_POINT('Ctrl Pts',(98.2783601152717,-32.8405359723552,7.1));
#4392=CARTESIAN_POINT('Ctrl Pts',(98.2294267645534,-32.8796795075904,7.1));
#4393=CARTESIAN_POINT('Ctrl Pts',(98.1309254156111,-32.958615627702,7.1));
#4394=CARTESIAN_POINT('Ctrl Pts',(98.0815236397443,-32.9982761956053,7.1));
#4395=CARTESIAN_POINT('Ctrl Pts',(98.0321294303973,-33.0379929301258,7.1));
#4396=CARTESIAN_POINT('',(100.132517783822,-33.2845085542973,7.1));
#4397=CARTESIAN_POINT('Origin',(97.5000013515819,-39.5000018761493,7.1));
#4398=CARTESIAN_POINT('',(100.270169211647,-33.6376738468771,7.1));
#4399=CARTESIAN_POINT('Ctrl Pts',(100.270169211647,-33.6376738468771,7.1));
#4400=CARTESIAN_POINT('Ctrl Pts',(100.247324645498,-33.5787710895157,7.1));
#4401=CARTESIAN_POINT('Ctrl Pts',(100.224445632355,-33.5199128166221,7.1));
#4402=CARTESIAN_POINT('Ctrl Pts',(100.178610645227,-33.4023036610913,7.1));
#4403=CARTESIAN_POINT('Ctrl Pts',(100.155731092928,-33.3437482695459,7.1));
#4404=CARTESIAN_POINT('Ctrl Pts',(100.132517783822,-33.2845085542973,7.1));
#4405=CARTESIAN_POINT('',(100.000000657346,-35.1698758571166,7.1));
#4406=CARTESIAN_POINT('',(99.7958341697173,-36.3277615465793,7.1));
#4407=CARTESIAN_POINT('',(101.191842258915,-34.1698020088183,7.10000000000001));
#4408=CARTESIAN_POINT('',(98.2003853312354,-36.6799324135168,7.1));
#4409=CARTESIAN_POINT('',(101.566518092736,-34.1124289908966,7.09999999999999));
#4410=CARTESIAN_POINT('Ctrl Pts',(101.566518092736,-34.1124289908966,7.1));
#4411=CARTESIAN_POINT('Ctrl Pts',(101.503812766097,-34.1219146096715,7.1));
#4412=CARTESIAN_POINT('Ctrl Pts',(101.441863473672,-34.1313472302189,7.1));
#4413=CARTESIAN_POINT('Ctrl Pts',(101.317090743112,-34.1504572410427,7.1));
#4414=CARTESIAN_POINT('Ctrl Pts',(101.254477266264,-34.1601034124426,7.1));
#4415=CARTESIAN_POINT('Ctrl Pts',(101.191842258915,-34.1698020088183,7.1));
#4416=CARTESIAN_POINT('',(102.887574118708,-35.4334849784929,7.1));
#4417=CARTESIAN_POINT('Origin',(97.5000013515819,-39.5000018761493,7.1));
#4418=CARTESIAN_POINT('',(102.830201105781,-35.8081608075145,7.1));
#4419=CARTESIAN_POINT('Ctrl Pts',(102.830201105781,-35.8081608075145,7.1));
#4420=CARTESIAN_POINT('Ctrl Pts',(102.839870340412,-35.7457154180943,7.1));
#4421=CARTESIAN_POINT('Ctrl Pts',(102.849487480285,-35.6832913432702,7.1));
#4422=CARTESIAN_POINT('Ctrl Pts',(102.868597776924,-35.5585211735893,7.1));
#4423=CARTESIAN_POINT('Ctrl Pts',(102.878059391381,-35.4963827338061,7.1));
#4424=CARTESIAN_POINT('Ctrl Pts',(102.887574118708,-35.4334849784929,7.1));
#4425=CARTESIAN_POINT('',(101.830127269333,-37.000002394961,7.1));
#4426=CARTESIAN_POINT('',(101.074371059714,-37.9006775728999,7.1));
#4427=CARTESIAN_POINT('',(103.362329297728,-36.7298338374587,7.09999999999984));
#4428=CARTESIAN_POINT('',(99.5165864016817,-37.4079420708996,7.1));
#4429=CARTESIAN_POINT('',(103.715494596963,-36.8674852633575,7.10000000000001));
#4430=CARTESIAN_POINT('Ctrl Pts',(103.715494596963,-36.8674852633575,7.1));
#4431=CARTESIAN_POINT('Ctrl Pts',(103.656447381754,-36.8443473868678,7.1));
#4432=CARTESIAN_POINT('Ctrl Pts',(103.598081410494,-36.821541629674,7.1));
#4433=CARTESIAN_POINT('Ctrl Pts',(103.480470050718,-36.7757050192339,7.1));
#4434=CARTESIAN_POINT('Ctrl Pts',(103.421422103451,-36.7527521102923,7.1));
#4435=CARTESIAN_POINT('Ctrl Pts',(103.362329297728,-36.7298338374587,7.1));
#4436=CARTESIAN_POINT('',(104.199034681478,-38.672081321423,7.1));
#4437=CARTESIAN_POINT('Origin',(97.5000013515819,-39.5000018761493,7.1));
#4438=CARTESIAN_POINT('',(103.962010280282,-38.9678736010766,7.1));
#4439=CARTESIAN_POINT('Ctrl Pts',(103.962010280282,-38.9678736010766,7.1));
#4440=CARTESIAN_POINT('Ctrl Pts',(104.001602970414,-38.9186336599289,7.1));
#4441=CARTESIAN_POINT('Ctrl Pts',(104.041139900303,-38.8693861297133,7.1));
#4442=CARTESIAN_POINT('Ctrl Pts',(104.120074954809,-38.7708872162586,7.1));
#4443=CARTESIAN_POINT('Ctrl Pts',(104.159341963173,-38.7217998279832,7.1));
#4444=CARTESIAN_POINT('Ctrl Pts',(104.199034681478,-38.672081321423,7.1));
#4445=CARTESIAN_POINT('',(102.500000138534,-39.500001774868,7.1));
#4446=CARTESIAN_POINT('',(101.395158472967,-39.9021312547116,7.1));
#4447=CARTESIAN_POINT('',(103.962010297605,-40.0321299549647,7.10000000000001));
#4448=CARTESIAN_POINT('',(100.292445136485,-38.6965174636167,7.1));
#4449=CARTESIAN_POINT('',(104.199034705528,-40.3279222362775,7.1));
#4450=CARTESIAN_POINT('Ctrl Pts',(104.199034705528,-40.3279222362775,7.1));
#4451=CARTESIAN_POINT('Ctrl Pts',(104.159467255371,-40.2783606398332,7.1));
#4452=CARTESIAN_POINT('Ctrl Pts',(104.120323720134,-40.2294272891121,7.1));
#4453=CARTESIAN_POINT('Ctrl Pts',(104.041387600036,-40.1309259401876,7.1));
#4454=CARTESIAN_POINT('Ctrl Pts',(104.001727032141,-40.0815241643301,7.1));
#4455=CARTESIAN_POINT('Ctrl Pts',(103.962010297605,-40.0321299549647,7.1));
#4456=CARTESIAN_POINT('',(103.715494673434,-42.1325183083892,7.10000000000001));
#4457=CARTESIAN_POINT('Origin',(97.5000013515819,-39.5000018761493,7.1));
#4458=CARTESIAN_POINT('',(103.362329380854,-42.2701697362143,7.09999999999999));
#4459=CARTESIAN_POINT('Ctrl Pts',(103.362329380854,-42.2701697362143,7.1));
#4460=CARTESIAN_POINT('Ctrl Pts',(103.42123213822,-42.247325170064,7.1));
#4461=CARTESIAN_POINT('Ctrl Pts',(103.480090411111,-42.2244461569221,7.1));
#4462=CARTESIAN_POINT('Ctrl Pts',(103.597699566629,-42.1786111697991,7.1));
#4463=CARTESIAN_POINT('Ctrl Pts',(103.656254958179,-42.1557316174978,7.1));
#4464=CARTESIAN_POINT('Ctrl Pts',(103.715494673434,-42.1325183083892,7.1));
#4465=CARTESIAN_POINT('',(101.830127370615,-42.0000011819133,7.1));
#4466=CARTESIAN_POINT('',(100.672241681152,-41.7958346942848,7.1));
#4467=CARTESIAN_POINT('',(102.830201218913,-43.1918427834822,7.1));
#4468=CARTESIAN_POINT('',(100.320070814214,-40.2003858558028,7.1));
#4469=CARTESIAN_POINT('',(102.887574236835,-43.5665186173039,7.10000000000001));
#4470=CARTESIAN_POINT('Ctrl Pts',(102.887574236835,-43.5665186173039,7.1));
#4471=CARTESIAN_POINT('Ctrl Pts',(102.87808861806,-43.5038132906686,7.1));
#4472=CARTESIAN_POINT('Ctrl Pts',(102.868655997514,-43.4418639982498,7.1));
#4473=CARTESIAN_POINT('Ctrl Pts',(102.849545986689,-43.3170912676833,7.1));
#4474=CARTESIAN_POINT('Ctrl Pts',(102.83989981529,-43.2544777908398,7.1));
#4475=CARTESIAN_POINT('Ctrl Pts',(102.830201218913,-43.1918427834822,7.1));
#4476=CARTESIAN_POINT('',(101.566518249238,-44.887574643275,7.09999999999999));
#4477=CARTESIAN_POINT('Origin',(97.5000013515819,-39.5000018761493,7.1));
#4478=CARTESIAN_POINT('',(101.191842420217,-44.8302016303488,7.1));
#4479=CARTESIAN_POINT('Ctrl Pts',(101.191842420217,-44.8302016303488,7.1));
#4480=CARTESIAN_POINT('Ctrl Pts',(101.254287809638,-44.8398708649797,7.1));
#4481=CARTESIAN_POINT('Ctrl Pts',(101.316711884461,-44.8494880048528,7.1));
#4482=CARTESIAN_POINT('Ctrl Pts',(101.441482054124,-44.8685983014885,7.1));
#4483=CARTESIAN_POINT('Ctrl Pts',(101.503620493917,-44.8780599159471,7.1));
#4484=CARTESIAN_POINT('Ctrl Pts',(101.566518249238,-44.887574643275,7.1));
#4485=CARTESIAN_POINT('',(100.00000083277,-43.8301277939008,7.1));
#4486=CARTESIAN_POINT('',(99.0993256548313,-43.0743715842817,7.1));
#4487=CARTESIAN_POINT('',(100.270169390273,-45.3623298222957,7.1));
#4488=CARTESIAN_POINT('',(99.5920611568316,-41.5165869262492,7.1));
#4489=CARTESIAN_POINT('',(100.132517964374,-45.7154951215302,7.1));
#4490=CARTESIAN_POINT('Ctrl Pts',(100.132517964374,-45.7154951215302,7.1));
#4491=CARTESIAN_POINT('Ctrl Pts',(100.155655840866,-45.656447906314,7.1));
#4492=CARTESIAN_POINT('Ctrl Pts',(100.178461598065,-45.5980819350419,7.1));
#4493=CARTESIAN_POINT('Ctrl Pts',(100.224298208495,-45.480470575292,7.1));
#4494=CARTESIAN_POINT('Ctrl Pts',(100.247251117433,-45.4214226280331,7.1));
#4495=CARTESIAN_POINT('Ctrl Pts',(100.270169390273,-45.3623298222957,7.1));
#4496=CARTESIAN_POINT('',(98.3279219063082,-46.1990352060456,7.1));
#4497=CARTESIAN_POINT('Origin',(97.5000013515819,-39.5000018761493,7.1));
#4498=CARTESIAN_POINT('',(98.0321296266546,-45.9620108048491,7.1));
#4499=CARTESIAN_POINT('Ctrl Pts',(98.0321296266546,-45.9620108048491,7.1));
#4500=CARTESIAN_POINT('Ctrl Pts',(98.0813695678076,-46.0016034949857,7.1));
#4501=CARTESIAN_POINT('Ctrl Pts',(98.1306170980257,-46.0411404248767,7.1));
#4502=CARTESIAN_POINT('Ctrl Pts',(98.2291160114768,-46.1200754793795,7.1));
#4503=CARTESIAN_POINT('Ctrl Pts',(98.2782033997498,-46.1593424877423,7.1));
#4504=CARTESIAN_POINT('Ctrl Pts',(98.3279219063082,-46.1990352060456,7.1));
#4505=CARTESIAN_POINT('',(97.5000014528632,-44.5000006631017,7.1));
#4506=CARTESIAN_POINT('',(97.0978719730196,-43.3951589975343,7.1));
#4507=CARTESIAN_POINT('',(96.9678732727665,-45.9620108221729,7.1));
#4508=CARTESIAN_POINT('',(98.3034857641146,-42.2924456610526,7.1));
#4509=CARTESIAN_POINT('Ctrl Pts',(96.6720809914537,-46.1990352300956,7.1));
#4510=CARTESIAN_POINT('Ctrl Pts',(96.7216895557445,-46.1594302832062,7.1));
#4511=CARTESIAN_POINT('Ctrl Pts',(96.770669014485,-46.1202497886946,7.1));
#4512=CARTESIAN_POINT('Ctrl Pts',(96.869169634962,-46.0413139865314,7.1));
#4513=CARTESIAN_POINT('Ctrl Pts',(96.9185252405245,-46.0016904267576,7.1));
#4514=CARTESIAN_POINT('Ctrl Pts',(96.9678732727665,-45.9620108221729,7.1));
#4515=CARTESIAN_POINT('Origin',(97.5000013515819,-39.5000018761493,7.34904867452294));
#4516=CARTESIAN_POINT('',(90.361659010333,-40.4882268075723,7.59809734904586));
#4517=CARTESIAN_POINT('Origin',(97.5000013515819,-39.5000018761493,7.59809734904587));
#4518=CARTESIAN_POINT('Ctrl Pts',(90.8009680196586,-40.3279224318823,7.09999999790783));
#4519=CARTESIAN_POINT('Ctrl Pts',(90.6654989290999,-40.3773679989924,7.25334076035056));
#4520=CARTESIAN_POINT('Ctrl Pts',(90.5258543394163,-40.4283247240947,7.41166144021249));
#4521=CARTESIAN_POINT('Ctrl Pts',(90.3749622278271,-40.4833733560151,7.58299076170668));
#4522=CARTESIAN_POINT('Ctrl Pts',(90.3683104435081,-40.4858001200955,7.59054399818733));
#4523=CARTESIAN_POINT('Ctrl Pts',(90.361659010333,-40.4882268075723,7.59809734904587));
#4524=CARTESIAN_POINT('Origin',(97.5000013515819,-39.5000018761493,7.1));
#4525=CARTESIAN_POINT('',(91.4598171656893,-40.0879973713109,20.6019026509541));
#4526=CARTESIAN_POINT('Origin',(97.5000013515819,-39.5000018761493,20.6019026509541));
#4527=CARTESIAN_POINT('',(91.4589301797803,-40.0841540236245,20.5960539633617));
#4528=CARTESIAN_POINT('Ctrl Pts',(91.4589301797803,-40.0841540236245,20.5960539633617));
#4529=CARTESIAN_POINT('Ctrl Pts',(91.4592254419464,-40.0854355575451,20.5980033186197));
#4530=CARTESIAN_POINT('Ctrl Pts',(91.4595211041452,-40.0867166733082,20.5999528815291));
#4531=CARTESIAN_POINT('Ctrl Pts',(91.4598171656893,-40.0879973713109,20.6019026509541));
#4532=CARTESIAN_POINT('',(90.3616011305111,-40.4857950090205,7.60124903781177));
#4533=CARTESIAN_POINT('Ctrl Pts',(90.3616011305111,-40.4857950090205,7.60124903781177));
#4534=CARTESIAN_POINT('Ctrl Pts',(90.7607625171397,-40.3398844751026,12.3489408316158));
#4535=CARTESIAN_POINT('Ctrl Pts',(91.1236513220931,-40.207071491512,16.6463669925905));
#4536=CARTESIAN_POINT('Ctrl Pts',(91.4589301797803,-40.0841540236245,20.5960539633617));
#4537=CARTESIAN_POINT('Ctrl Pts',(90.361659010333,-40.4882268075723,7.59809734904588));
#4538=CARTESIAN_POINT('Ctrl Pts',(90.3616396029166,-40.4874163176968,7.59914799183634));
#4539=CARTESIAN_POINT('Ctrl Pts',(90.3616203096117,-40.4866057181813,7.60019855482132));
#4540=CARTESIAN_POINT('Ctrl Pts',(90.3616011305111,-40.4857950090205,7.60124903781177));
#4541=CARTESIAN_POINT('Origin',(97.5000013515819,-39.5000018761493,20.8509513254771));
#4542=CARTESIAN_POINT('',(91.9848048906597,-39.8962088159203,21.0961046601388));
#4543=CARTESIAN_POINT('Ctrl Pts',(91.9848048906597,-39.8962088159203,21.0961046601388));
#4544=CARTESIAN_POINT('Ctrl Pts',(91.9870273738569,-39.897473210812,21.0980529367114));
#4545=CARTESIAN_POINT('Ctrl Pts',(91.9892491859897,-39.8987365588016,21.1));
#4546=CARTESIAN_POINT('Ctrl Pts',(91.4598171656893,-40.0879973713108,20.6019026509542));
#4547=CARTESIAN_POINT('Ctrl Pts',(91.5110826486434,-40.0692752751259,20.6503199936963));
#4548=CARTESIAN_POINT('Ctrl Pts',(91.562123871357,-40.0506375472917,20.6984826686453));
#4549=CARTESIAN_POINT('Ctrl Pts',(91.6624866667496,-40.0139811737168,20.7930991371778));
#4550=CARTESIAN_POINT('Ctrl Pts',(91.7120034453752,-39.9958932703882,20.8397371534404));
#4551=CARTESIAN_POINT('Ctrl Pts',(91.760883231779,-39.9780355040757,20.8857309423327));
#4552=CARTESIAN_POINT('Ctrl Pts',(91.8052167637963,-39.9618386686797,20.9274469002463));
#4553=CARTESIAN_POINT('Ctrl Pts',(91.8490262633455,-39.9458311594143,20.9686328738732));
#4554=CARTESIAN_POINT('Ctrl Pts',(91.9234134125689,-39.9186471448679,21.0385011243618));
#4555=CARTESIAN_POINT('Ctrl Pts',(91.9542356120876,-39.9073823473041,21.0674314351436));
#4556=CARTESIAN_POINT('Ctrl Pts',(91.9848048906607,-39.8962088159212,21.0961046601381));
#4557=CARTESIAN_POINT('Ctrl Pts',(91.9848048906607,-39.8962088159212,21.0961046601381));
#4558=CARTESIAN_POINT('Ctrl Pts',(91.8264636200129,-39.9540849333626,20.9475844761123));
#4559=CARTESIAN_POINT('Ctrl Pts',(91.6613513434055,-40.0144043729438,20.7921817480824));
#4560=CARTESIAN_POINT('Ctrl Pts',(91.4780704168516,-40.0813314504791,20.6191405888323));
#4561=CARTESIAN_POINT('Ctrl Pts',(91.4677134900566,-40.0851136135836,20.6093605250474));
#4562=CARTESIAN_POINT('Ctrl Pts',(91.4573574092819,-40.0888956754734,20.5995795176567));
#4563=CARTESIAN_POINT('Ctrl Pts',(92.0117046227256,-39.816854707339,21.0359879290926));
#4564=CARTESIAN_POINT('Ctrl Pts',(91.8531855437401,-39.8747140102091,20.8878345684398));
#4565=CARTESIAN_POINT('Ctrl Pts',(91.6878983043634,-39.9350226356775,20.7327787564144));
#4566=CARTESIAN_POINT('Ctrl Pts',(91.5044313534287,-40.0019446576118,20.5600833070584));
#4567=CARTESIAN_POINT('Ctrl Pts',(91.4940597072288,-40.0057279947973,20.5503194321994));
#4568=CARTESIAN_POINT('Ctrl Pts',(91.4836886250439,-40.0095112645058,20.540554928268));
#4569=CARTESIAN_POINT('Ctrl Pts',(92.0386043547905,-39.7375005987567,20.9758711980471));
#4570=CARTESIAN_POINT('Ctrl Pts',(91.8799074851216,-39.7953430671009,20.8280846909274));
#4571=CARTESIAN_POINT('Ctrl Pts',(91.7144452818496,-39.855640879341,20.6733757938312));
#4572=CARTESIAN_POINT('Ctrl Pts',(91.5307922900106,-39.9225578647428,20.5010260252789));
#4573=CARTESIAN_POINT('Ctrl Pts',(91.5204059244057,-39.9263423760095,20.4912783393458));
#4574=CARTESIAN_POINT('Ctrl Pts',(91.5100198408059,-39.9301268535383,20.4815303388793));
#4575=CARTESIAN_POINT('Ctrl Pts',(92.0655040868554,-39.6581464901744,20.9157544670016));
#4576=CARTESIAN_POINT('Ctrl Pts',(91.9066294088488,-39.7159721439474,20.7683347832549));
#4577=CARTESIAN_POINT('Ctrl Pts',(91.7409922428075,-39.7762591420747,20.6139728021632));
#4578=CARTESIAN_POINT('Ctrl Pts',(91.5571532265878,-39.8431710718754,20.4419687435051));
#4579=CARTESIAN_POINT('Ctrl Pts',(91.5467521415779,-39.8469567572231,20.4322372464978));
#4580=CARTESIAN_POINT('Ctrl Pts',(91.536351056568,-39.8507424425708,20.4225057494906));
#4581=CARTESIAN_POINT('',(92.0485281803891,-39.6643252148278,20.9));
#4582=CARTESIAN_POINT('Ctrl Pts',(91.9848048906607,-39.8962088159212,21.0961046601381));
#4583=CARTESIAN_POINT('Ctrl Pts',(91.9954584740159,-39.8575578683442,21.0634283900197));
#4584=CARTESIAN_POINT('Ctrl Pts',(92.006096113901,-39.8189070085236,21.0307467493818));
#4585=CARTESIAN_POINT('Ctrl Pts',(92.0273373007396,-39.7416124669726,20.9653785528263));
#4586=CARTESIAN_POINT('Ctrl Pts',(92.0379408577398,-39.7029687695799,20.9326919856315));
#4587=CARTESIAN_POINT('Ctrl Pts',(92.0485281803891,-39.6643252148278,20.9));
#4588=CARTESIAN_POINT('',(91.6238178762688,-39.8189071237138,20.5043200213185));
#4589=CARTESIAN_POINT('Ctrl Pts',(92.0485281803891,-39.6643252148278,20.9));
#4590=CARTESIAN_POINT('Ctrl Pts',(92.0234298557341,-39.6734602579322,20.876703794107));
#4591=CARTESIAN_POINT('Ctrl Pts',(91.9981625764476,-39.6826567954934,20.8532342299793));
#4592=CARTESIAN_POINT('Ctrl Pts',(91.9292748996414,-39.7077298593586,20.7892033213504));
#4593=CARTESIAN_POINT('Ctrl Pts',(91.8853234589245,-39.7237268755327,20.7483030283393));
#4594=CARTESIAN_POINT('Ctrl Pts',(91.8408486581119,-39.7399143792033,20.7068687176368));
#4595=CARTESIAN_POINT('Ctrl Pts',(91.7918131162737,-39.7577618568536,20.6611854579286));
#4596=CARTESIAN_POINT('Ctrl Pts',(91.7421413996127,-39.7758408832031,20.6148530679466));
#4597=CARTESIAN_POINT('Ctrl Pts',(91.6692770810427,-39.8023613263027,20.5468065438456));
#4598=CARTESIAN_POINT('Ctrl Pts',(91.6466334603938,-39.8106029302149,20.5256491136826));
#4599=CARTESIAN_POINT('Ctrl Pts',(91.6238178762688,-39.8189071237138,20.5043200213185));
#4600=CARTESIAN_POINT('Ctrl Pts',(91.6238178762029,-39.8189071238199,20.5043200213557));
#4601=CARTESIAN_POINT('Ctrl Pts',(91.595828505922,-39.863965626567,20.520085665017));
#4602=CARTESIAN_POINT('Ctrl Pts',(91.5678176531686,-39.9090414989844,20.5357634552048));
#4603=CARTESIAN_POINT('Ctrl Pts',(91.5130229376351,-39.9971856823673,20.5662399719668));
#4604=CARTESIAN_POINT('Ctrl Pts',(91.4858610892399,-40.0408634236236,20.5812576130175));
#4605=CARTESIAN_POINT('Ctrl Pts',(91.4589301797805,-40.0841540236242,20.5960539633615));
#4606=CARTESIAN_POINT('Ctrl Pts',(91.4573573896361,-38.9111082730538,20.5995795171805));
#4607=CARTESIAN_POINT('Ctrl Pts',(91.4677134718372,-38.9148903354676,20.6093605258365));
#4608=CARTESIAN_POINT('Ctrl Pts',(91.4780704000591,-38.9186724990962,20.6191405908864));
#4609=CARTESIAN_POINT('Ctrl Pts',(91.6613513280063,-38.9855995771911,20.7921817499788));
#4610=CARTESIAN_POINT('Ctrl Pts',(91.8264636046734,-39.0459190168459,20.9475844766134));
#4611=CARTESIAN_POINT('Ctrl Pts',(91.9848048754221,-39.1037951343802,21.0961046592111));
#4612=CARTESIAN_POINT('Ctrl Pts',(91.483688606094,-38.9904926840025,20.5405549264886));
#4613=CARTESIAN_POINT('Ctrl Pts',(91.4940596897093,-38.9942759542349,20.550319431681));
#4614=CARTESIAN_POINT('Ctrl Pts',(91.50443133734,-38.9980592919444,20.5600833078008));
#4615=CARTESIAN_POINT('Ctrl Pts',(91.6878982896821,-39.0649813144259,20.7327787569489));
#4616=CARTESIAN_POINT('Ctrl Pts',(91.8531855291282,-39.1252899399541,20.8878345675304));
#4617=CARTESIAN_POINT('Ctrl Pts',(92.0117046082228,-39.1831492429015,21.0359879267035));
#4618=CARTESIAN_POINT('Ctrl Pts',(91.510019822552,-39.0698770949512,20.4815303357967));
#4619=CARTESIAN_POINT('Ctrl Pts',(91.5204059075862,-39.0736615730038,20.4912783375199));
#4620=CARTESIAN_POINT('Ctrl Pts',(91.5307922746257,-39.0774460847941,20.5010260247096));
#4621=CARTESIAN_POINT('Ctrl Pts',(91.7144452678862,-39.1443630707309,20.6733757930039));
#4622=CARTESIAN_POINT('Ctrl Pts',(91.8799074712373,-39.204660883017,20.8280846886074));
#4623=CARTESIAN_POINT('Ctrl Pts',(92.0386043410235,-39.2625033514227,20.9758711941958));
#4624=CARTESIAN_POINT('Ctrl Pts',(91.53635103901,-39.1492615058999,20.4225057451048));
#4625=CARTESIAN_POINT('Ctrl Pts',(91.5467521254583,-39.1530471917711,20.4322372433644));
#4626=CARTESIAN_POINT('Ctrl Pts',(91.5571532119066,-39.1568328776423,20.441968741624));
#4627=CARTESIAN_POINT('Ctrl Pts',(91.740992229562,-39.2237448079656,20.613972799974));
#4628=CARTESIAN_POINT('Ctrl Pts',(91.9066293956921,-39.2840318061252,20.7683347795244));
#4629=CARTESIAN_POINT('Ctrl Pts',(92.0655040738243,-39.3418574599439,20.9157544616882));
#4630=CARTESIAN_POINT('',(91.9848048754215,-39.10379513438,21.0961046592106));
#4631=CARTESIAN_POINT('',(91.4598171465683,-38.9120065774087,20.6019026509541));
#4632=CARTESIAN_POINT('Ctrl Pts',(91.9848048754215,-39.10379513438,21.0961046592106));
#4633=CARTESIAN_POINT('Ctrl Pts',(91.9542355981563,-39.0926216034643,21.0674314357367));
#4634=CARTESIAN_POINT('Ctrl Pts',(91.923413399969,-39.0813568063764,21.0385011264969));
#4635=CARTESIAN_POINT('Ctrl Pts',(91.8490262516612,-39.0541727921392,20.9686328775633));
#4636=CARTESIAN_POINT('Ctrl Pts',(91.8052167516652,-39.0381652826961,20.9274469039156));
#4637=CARTESIAN_POINT('Ctrl Pts',(91.7608832191953,-39.0219684471206,20.88573094597));
#4638=CARTESIAN_POINT('Ctrl Pts',(91.7120034317415,-39.0041106804089,20.8397371565242));
#4639=CARTESIAN_POINT('Ctrl Pts',(91.6624866520446,-38.9860227766739,20.7930991396801));
#4640=CARTESIAN_POINT('Ctrl Pts',(91.5621238544659,-38.9493664022709,20.6984826699286));
#4641=CARTESIAN_POINT('Ctrl Pts',(91.5110826306159,-38.9307286740083,20.6503199943232));
#4642=CARTESIAN_POINT('Ctrl Pts',(91.4598171465682,-38.9120065774087,20.6019026509541));
#4643=CARTESIAN_POINT('',(91.4589301605664,-38.9158499260783,20.5960539619327));
#4644=CARTESIAN_POINT('Ctrl Pts',(91.4598171465683,-38.9120065774087,20.6019026509541));
#4645=CARTESIAN_POINT('Ctrl Pts',(91.4595210849916,-38.9132872757449,20.5999528810436));
#4646=CARTESIAN_POINT('Ctrl Pts',(91.4592254227618,-38.9145683918355,20.598003317658));
#4647=CARTESIAN_POINT('Ctrl Pts',(91.4589301605664,-38.9158499260783,20.5960539619327));
#4648=CARTESIAN_POINT('',(91.6238178635795,-39.181096826529,20.504320020697));
#4649=CARTESIAN_POINT('Ctrl Pts',(91.4589301605665,-38.9158499260785,20.5960539619327));
#4650=CARTESIAN_POINT('Ctrl Pts',(91.486936838322,-38.9608697884886,20.5806665649489));
#4651=CARTESIAN_POINT('Ctrl Pts',(91.5151939618003,-39.0063094316236,20.565039596019));
#4652=CARTESIAN_POINT('Ctrl Pts',(91.5699932917009,-39.0944636011708,20.534545581569));
#4653=CARTESIAN_POINT('Ctrl Pts',(91.596915500658,-39.1377882370163,20.5194733822659));
#4654=CARTESIAN_POINT('Ctrl Pts',(91.6238178635136,-39.1810968264229,20.5043200207341));
#4655=CARTESIAN_POINT('',(92.0485281728874,-39.3356787373031,20.9));
#4656=CARTESIAN_POINT('Ctrl Pts',(91.6238178635795,-39.181096826529,20.504320020697));
#4657=CARTESIAN_POINT('Ctrl Pts',(91.6466334473795,-39.1894010199096,20.5256491125481));
#4658=CARTESIAN_POINT('Ctrl Pts',(91.6692770677044,-39.1976426237039,20.5468065421988));
#4659=CARTESIAN_POINT('Ctrl Pts',(91.7421413870633,-39.2241630670906,20.6148530663541));
#4660=CARTESIAN_POINT('Ctrl Pts',(91.7918131048076,-39.2422420938344,20.6611854568681));
#4661=CARTESIAN_POINT('Ctrl Pts',(91.8408486477076,-39.2600895718711,20.7068687170793));
#4662=CARTESIAN_POINT('Ctrl Pts',(91.8853234489818,-39.2762770757098,20.748303027771));
#4663=CARTESIAN_POINT('Ctrl Pts',(91.9292748901544,-39.2922740920497,20.7892033207597));
#4664=CARTESIAN_POINT('Ctrl Pts',(91.9981625679276,-39.3173471562669,20.8532342295701));
#4665=CARTESIAN_POINT('Ctrl Pts',(92.023429847726,-39.3265436940144,20.8767037939063));
#4666=CARTESIAN_POINT('Ctrl Pts',(92.0485281728874,-39.3356787373031,20.9));
#4667=CARTESIAN_POINT('Ctrl Pts',(92.0485281728874,-39.3356787373031,20.9));
#4668=CARTESIAN_POINT('Ctrl Pts',(92.0379413005492,-39.2970368306027,20.9326905909849));
#4669=CARTESIAN_POINT('Ctrl Pts',(92.0273381952478,-39.2583947812733,20.965375763997));
#4670=CARTESIAN_POINT('Ctrl Pts',(92.0060970085724,-39.1811002391223,21.0307439611722));
#4671=CARTESIAN_POINT('Ctrl Pts',(91.9954589144139,-39.1424477306448,21.06342699567));
#4672=CARTESIAN_POINT('Ctrl Pts',(91.9848048754221,-39.1037951343803,21.0961046592111));
#4673=CARTESIAN_POINT('Ctrl Pts',(90.9443635523099,-38.724413525385,6.93778545735499));
#4674=CARTESIAN_POINT('Ctrl Pts',(90.9036959611754,-38.7095750954578,6.98376150896084));
#4675=CARTESIAN_POINT('Ctrl Pts',(90.8630404735094,-38.6947381888334,7.02974882748623));
#4676=CARTESIAN_POINT('Ctrl Pts',(90.6802273301961,-38.6280104267914,7.23664323636364));
#4677=CARTESIAN_POINT('Ctrl Pts',(90.5334673797296,-38.5744566295482,7.4030172411573));
#4678=CARTESIAN_POINT('Ctrl Pts',(90.3745852989367,-38.5164930879357,7.58341871246958));
#4679=CARTESIAN_POINT('Ctrl Pts',(90.3675568641395,-38.5139289076754,7.5913996741796));
#4680=CARTESIAN_POINT('Ctrl Pts',(90.3605287056156,-38.5113647707713,7.59938089476261));
#4681=CARTESIAN_POINT('Ctrl Pts',(90.9755731700594,-38.805566949368,6.99185697156999));
#4682=CARTESIAN_POINT('Ctrl Pts',(90.9348587238576,-38.79072367801,7.03778974854931));
#4683=CARTESIAN_POINT('Ctrl Pts',(90.8941523469207,-38.7758814222927,7.08373003709694));
#4684=CARTESIAN_POINT('Ctrl Pts',(90.7111309977398,-38.7091409513943,7.29035448884541));
#4685=CARTESIAN_POINT('Ctrl Pts',(90.5642211028781,-38.6555784267878,7.45651795160456));
#4686=CARTESIAN_POINT('Ctrl Pts',(90.4051842389341,-38.597603614424,7.63670906461175));
#4687=CARTESIAN_POINT('Ctrl Pts',(90.3981474211934,-38.5950383960886,7.64468226087362));
#4688=CARTESIAN_POINT('Ctrl Pts',(90.391110787635,-38.5924732066574,7.65265562971765));
#4689=CARTESIAN_POINT('Ctrl Pts',(91.0067827878089,-38.886720373351,7.04592848578499));
#4690=CARTESIAN_POINT('Ctrl Pts',(90.9660214873858,-38.871872260868,7.09181798898987));
#4691=CARTESIAN_POINT('Ctrl Pts',(90.9252642211665,-38.8570246560471,7.13771124754598));
#4692=CARTESIAN_POINT('Ctrl Pts',(90.7420346667017,-38.790271480302,7.34406573334463));
#4693=CARTESIAN_POINT('Ctrl Pts',(90.5949748273338,-38.7367002281828,7.51001865429809));
#4694=CARTESIAN_POINT('Ctrl Pts',(90.4357831789321,-38.6787141409124,7.68999941675443));
#4695=CARTESIAN_POINT('Ctrl Pts',(90.4287379782478,-38.676147884502,7.69796484756815));
#4696=CARTESIAN_POINT('Ctrl Pts',(90.4216928696544,-38.6735816425436,7.70593036467269));
#4697=CARTESIAN_POINT('Ctrl Pts',(91.0379924055584,-38.967873797334,7.09999999999999));
#4698=CARTESIAN_POINT('Ctrl Pts',(90.9971842500681,-38.9530208434202,7.14584622857834));
#4699=CARTESIAN_POINT('Ctrl Pts',(90.9563760945777,-38.9381678895064,7.1916924571567));
#4700=CARTESIAN_POINT('Ctrl Pts',(90.7729383342454,-38.871402004905,7.39777698582639));
#4701=CARTESIAN_POINT('Ctrl Pts',(90.6257285504823,-38.8178220254224,7.56351936474535));
#4702=CARTESIAN_POINT('Ctrl Pts',(90.4663821189295,-38.7598246674007,7.7432897688966));
#4703=CARTESIAN_POINT('Ctrl Pts',(90.4593285353016,-38.7572573729152,7.75124743426216));
#4704=CARTESIAN_POINT('Ctrl Pts',(90.4522749516737,-38.7546900784298,7.75920509962772));
#4705=CARTESIAN_POINT('',(90.3616589835446,-38.5117771382297,7.59809734904588));
#4706=CARTESIAN_POINT('Ctrl Pts',(90.3616589835446,-38.5117771382297,7.59809734904586));
#4707=CARTESIAN_POINT('Ctrl Pts',(90.36831041757,-38.5142038260181,7.59054399726562));
#4708=CARTESIAN_POINT('Ctrl Pts',(90.3749622027395,-38.5166305904102,7.58299075986334));
#4709=CARTESIAN_POINT('Ctrl Pts',(90.5258543151885,-38.5716792226743,7.41166143839813));
#4710=CARTESIAN_POINT('Ctrl Pts',(90.6654989049942,-38.6226359478517,7.25334075938902));
#4711=CARTESIAN_POINT('Ctrl Pts',(90.8009679956086,-38.6720815150145,7.09999999790783));
#4712=CARTESIAN_POINT('',(90.5314938761248,-38.7835234089206,7.66984883916256));
#4713=CARTESIAN_POINT('Ctrl Pts',(91.0379924055584,-38.967873797334,7.09999999999999));
#4714=CARTESIAN_POINT('Ctrl Pts',(90.9971842500681,-38.9530208434202,7.14584622857834));
#4715=CARTESIAN_POINT('Ctrl Pts',(90.9563760945777,-38.9381678895064,7.1916924571567));
#4716=CARTESIAN_POINT('Ctrl Pts',(90.7911423496236,-38.8780277246468,7.37732554811626));
#4717=CARTESIAN_POINT('Ctrl Pts',(90.6632280194685,-38.8314707159342,7.52130465383333));
#4718=CARTESIAN_POINT('Ctrl Pts',(90.5314938698637,-38.7835234066417,7.66984883287435));
#4719=CARTESIAN_POINT('',(90.3616011037718,-38.5142089373936,7.60124903857588));
#4720=CARTESIAN_POINT('Ctrl Pts',(90.5314939230713,-38.7835234260077,7.66984936240412));
#4721=CARTESIAN_POINT('Ctrl Pts',(90.502855507322,-38.7381479245844,7.65819783510816));
#4722=CARTESIAN_POINT('Ctrl Pts',(90.4742167130796,-38.6927605512773,7.64659063687132));
#4723=CARTESIAN_POINT('Ctrl Pts',(90.4455781556146,-38.6473623598907,7.63502789509445));
#4724=CARTESIAN_POINT('Ctrl Pts',(90.4176407728784,-38.603075679256,7.62374825075853));
#4725=CARTESIAN_POINT('Ctrl Pts',(90.3895049435785,-38.5584636839215,7.61243088291689));
#4726=CARTESIAN_POINT('Ctrl Pts',(90.3616011037718,-38.5142089373936,7.60124903857588));
#4727=CARTESIAN_POINT('Ctrl Pts',(90.3616011037718,-38.5142089373936,7.60124903857588));
#4728=CARTESIAN_POINT('Ctrl Pts',(90.361620282856,-38.5133982280271,7.60019855532861));
#4729=CARTESIAN_POINT('Ctrl Pts',(90.3616395761446,-38.5125876283075,7.59914799208893));
#4730=CARTESIAN_POINT('Ctrl Pts',(90.3616589835446,-38.5117771382297,7.59809734904587));
#4731=CARTESIAN_POINT('Ctrl Pts',(90.3616011037718,-38.5142089373936,7.60124903857588));
#4732=CARTESIAN_POINT('Ctrl Pts',(90.7607624930589,-38.6601194724322,12.3489408362811));
#4733=CARTESIAN_POINT('Ctrl Pts',(91.1236513004861,-38.7929324571029,16.646366996384));
#4734=CARTESIAN_POINT('Ctrl Pts',(91.4589301605664,-38.9158499260783,20.5960539619327));
#4735=CARTESIAN_POINT('Ctrl Pts',(90.4156778446014,-38.6030507812129,7.59393596106843));
#4736=CARTESIAN_POINT('Ctrl Pts',(90.8157089555939,-38.7490685396829,12.3415256795308));
#4737=CARTESIAN_POINT('Ctrl Pts',(91.179540756791,-38.8819806318097,16.6388386584152));
#4738=CARTESIAN_POINT('Ctrl Pts',(91.5158565696702,-39.0049803393882,20.5883966601103));
#4739=CARTESIAN_POINT('Ctrl Pts',(90.4697545854311,-38.6918926250322,7.58662288356098));
#4740=CARTESIAN_POINT('Ctrl Pts',(90.8706616358411,-38.8380201874703,12.3341854332915));
#4741=CARTESIAN_POINT('Ctrl Pts',(91.235429865892,-38.971029079822,16.631310451463));
#4742=CARTESIAN_POINT('Ctrl Pts',(91.5727829787741,-39.0941107526982,20.5807393582878));
#4743=CARTESIAN_POINT('Ctrl Pts',(90.5238313262607,-38.7807344688514,7.57930980605353));
#4744=CARTESIAN_POINT('Ctrl Pts',(90.9256080983762,-38.926969254721,12.3267702765412));
#4745=CARTESIAN_POINT('Ctrl Pts',(91.291319322197,-39.0600772545288,16.6237821134942));
#4746=CARTESIAN_POINT('Ctrl Pts',(91.629709387878,-39.1832411660081,20.5730820564654));
#4747=CARTESIAN_POINT('Ctrl Pts',(91.4589301605664,-38.9158499260783,20.5960539619327));
#4748=CARTESIAN_POINT('Ctrl Pts',(91.1236513004861,-38.7929324571029,16.646366996384));
#4749=CARTESIAN_POINT('Ctrl Pts',(90.7607624930589,-38.6601194724322,12.3489408362811));
#4750=CARTESIAN_POINT('Ctrl Pts',(90.3616011037718,-38.5142089373936,7.60124903857588));
#4751=CARTESIAN_POINT('Ctrl Pts',(90.5314938787652,-38.7835234098816,7.66984883890949));
#4752=CARTESIAN_POINT('Ctrl Pts',(90.9279315086896,-38.9278149069171,12.3539158234323));
#4753=CARTESIAN_POINT('Ctrl Pts',(91.2892297641218,-39.0593167175867,16.5990616157377));
#4754=CARTESIAN_POINT('Ctrl Pts',(91.6238178616569,-39.1810968258292,20.5043200208835));
#4755=CARTESIAN_POINT('Origin',(94.7417595810112,-40.2095170266034,21.));
#4756=CARTESIAN_POINT('Ctrl Pts',(91.9892491717092,-39.101267390862,21.1));
#4757=CARTESIAN_POINT('Ctrl Pts',(91.9870273590762,-39.1025307391793,21.0980529362285));
#4758=CARTESIAN_POINT('Ctrl Pts',(91.9848048754215,-39.10379513438,21.0961046592106));
#4759=CARTESIAN_POINT('',(92.5000025646295,-39.5000019774307,20.9));
#4760=CARTESIAN_POINT('',(94.7075575666786,-40.303486288682,20.9));
#4761=CARTESIAN_POINT('',(92.5000025646295,-39.5000019774307,20.9));
#4762=CARTESIAN_POINT('Origin',(93.6390462445295,-39.1918417596656,21.));
#4763=CARTESIAN_POINT('',(93.604844230197,-39.097872497587,20.9));
#4764=CARTESIAN_POINT('Ctrl Pts',(91.4589301797803,-40.0841540236245,20.5960539633617));
#4765=CARTESIAN_POINT('Ctrl Pts',(91.1236513220931,-40.207071491512,16.6463669925905));
#4766=CARTESIAN_POINT('Ctrl Pts',(90.7607625171397,-40.3398844751026,12.3489408316158));
#4767=CARTESIAN_POINT('Ctrl Pts',(90.3616011305111,-40.4857950090205,7.60124903781177));
#4768=CARTESIAN_POINT('Ctrl Pts',(91.515856586736,-39.9950236104848,20.5883966618021));
#4769=CARTESIAN_POINT('Ctrl Pts',(91.1795407763832,-40.1180233169992,16.6388386548626));
#4770=CARTESIAN_POINT('Ctrl Pts',(90.8157089777822,-40.2509354080614,12.3415256750878));
#4771=CARTESIAN_POINT('Ctrl Pts',(90.4156778695599,-40.396953165421,7.59393596051036));
#4772=CARTESIAN_POINT('Ctrl Pts',(91.5727829936918,-39.9058931973451,20.5807393602424));
#4773=CARTESIAN_POINT('Ctrl Pts',(91.2354298834693,-40.028974869181,16.6313104481514));
#4774=CARTESIAN_POINT('Ctrl Pts',(90.8706616561352,-40.1619837604839,12.334185429051));
#4775=CARTESIAN_POINT('Ctrl Pts',(90.4697546086087,-40.3081113218215,7.58662288320895));
#4776=CARTESIAN_POINT('Ctrl Pts',(91.6297094006476,-39.8167627842054,20.5730820586828));
#4777=CARTESIAN_POINT('Ctrl Pts',(91.2913193377594,-39.9399266946682,16.6237821104236));
#4778=CARTESIAN_POINT('Ctrl Pts',(90.9256081167777,-40.0730346934427,12.326770272523));
#4779=CARTESIAN_POINT('Ctrl Pts',(90.5238313476575,-40.2192694782221,7.57930980590754));
#4780=CARTESIAN_POINT('',(90.5314938974536,-40.2164805381777,7.6698488388138));
#4781=CARTESIAN_POINT('Ctrl Pts',(91.6238178743462,-39.8189071244135,20.5043200215051));
#4782=CARTESIAN_POINT('Ctrl Pts',(91.2892297796036,-39.9406872316397,16.5990616115634));
#4783=CARTESIAN_POINT('Ctrl Pts',(90.9279315270147,-40.0721890412744,12.3539158187689));
#4784=CARTESIAN_POINT('Ctrl Pts',(90.5314939000939,-40.2164805372167,7.66984883856074));
#4785=CARTESIAN_POINT('Ctrl Pts',(90.5314939444,-40.2164805210906,7.66984936205476));
#4786=CARTESIAN_POINT('Ctrl Pts',(90.5034980700754,-40.260837963335,7.65845925204955));
#4787=CARTESIAN_POINT('Ctrl Pts',(90.4755018397919,-40.305206741369,7.64711150408425));
#4788=CARTESIAN_POINT('Ctrl Pts',(90.4475058256372,-40.349585875736,7.63580624345185));
#4789=CARTESIAN_POINT('Ctrl Pts',(90.4189207754916,-40.3948987468572,7.62426312019505));
#4790=CARTESIAN_POINT('Ctrl Pts',(90.3901403292113,-40.4405325988908,7.61268548857474));
#4791=CARTESIAN_POINT('Ctrl Pts',(90.3616011305111,-40.4857950090205,7.60124903781177));
#4792=CARTESIAN_POINT('Ctrl Pts',(90.3605287326462,-40.4886391749422,7.59938089449509));
#4793=CARTESIAN_POINT('Ctrl Pts',(90.3675568902391,-40.4860750383791,7.59139967492298));
#4794=CARTESIAN_POINT('Ctrl Pts',(90.3745853241051,-40.48351085846,7.58341871422371));
#4795=CARTESIAN_POINT('Ctrl Pts',(90.5334674029746,-40.4255473175809,7.40301724403677));
#4796=CARTESIAN_POINT('Ctrl Pts',(90.6802273523899,-40.3719935207536,7.23664323938789));
#4797=CARTESIAN_POINT('Ctrl Pts',(90.8630404943347,-40.3052657592555,7.02974883066259));
#4798=CARTESIAN_POINT('Ctrl Pts',(90.9036959815431,-40.2904288528069,6.98376151233802));
#4799=CARTESIAN_POINT('Ctrl Pts',(90.9443635722165,-40.2755904230556,6.93778546092989));
#4800=CARTESIAN_POINT('Ctrl Pts',(90.3911108138717,-40.4075307391148,7.65265562837364));
#4801=CARTESIAN_POINT('Ctrl Pts',(90.3981474464969,-40.4049655500248,7.64468226053849));
#4802=CARTESIAN_POINT('Ctrl Pts',(90.4051842633043,-40.4024003320306,7.63670906528542));
#4803=CARTESIAN_POINT('Ctrl Pts',(90.5642211253086,-40.344425520395,7.45651795337206));
#4804=CARTESIAN_POINT('Ctrl Pts',(90.7111310191048,-40.2908629961985,7.29035449072669));
#4805=CARTESIAN_POINT('Ctrl Pts',(90.894152366896,-40.2241225258364,7.08373003909153));
#4806=CARTESIAN_POINT('Ctrl Pts',(90.9348587433692,-40.209280270294,7.03778975073927));
#4807=CARTESIAN_POINT('Ctrl Pts',(90.975573189105,-40.1944369991111,6.99185697395326));
#4808=CARTESIAN_POINT('Ctrl Pts',(90.4216928950972,-40.3264223032874,7.70593036225218));
#4809=CARTESIAN_POINT('Ctrl Pts',(90.4287380027552,-40.3238560616702,7.69796484615453));
#4810=CARTESIAN_POINT('Ctrl Pts',(90.435783202504,-40.321289805601,7.68999941634765));
#4811=CARTESIAN_POINT('Ctrl Pts',(90.59497484895,-40.2633037190536,7.51001865495363));
#4812=CARTESIAN_POINT('Ctrl Pts',(90.742034687238,-40.2097324673386,7.34406573408297));
#4813=CARTESIAN_POINT('Ctrl Pts',(90.9252642402917,-40.1429792921223,7.13771124835879));
#4814=CARTESIAN_POINT('Ctrl Pts',(90.9660215060414,-40.1281316874755,7.09181798999261));
#4815=CARTESIAN_POINT('Ctrl Pts',(91.0067828059936,-40.1132835751665,7.04592848697663));
#4816=CARTESIAN_POINT('Ctrl Pts',(90.4522749763227,-40.2453138674601,7.75920509613072));
#4817=CARTESIAN_POINT('Ctrl Pts',(90.459328559013,-40.2427465733159,7.75124743177004));
#4818=CARTESIAN_POINT('Ctrl Pts',(90.4663821417033,-40.2401792791717,7.74328976740937));
#4819=CARTESIAN_POINT('Ctrl Pts',(90.625728571284,-40.1821819218677,7.56351936428893));
#4820=CARTESIAN_POINT('Ctrl Pts',(90.7729383539529,-40.1286019427834,7.39777698542177));
#4821=CARTESIAN_POINT('Ctrl Pts',(90.956376112853,-40.0618360587033,7.19169245678773));
#4822=CARTESIAN_POINT('Ctrl Pts',(90.9971842678676,-40.0469831049626,7.14584622839386));
#4823=CARTESIAN_POINT('Ctrl Pts',(91.0379924228821,-40.032130151222,7.1));
#4824=CARTESIAN_POINT('Ctrl Pts',(90.5314938911924,-40.2164805404566,7.66984883252565));
#4825=CARTESIAN_POINT('Ctrl Pts',(90.6632280399222,-40.1685332314826,7.52130465346674));
#4826=CARTESIAN_POINT('Ctrl Pts',(90.7911423691741,-40.1219762230987,7.37732554773186));
#4827=CARTESIAN_POINT('Ctrl Pts',(90.956376112853,-40.0618360587033,7.19169245678773));
#4828=CARTESIAN_POINT('Ctrl Pts',(90.9971842678676,-40.0469831049626,7.14584622839386));
#4829=CARTESIAN_POINT('Ctrl Pts',(91.0379924228821,-40.032130151222,7.1));
#4830=CARTESIAN_POINT('Origin',(97.5000013515819,-39.5000018761493,7.1));
#4831=CARTESIAN_POINT('',(91.9750506554811,-36.9891288193237,20.6019026509541));
#4832=CARTESIAN_POINT('Origin',(97.5000013515819,-39.5000018761493,20.6019026509541));
#4833=CARTESIAN_POINT('',(91.9762041769943,-36.9853568896373,20.5960539633617));
#4834=CARTESIAN_POINT('Ctrl Pts',(91.9762041769943,-36.9853568896373,20.5960539633617));
#4835=CARTESIAN_POINT('Ctrl Pts',(91.9758191145706,-36.9866143616511,20.5980033186193));
#4836=CARTESIAN_POINT('Ctrl Pts',(91.9754346076643,-36.9878716715465,20.5999528815287));
#4837=CARTESIAN_POINT('Ctrl Pts',(91.9750506554811,-36.9891288193237,20.6019026509541));
#4838=CARTESIAN_POINT('',(90.8250688513186,-36.7845236615566,7.60124903781175));
#4839=CARTESIAN_POINT('Ctrl Pts',(90.8250688513186,-36.7845236615566,7.60124903781175));
#4840=CARTESIAN_POINT('Ctrl Pts',(91.2437080193185,-36.8577421258201,12.3489408317377));
#4841=CARTESIAN_POINT('Ctrl Pts',(91.6243854349485,-36.9241671105543,16.6463669926673));
#4842=CARTESIAN_POINT('Ctrl Pts',(91.9762041769943,-36.9853568896373,20.5960539633617));
#4843=CARTESIAN_POINT('',(90.8239030774388,-36.7866586007903,7.59809734904587));
#4844=CARTESIAN_POINT('Ctrl Pts',(90.8239030774388,-36.7866586007903,7.59809734904588));
#4845=CARTESIAN_POINT('Ctrl Pts',(90.8242915150608,-36.7859469922605,7.59914799183619));
#4846=CARTESIAN_POINT('Ctrl Pts',(90.8246801063265,-36.7852353458353,7.60019855482115));
#4847=CARTESIAN_POINT('Ctrl Pts',(90.8250688513186,-36.7845236615566,7.60124903781175));
#4848=CARTESIAN_POINT('Origin',(97.5000013515819,-39.5000018761493,7.59809734904587));
#4849=CARTESIAN_POINT('Origin',(97.5000013515819,-39.5000018761493,20.8509513254771));
#4850=CARTESIAN_POINT('',(92.5255976396758,-37.0855289206855,21.0961046601389));
#4851=CARTESIAN_POINT('Ctrl Pts',(92.5255976396758,-37.0855289206855,21.0961046601389));
#4852=CARTESIAN_POINT('Ctrl Pts',(92.5268901691382,-37.0877351603808,21.0980529367114));
#4853=CARTESIAN_POINT('Ctrl Pts',(92.5281826408928,-37.0899401579001,21.1));
#4854=CARTESIAN_POINT('Ctrl Pts',(91.9750506554812,-36.9891288193237,20.6019026509542));
#4855=CARTESIAN_POINT('Ctrl Pts',(92.0288089141469,-36.9985477498921,20.6503199936943));
#4856=CARTESIAN_POINT('Ctrl Pts',(92.0823307735733,-37.0079276154755,20.6984826686425));
#4857=CARTESIAN_POINT('Ctrl Pts',(92.1875756907671,-37.0263636624456,20.7930991371764));
#4858=CARTESIAN_POINT('Ctrl Pts',(92.2395024306367,-37.035457467975,20.8397371534407));
#4859=CARTESIAN_POINT('Ctrl Pts',(92.2907624505519,-37.0444320818957,20.8857309423345));
#4860=CARTESIAN_POINT('Ctrl Pts',(92.3372548332177,-37.0525719769907,20.9274469002494));
#4861=CARTESIAN_POINT('Ctrl Pts',(92.3831987273883,-37.0606138170904,20.9686328738773));
#4862=CARTESIAN_POINT('Ctrl Pts',(92.4612118956032,-37.0742653445279,21.0385011243652));
#4863=CARTESIAN_POINT('Ctrl Pts',(92.4935371021674,-37.0799208434283,21.0674314351456));
#4864=CARTESIAN_POINT('Ctrl Pts',(92.5255976396762,-37.0855289206869,21.0961046601381));
#4865=CARTESIAN_POINT('Origin',(92.5000025646295,-39.5000019774307,4.1));
#4866=CARTESIAN_POINT('',(92.5000025646295,-39.5000019774307,4.1));
#4867=CARTESIAN_POINT('Origin',(90.2945758265638,-40.3027116639414,4.1));
#4868=CARTESIAN_POINT('Ctrl Pts',(92.5613649760599,-35.9686830747695,20.5995795171805));
#4869=CARTESIAN_POINT('Ctrl Pts',(92.5684425751229,-35.9771364779991,20.6093605258365));
#4870=CARTESIAN_POINT('Ctrl Pts',(92.5755208562539,-35.9855903918937,20.6191405908864));
#4871=CARTESIAN_POINT('Ctrl Pts',(92.7007832568387,-36.1351914056995,20.7921817499799));
#4872=CARTESIAN_POINT('Ctrl Pts',(92.8136149630787,-36.2699857111126,20.9475844766103));
#4873=CARTESIAN_POINT('Ctrl Pts',(92.9218044672496,-36.3992785345467,21.0961046592111));
#4874=CARTESIAN_POINT('Ctrl Pts',(92.5444762729507,-36.0505975995445,20.5405549264886));
#4875=CARTESIAN_POINT('Ctrl Pts',(92.5515662597101,-36.0590595494829,20.550319431681));
#4876=CARTESIAN_POINT('Ctrl Pts',(92.5586567011827,-36.0675218398657,20.5600833078008));
#4877=CARTESIAN_POINT('Ctrl Pts',(92.6840827314258,-36.2172114875793,20.73277875695));
#4878=CARTESIAN_POINT('Ctrl Pts',(92.7970713669404,-36.3520839090735,20.8878345675273));
#4879=CARTESIAN_POINT('Ctrl Pts',(92.9054232649494,-36.4814510748211,21.0359879267034));
#4880=CARTESIAN_POINT('Ctrl Pts',(92.5275875698415,-36.1325121243196,20.4815303357967));
#4881=CARTESIAN_POINT('Ctrl Pts',(92.5346899443007,-36.1409826209702,20.4912783375199));
#4882=CARTESIAN_POINT('Ctrl Pts',(92.5417925461147,-36.1494532878414,20.5010260247096));
#4883=CARTESIAN_POINT('Ctrl Pts',(92.6673822107918,-36.2992315942384,20.673375793005));
#4884=CARTESIAN_POINT('Ctrl Pts',(92.7805277761139,-36.4341821331428,20.8280846886044));
#4885=CARTESIAN_POINT('Ctrl Pts',(92.8890420626493,-36.5636236150955,20.9758711941958));
#4886=CARTESIAN_POINT('Ctrl Pts',(92.5106988667323,-36.2144266490946,20.4225057451048));
#4887=CARTESIAN_POINT('Ctrl Pts',(92.5178136288879,-36.222905692454,20.4322372433644));
#4888=CARTESIAN_POINT('Ctrl Pts',(92.5249283910435,-36.2313847358134,20.441968741624));
#4889=CARTESIAN_POINT('Ctrl Pts',(92.6506816853789,-36.3812516761182,20.6139727999751));
#4890=CARTESIAN_POINT('Ctrl Pts',(92.7639841799757,-36.5162803311037,20.7683347795214));
#4891=CARTESIAN_POINT('Ctrl Pts',(92.8726608603491,-36.64579615537,20.9157544616882));
#4892=CARTESIAN_POINT('',(92.9218044672492,-36.3992785345462,21.0961046592105));
#4893=CARTESIAN_POINT('',(92.5630460358729,-35.9706909076273,20.6019026509542));
#4894=CARTESIAN_POINT('Ctrl Pts',(92.9218044672492,-36.3992785345462,21.0961046592105));
#4895=CARTESIAN_POINT('Ctrl Pts',(92.9009174620195,-36.3743173342899,21.0674314357359));
#4896=CARTESIAN_POINT('Ctrl Pts',(92.8798570539324,-36.3491506347493,21.0385011264955));
#4897=CARTESIAN_POINT('Ctrl Pts',(92.829027900901,-36.2884150136887,20.9686328775614));
#4898=CARTESIAN_POINT('Ctrl Pts',(92.799091515699,-36.2526473538618,20.9274469039139));
#4899=CARTESIAN_POINT('Ctrl Pts',(92.7687959681286,-36.2164537165579,20.8857309459687));
#4900=CARTESIAN_POINT('Ctrl Pts',(92.7353937138182,-36.1765485432041,20.8397371565233));
#4901=CARTESIAN_POINT('Ctrl Pts',(92.7015548765549,-36.1361255692204,20.7930991396797));
#4902=CARTESIAN_POINT('Ctrl Pts',(92.6329663314589,-36.054198818988,20.6984826699289));
#4903=CARTESIAN_POINT('Ctrl Pts',(92.5980821990959,-36.0125374609188,20.6503199943235));
#4904=CARTESIAN_POINT('Ctrl Pts',(92.5630460358729,-35.9706909076273,20.6019026509542));
#4905=CARTESIAN_POINT('',(92.5603562091277,-35.9735758522098,20.5960539619327));
#4906=CARTESIAN_POINT('Ctrl Pts',(92.5630460358729,-35.9706909076273,20.6019026509541));
#4907=CARTESIAN_POINT('Ctrl Pts',(92.562149289859,-35.971651994132,20.5999528810449));
#4908=CARTESIAN_POINT('Ctrl Pts',(92.5612526808117,-35.9726136420969,20.5980033176594));
#4909=CARTESIAN_POINT('Ctrl Pts',(92.5603562091277,-35.9735758522098,20.5960539619327));
#4910=CARTESIAN_POINT('',(92.5705296984833,-36.2857302577818,20.504320020697));
#4911=CARTESIAN_POINT('Ctrl Pts',(92.5603562091277,-35.9735758522101,20.5960539619326));
#4912=CARTESIAN_POINT('Ctrl Pts',(92.5621010213274,-36.0265750988539,20.5806643687809));
#4913=CARTESIAN_POINT('Ctrl Pts',(92.5638528376031,-36.0800632503001,20.5650351352781));
#4914=CARTESIAN_POINT('Ctrl Pts',(92.5672333610388,-36.1838067099009,20.5345410546956));
#4915=CARTESIAN_POINT('Ctrl Pts',(92.5688861103873,-36.2347803900392,20.5194711066418));
#4916=CARTESIAN_POINT('Ctrl Pts',(92.5705296984793,-36.2857302576569,20.5043200207342));
#4917=CARTESIAN_POINT('',(92.8610486602061,-36.6319572741316,20.9));
#4918=CARTESIAN_POINT('Ctrl Pts',(92.5705296984833,-36.2857302577818,20.504320020697));
#4919=CARTESIAN_POINT('Ctrl Pts',(92.586136476966,-36.3043296921073,20.5256491125482));
#4920=CARTESIAN_POINT('Ctrl Pts',(92.6016256255039,-36.3227889405236,20.5468065421988));
#4921=CARTESIAN_POINT('Ctrl Pts',(92.6514677554045,-36.3821884778952,20.6148530663537));
#4922=CARTESIAN_POINT('Ctrl Pts',(92.6854452114484,-36.4226812332027,20.6611854568671));
#4923=CARTESIAN_POINT('Ctrl Pts',(92.7189874982695,-36.4626553740256,20.706868717078));
#4924=CARTESIAN_POINT('Ctrl Pts',(92.7494100540817,-36.4989115642106,20.7483030277694));
#4925=CARTESIAN_POINT('Ctrl Pts',(92.7794746105,-36.5347411073319,20.7892033207578));
#4926=CARTESIAN_POINT('Ctrl Pts',(92.826596557351,-36.5908988567817,20.8532342295688));
#4927=CARTESIAN_POINT('Ctrl Pts',(92.8438803946677,-36.6114969319976,20.8767037939056));
#4928=CARTESIAN_POINT('Ctrl Pts',(92.8610486602061,-36.6319572741316,20.9));
#4929=CARTESIAN_POINT('Ctrl Pts',(92.8610486602061,-36.6319572741316,20.9));
#4930=CARTESIAN_POINT('Ctrl Pts',(92.8712011763587,-36.5931987238581,20.9326907944676));
#4931=CARTESIAN_POINT('Ctrl Pts',(92.8813397054942,-36.5544319334766,20.9653761708977));
#4932=CARTESIAN_POINT('Ctrl Pts',(92.9015915689613,-36.4768723028425,21.030744367953));
#4933=CARTESIAN_POINT('Ctrl Pts',(92.9117049004043,-36.4380794428044,21.0634271990787));
#4934=CARTESIAN_POINT('Ctrl Pts',(92.9218044672496,-36.3992785345467,21.096104659211));
#4935=CARTESIAN_POINT('Ctrl Pts',(92.210446654785,-35.5505037618721,6.937785457355));
#4936=CARTESIAN_POINT('Ctrl Pts',(92.1826467027154,-35.5173195090357,6.98376150896084));
#4937=CARTESIAN_POINT('Ctrl Pts',(92.1548564709056,-35.4841426271524,7.02974882748623));
#4938=CARTESIAN_POINT('Ctrl Pts',(92.0298995256565,-35.3349481184115,7.23664323638878));
#4939=CARTESIAN_POINT('Ctrl Pts',(91.9295785789472,-35.2151891943339,7.40301724113051));
#4940=CARTESIAN_POINT('Ctrl Pts',(91.8209644315645,-35.0855502543885,7.58341871246958));
#4941=CARTESIAN_POINT('Ctrl Pts',(91.8161597186115,-35.0798153917446,7.5913996741796));
#4942=CARTESIAN_POINT('Ctrl Pts',(91.8113552232401,-35.0740807047849,7.59938089476261));
#4943=CARTESIAN_POINT('Ctrl Pts',(92.196898264607,-35.6363894975202,6.99185697157));
#4944=CARTESIAN_POINT('Ctrl Pts',(92.1690601555742,-35.6031776243481,7.03778974854931));
#4945=CARTESIAN_POINT('Ctrl Pts',(92.1412285269095,-35.569970665379,7.08373003709695));
#4946=CARTESIAN_POINT('Ctrl Pts',(92.0160976245179,-35.4206610475118,7.29035448887051));
#4947=CARTESIAN_POINT('Ctrl Pts',(91.9156511858349,-35.3008195931183,7.45651795157779));
#4948=CARTESIAN_POINT('Ctrl Pts',(91.806908627687,-35.1710935008404,7.63670906461175));
#4949=CARTESIAN_POINT('Ctrl Pts',(91.8020971739294,-35.1653535477253,7.64468226087361));
#4950=CARTESIAN_POINT('Ctrl Pts',(91.7972858652264,-35.1596137117332,7.65265562971764));
#4951=CARTESIAN_POINT('Ctrl Pts',(92.1833498744289,-35.7222752331683,7.045928485785));
#4952=CARTESIAN_POINT('Ctrl Pts',(92.1554736090128,-35.6890357403483,7.09181798898987));
#4953=CARTESIAN_POINT('Ctrl Pts',(92.1276005834885,-35.6557987042783,7.13771124754599));
#4954=CARTESIAN_POINT('Ctrl Pts',(92.0022957224552,-35.5063739810493,7.34406573336973));
#4955=CARTESIAN_POINT('Ctrl Pts',(91.9017237917772,-35.3864499961551,7.51001865427135));
#4956=CARTESIAN_POINT('Ctrl Pts',(91.7928528238099,-35.2566367472926,7.68999941675442));
#4957=CARTESIAN_POINT('Ctrl Pts',(91.7880346292478,-35.2508917037065,7.69796484756814));
#4958=CARTESIAN_POINT('Ctrl Pts',(91.7832165072127,-35.2451467186815,7.70593036467268));
#4959=CARTESIAN_POINT('Ctrl Pts',(92.1698014842509,-35.8081609688164,7.1));
#4960=CARTESIAN_POINT('Ctrl Pts',(92.1418870618716,-35.7748938556607,7.14584622857835));
#4961=CARTESIAN_POINT('Ctrl Pts',(92.1139726394923,-35.741626742505,7.1916924571567));
#4962=CARTESIAN_POINT('Ctrl Pts',(91.9884938213166,-35.5920869101496,7.39777698585146));
#4963=CARTESIAN_POINT('Ctrl Pts',(91.8877963986649,-35.4720803949395,7.56351936471863));
#4964=CARTESIAN_POINT('Ctrl Pts',(91.7787970199324,-35.3421799937445,7.74328976889659));
#4965=CARTESIAN_POINT('Ctrl Pts',(91.7739720845657,-35.3364298596872,7.75124743426215));
#4966=CARTESIAN_POINT('Ctrl Pts',(91.769147149199,-35.3306797256299,7.75920509962771));
#4967=CARTESIAN_POINT('',(91.8121278889107,-35.075002964444,7.59809734904586));
#4968=CARTESIAN_POINT('Ctrl Pts',(91.8121278889107,-35.075002964444,7.59809734904584));
#4969=CARTESIAN_POINT('Ctrl Pts',(91.816674855854,-35.0804302547285,7.59054399726561));
#4970=CARTESIAN_POINT('Ctrl Pts',(91.8212220885953,-35.0858577869258,7.58299075986334));
#4971=CARTESIAN_POINT('Ctrl Pts',(91.9243741750907,-35.2089773571538,7.41166143837155));
#4972=CARTESIAN_POINT('Ctrl Pts',(92.0198315747481,-35.3229294705219,7.25334075940694));
#4973=CARTESIAN_POINT('Ctrl Pts',(92.1124284650771,-35.4334851331095,7.09999999790784));
#4974=CARTESIAN_POINT('',(91.8233360849887,-35.3952595845361,7.66984883916255));
#4975=CARTESIAN_POINT('Ctrl Pts',(92.1698014842509,-35.8081609688164,7.1));
#4976=CARTESIAN_POINT('Ctrl Pts',(92.1418870618716,-35.7748938556607,7.14584622857835));
#4977=CARTESIAN_POINT('Ctrl Pts',(92.1139726394923,-35.741626742505,7.1916924571567));
#4978=CARTESIAN_POINT('Ctrl Pts',(92.0009461012148,-35.6069269594543,7.37732554814026));
#4979=CARTESIAN_POINT('Ctrl Pts',(91.9134475461696,-35.5026502421323,7.52130465382295));
#4980=CARTESIAN_POINT('Ctrl Pts',(91.8233360807058,-35.395259579432,7.6698488328744));
#4981=CARTESIAN_POINT('',(91.8108618639751,-35.0770800244105,7.60124903857587));
#4982=CARTESIAN_POINT('Ctrl Pts',(91.823336117102,-35.3952596228073,7.6698493624041));
#4983=CARTESIAN_POINT('Ctrl Pts',(91.8212222722496,-35.3416440779646,7.65819783510248));
#4984=CARTESIAN_POINT('Ctrl Pts',(91.8191140355545,-35.2880180625244,7.64659063686056));
#4985=CARTESIAN_POINT('Ctrl Pts',(91.8170114129573,-35.2343827968152,7.63502789509446));
#4986=CARTESIAN_POINT('Ctrl Pts',(91.8149602701108,-35.1820607149901,7.62374825076328));
#4987=CARTESIAN_POINT('Ctrl Pts',(91.8128999248472,-35.1293576790551,7.61243088291903));
#4988=CARTESIAN_POINT('Ctrl Pts',(91.8108618639751,-35.0770800244105,7.60124903857587));
#4989=CARTESIAN_POINT('Ctrl Pts',(91.8108618639751,-35.0770800244105,7.60124903857587));
#4990=CARTESIAN_POINT('Ctrl Pts',(91.8112838282325,-35.0763875190461,7.6001985553286));
#4991=CARTESIAN_POINT('Ctrl Pts',(91.8117058365703,-35.0756951657409,7.59914799208892));
#4992=CARTESIAN_POINT('Ctrl Pts',(91.8121278889106,-35.075002964444,7.59809734904587));
#4993=CARTESIAN_POINT('Ctrl Pts',(91.8108618639751,-35.0770800244105,7.60124903857584));
#4994=CARTESIAN_POINT('Ctrl Pts',(92.0835904997903,-35.4030229490796,12.348940836316));
#4995=CARTESIAN_POINT('Ctrl Pts',(92.3314549334391,-35.6994867714743,16.6463669964736));
#4996=CARTESIAN_POINT('Ctrl Pts',(92.5603562091277,-35.9735758522098,20.5960539619327));
#4997=CARTESIAN_POINT('Ctrl Pts',(91.8132727733778,-35.1810576884918,7.59393596106839));
#4998=CARTESIAN_POINT('Ctrl Pts',(92.0867009985684,-35.5075283322292,12.3415256795657));
#4999=CARTESIAN_POINT('Ctrl Pts',(92.3353325350495,-35.8045494810835,16.6388386585047));
#5000=CARTESIAN_POINT('Ctrl Pts',(92.5650907189029,-36.079228258938,20.5883966601103));
#5001=CARTESIAN_POINT('Ctrl Pts',(91.8156836827805,-35.2850353525732,7.58662288356094));
#5002=CARTESIAN_POINT('Ctrl Pts',(92.0898155917749,-35.6120390590453,12.3341854333263));
#5003=CARTESIAN_POINT('Ctrl Pts',(92.3392096993197,-35.9096122537802,16.6313104515526));
#5004=CARTESIAN_POINT('Ctrl Pts',(92.5698252286781,-36.1848806656661,20.5807393582878));
#5005=CARTESIAN_POINT('Ctrl Pts',(91.8180945921832,-35.3890130166546,7.57930980605349));
#5006=CARTESIAN_POINT('Ctrl Pts',(92.092926090553,-35.7165444421948,12.326770276576));
#5007=CARTESIAN_POINT('Ctrl Pts',(92.3430873009301,-36.0146749633895,16.6237821135837));
#5008=CARTESIAN_POINT('Ctrl Pts',(92.5745597384533,-36.2905330723943,20.5730820564654));
#5009=CARTESIAN_POINT('Ctrl Pts',(92.5603562091277,-35.9735758522098,20.5960539619327));
#5010=CARTESIAN_POINT('Ctrl Pts',(92.3314549334391,-35.6994867714743,16.6463669964736));
#5011=CARTESIAN_POINT('Ctrl Pts',(92.0835904997903,-35.4030229490796,12.348940836316));
#5012=CARTESIAN_POINT('Ctrl Pts',(91.8108618639751,-35.0770800244105,7.60124903857584));
#5013=CARTESIAN_POINT('Ctrl Pts',(91.8233360867948,-35.3952595866886,7.66984883890948));
#5014=CARTESIAN_POINT('Ctrl Pts',(92.0945153968097,-35.718438503636,12.3539158234667));
#5015=CARTESIAN_POINT('Ctrl Pts',(92.3416579590253,-36.0129715400393,16.5990616158247));
#5016=CARTESIAN_POINT('Ctrl Pts',(92.5705296971682,-36.2857302562145,20.5043200208836));
#5017=CARTESIAN_POINT('Origin',(94.7565363332613,-38.7353391355272,21.));
#5018=CARTESIAN_POINT('Ctrl Pts',(92.9269172124954,-36.3993115925892,21.1));
#5019=CARTESIAN_POINT('Ctrl Pts',(92.924361392154,-36.3992947780093,21.0980529362285));
#5020=CARTESIAN_POINT('Ctrl Pts',(92.9218044672492,-36.3992785345462,21.0961046592105));
#5021=CARTESIAN_POINT('',(93.1698753325491,-37.0000025703854,20.9));
#5022=CARTESIAN_POINT('',(94.6799318889494,-38.7996178964958,20.9));
#5023=CARTESIAN_POINT('',(93.1698753325491,-37.0000025703854,20.9));
#5024=CARTESIAN_POINT('Origin',(94.3103962042451,-37.3026498333151,21.));
#5025=CARTESIAN_POINT('',(92.6967254279404,-36.9165734762832,20.9));
#5026=CARTESIAN_POINT('',(94.3277610220118,-37.2041690580138,20.9));
#5027=CARTESIAN_POINT('Ctrl Pts',(92.6967254279404,-36.9165734762832,20.9));
#5028=CARTESIAN_POINT('Ctrl Pts',(92.6682348179339,-36.944746057969,20.9326919193748));
#5029=CARTESIAN_POINT('Ctrl Pts',(92.6397300773051,-36.9729106460412,20.9653784203338));
#5030=CARTESIAN_POINT('Ctrl Pts',(92.5826873991726,-37.0292290893042,21.0307466170037));
#5031=CARTESIAN_POINT('Ctrl Pts',(92.5541494450805,-37.057382952915,21.0634283238829));
#5032=CARTESIAN_POINT('Ctrl Pts',(92.5255976396762,-37.0855289206868,21.0961046601381));
#5033=CARTESIAN_POINT('Ctrl Pts',(92.5255976396762,-37.0855289206869,21.0961046601382));
#5034=CARTESIAN_POINT('Ctrl Pts',(92.3595320181158,-37.0564804733411,20.9475844761202));
#5035=CARTESIAN_POINT('Ctrl Pts',(92.1863808722891,-37.0261625020538,20.7921817480747));
#5036=CARTESIAN_POINT('Ctrl Pts',(91.9941913951052,-36.992482588125,20.6191405888323));
#5037=CARTESIAN_POINT('Ctrl Pts',(91.9833309518434,-36.9905795740572,20.6093605250474));
#5038=CARTESIAN_POINT('Ctrl Pts',(91.972471291864,-36.9886768953451,20.5995795176567));
#5039=CARTESIAN_POINT('Ctrl Pts',(92.5885705452905,-37.0302561127924,21.0359879290926));
#5040=CARTESIAN_POINT('Ctrl Pts',(92.4223593444784,-37.001104199432,20.8878345684477));
#5041=CARTESIAN_POINT('Ctrl Pts',(92.2490620835051,-36.9706893814635,20.7327787564067));
#5042=CARTESIAN_POINT('Ctrl Pts',(92.0567140322823,-36.9369120770654,20.5600833070584));
#5043=CARTESIAN_POINT('Ctrl Pts',(92.0458402546012,-36.9350027200792,20.5503194321994));
#5044=CARTESIAN_POINT('Ctrl Pts',(92.0349669991102,-36.9330935866637,20.540554928268));
#5045=CARTESIAN_POINT('Ctrl Pts',(92.6515434509049,-36.9749833048979,20.9758711980471));
#5046=CARTESIAN_POINT('Ctrl Pts',(92.4851866961073,-36.9457279170688,20.8280846909353));
#5047=CARTESIAN_POINT('Ctrl Pts',(92.31174331857,-36.9152162526222,20.6733757938235));
#5048=CARTESIAN_POINT('Ctrl Pts',(92.1192366694642,-36.8813415660069,20.5010260252789));
#5049=CARTESIAN_POINT('Ctrl Pts',(92.108349557364,-36.8794258661022,20.4912783393458));
#5050=CARTESIAN_POINT('Ctrl Pts',(92.0974627063564,-36.8775102779824,20.4815303388793));
#5051=CARTESIAN_POINT('Ctrl Pts',(92.7145163565192,-36.9197104970035,20.9157544670016));
#5052=CARTESIAN_POINT('Ctrl Pts',(92.5480140224699,-36.8903516431596,20.7683347832628));
#5053=CARTESIAN_POINT('Ctrl Pts',(92.374424529786,-36.859743132032,20.6139728021555));
#5054=CARTESIAN_POINT('Ctrl Pts',(92.1817593066412,-36.8257710549474,20.4419687435051));
#5055=CARTESIAN_POINT('Ctrl Pts',(92.1708588601219,-36.8238490121242,20.4322372464978));
#5056=CARTESIAN_POINT('Ctrl Pts',(92.1599584136026,-36.8219269693011,20.4225057494906));
#5057=CARTESIAN_POINT('',(92.2516245608802,-36.8380901842837,20.5043200213185));
#5058=CARTESIAN_POINT('Ctrl Pts',(92.6967254279404,-36.9165734762832,20.9));
#5059=CARTESIAN_POINT('Ctrl Pts',(92.6704221196465,-36.9119354933491,20.8767037941088));
#5060=CARTESIAN_POINT('Ctrl Pts',(92.6439417451208,-36.9072662888609,20.8532342299824));
#5061=CARTESIAN_POINT('Ctrl Pts',(92.5717467350674,-36.894536360716,20.7892033213544));
#5062=CARTESIAN_POINT('Ctrl Pts',(92.5256851627854,-36.8864144627488,20.7483030283423));
#5063=CARTESIAN_POINT('Ctrl Pts',(92.4790751036168,-36.878195851745,20.7068687176386));
#5064=CARTESIAN_POINT('Ctrl Pts',(92.4276853398698,-36.8691344498642,20.6611854579289));
#5065=CARTESIAN_POINT('Ctrl Pts',(92.3756288582151,-36.8599554876277,20.6148530679452));
#5066=CARTESIAN_POINT('Ctrl Pts',(92.2992662857539,-36.8464907057865,20.5468065438439));
#5067=CARTESIAN_POINT('Ctrl Pts',(92.2755355330829,-36.842306333818,20.5256491136815));
#5068=CARTESIAN_POINT('Ctrl Pts',(92.2516245608802,-36.8380901842837,20.5043200213185));
#5069=CARTESIAN_POINT('Ctrl Pts',(92.2516245607701,-36.8380901843427,20.5043200213556));
#5070=CARTESIAN_POINT('Ctrl Pts',(92.2048535619806,-36.863118506836,20.5200864206947));
#5071=CARTESIAN_POINT('Ctrl Pts',(92.1580552713735,-36.8881511310809,20.5357649581377));
#5072=CARTESIAN_POINT('Ctrl Pts',(92.0665295740342,-36.9370888680785,20.5662414536762));
#5073=CARTESIAN_POINT('Ctrl Pts',(92.0211701112288,-36.961332769776,20.5812583426668));
#5074=CARTESIAN_POINT('Ctrl Pts',(91.9762041769946,-36.9853568896371,20.5960539633616));
#5075=CARTESIAN_POINT('Ctrl Pts',(91.9762041769943,-36.9853568896373,20.5960539633617));
#5076=CARTESIAN_POINT('Ctrl Pts',(91.6243854349485,-36.9241671105543,16.6463669926673));
#5077=CARTESIAN_POINT('Ctrl Pts',(91.2437080193185,-36.8577421258201,12.3489408317377));
#5078=CARTESIAN_POINT('Ctrl Pts',(90.8250688513186,-36.7845236615566,7.60124903781175));
#5079=CARTESIAN_POINT('Ctrl Pts',(92.070069098134,-36.9366308910864,20.588396661802));
#5080=CARTESIAN_POINT('Ctrl Pts',(91.7173112094238,-36.8749938564106,16.6388386549394));
#5081=CARTESIAN_POINT('Ctrl Pts',(91.3357675836036,-36.8081832044407,12.3415256752098));
#5082=CARTESIAN_POINT('Ctrl Pts',(90.9163216028884,-36.7346227376048,7.59393596051034));
#5083=CARTESIAN_POINT('Ctrl Pts',(92.1639340192737,-36.8879048925355,20.5807393602424));
#5084=CARTESIAN_POINT('Ctrl Pts',(91.8102368198642,-36.8258201919755,16.6313104482282));
#5085=CARTESIAN_POINT('Ctrl Pts',(91.427833822852,-36.7586251571067,12.3341854291729));
#5086=CARTESIAN_POINT('Ctrl Pts',(91.0075743544582,-36.684721813653,7.58662288320892));
#5087=CARTESIAN_POINT('Ctrl Pts',(92.2577989404134,-36.8391788939846,20.5730820586828));
#5088=CARTESIAN_POINT('Ctrl Pts',(91.9031625943395,-36.7766469378319,16.6237821105004));
#5089=CARTESIAN_POINT('Ctrl Pts',(91.519893387137,-36.7090662357273,12.3267702726449));
#5090=CARTESIAN_POINT('Ctrl Pts',(91.098827106028,-36.6348208897013,7.57930980590751));
#5091=CARTESIAN_POINT('',(91.1068575388313,-36.6362368716712,7.6698488388138));
#5092=CARTESIAN_POINT('Ctrl Pts',(92.2516245588653,-36.8380901839285,20.504320021505));
#5093=CARTESIAN_POINT('Ctrl Pts',(91.900972715408,-36.7762608030918,16.5990616116386));
#5094=CARTESIAN_POINT('Ctrl Pts',(91.5223283455096,-36.7094955845853,12.3539158188876));
#5095=CARTESIAN_POINT('Ctrl Pts',(91.1068575415984,-36.6362368721591,7.66984883856072));
#5096=CARTESIAN_POINT('Ctrl Pts',(91.1068575880317,-36.6362368803466,7.66984936205477));
#5097=CARTESIAN_POINT('Ctrl Pts',(91.0604365835627,-36.6606521134109,7.65845995252955));
#5098=CARTESIAN_POINT('Ctrl Pts',(91.0140096036906,-36.6850769843777,7.64711289983377));
#5099=CARTESIAN_POINT('Ctrl Pts',(90.9675776334366,-36.7095109311447,7.63580832926486));
#5100=CARTESIAN_POINT('Ctrl Pts',(90.9201629400967,-36.734462017362,7.62426449978847));
#5101=CARTESIAN_POINT('Ctrl Pts',(90.8724185517143,-36.759593376889,7.61268617076185));
#5102=CARTESIAN_POINT('Ctrl Pts',(90.8250688513186,-36.7845236615566,7.60124903781175));
#5103=CARTESIAN_POINT('Ctrl Pts',(90.8227180445637,-36.7864505825649,7.59938089449509));
#5104=CARTESIAN_POINT('Ctrl Pts',(90.8300866758625,-36.787744053959,7.59139967492298));
#5105=CARTESIAN_POINT('Ctrl Pts',(90.8374555680988,-36.7890376259421,7.58341871422371));
#5106=CARTESIAN_POINT('Ctrl Pts',(91.0040332550261,-36.8182807664789,7.40301724405771));
#5107=CARTESIAN_POINT('Ctrl Pts',(91.1579079979063,-36.8452817926676,7.23664323939281));
#5108=CARTESIAN_POINT('Ctrl Pts',(91.3495927037299,-36.8789004270457,7.02974883066257));
#5109=CARTESIAN_POINT('Ctrl Pts',(91.3922198416798,-36.8863790327519,6.983761512338));
#5110=CARTESIAN_POINT('Ctrl Pts',(91.4348582231894,-36.8938623709717,6.93778546092984));
#5111=CARTESIAN_POINT('Ctrl Pts',(90.8897571217193,-36.7314996572899,7.65265562837362));
#5112=CARTESIAN_POINT('Ctrl Pts',(90.8971336188748,-36.732796454685,7.64468226053848));
#5113=CARTESIAN_POINT('Ctrl Pts',(90.9045102899889,-36.7340933191395,7.63670906528541));
#5114=CARTESIAN_POINT('Ctrl Pts',(91.0712276584213,-36.7634040904823,7.45651795339297));
#5115=CARTESIAN_POINT('Ctrl Pts',(91.2252366206291,-36.7904725307379,7.29035449073159));
#5116=CARTESIAN_POINT('Ctrl Pts',(91.4171079924368,-36.8241842618403,7.08373003909152));
#5117=CARTESIAN_POINT('Ctrl Pts',(91.4597818763298,-36.8316836797277,7.03778975073925));
#5118=CARTESIAN_POINT('Ctrl Pts',(91.5024632562295,-36.8391862526759,6.99185697395322));
#5119=CARTESIAN_POINT('Ctrl Pts',(90.9567961988749,-36.676548732015,7.70593036225216));
#5120=CARTESIAN_POINT('Ctrl Pts',(90.9641805618877,-36.6778488554112,7.6979648461545));
#5121=CARTESIAN_POINT('Ctrl Pts',(90.9715650118795,-36.6791490123371,7.68999941634763));
#5122=CARTESIAN_POINT('Ctrl Pts',(91.1384220650263,-36.7085274115405,7.5100186549745));
#5123=CARTESIAN_POINT('Ctrl Pts',(91.2925652467325,-36.7356632657894,7.34406573408786));
#5124=CARTESIAN_POINT('Ctrl Pts',(91.4846232820138,-36.7694680967965,7.13771124835879));
#5125=CARTESIAN_POINT('Ctrl Pts',(91.5273439118653,-36.7769883268618,7.0918179899926));
#5126=CARTESIAN_POINT('Ctrl Pts',(91.5700682892696,-36.7845101343801,7.0459284869766));
#5127=CARTESIAN_POINT('Ctrl Pts',(91.0238352760305,-36.62159780674,7.75920509613069));
#5128=CARTESIAN_POINT('Ctrl Pts',(91.0312275049001,-36.6229012561373,7.75124743177001));
#5129=CARTESIAN_POINT('Ctrl Pts',(91.0386197337696,-36.6242047055345,7.74328976740933));
#5130=CARTESIAN_POINT('Ctrl Pts',(91.2056164684215,-36.6536507355439,7.56351936430976));
#5131=CARTESIAN_POINT('Ctrl Pts',(91.3598938694552,-36.6808540038597,7.39777698542665));
#5132=CARTESIAN_POINT('Ctrl Pts',(91.5521385707207,-36.714751931591,7.19169245678774));
#5133=CARTESIAN_POINT('Ctrl Pts',(91.5949059465152,-36.7222929738377,7.14584622839386));
#5134=CARTESIAN_POINT('Ctrl Pts',(91.6376733223097,-36.7298340160844,7.09999999999998));
#5135=CARTESIAN_POINT('Ctrl Pts',(91.1068575322695,-36.6362368705142,7.66984883252564));
#5136=CARTESIAN_POINT('Ctrl Pts',(91.2449163060905,-36.6605803572624,7.52130465347963));
#5137=CARTESIAN_POINT('Ctrl Pts',(91.3789718689325,-36.6842179699055,7.37732554773416));
#5138=CARTESIAN_POINT('Ctrl Pts',(91.5521385707207,-36.714751931591,7.19169245678774));
#5139=CARTESIAN_POINT('Ctrl Pts',(91.5949059465152,-36.7222929738377,7.14584622839386));
#5140=CARTESIAN_POINT('Ctrl Pts',(91.6376733223097,-36.7298340160844,7.09999999999999));
#5141=CARTESIAN_POINT('Ctrl Pts',(91.2845080274711,-36.8674854437678,7.09999999790783));
#5142=CARTESIAN_POINT('Ctrl Pts',(91.1424655700592,-36.8425720157094,7.25334076035642));
#5143=CARTESIAN_POINT('Ctrl Pts',(90.9960514453283,-36.8168795392976,7.41166144023209));
#5144=CARTESIAN_POINT('Ctrl Pts',(90.8378507275193,-36.7891069971927,7.58299076170669));
#5145=CARTESIAN_POINT('Ctrl Pts',(90.8308767312783,-36.7878827443759,7.59054399818734));
#5146=CARTESIAN_POINT('Ctrl Pts',(90.8239030774388,-36.7866586007903,7.59809734904588));
#5147=CARTESIAN_POINT('Origin',(97.5000013515819,-39.5000018761493,7.34904867452294));
#5148=CARTESIAN_POINT('Origin',(90.8585649079433,-36.5924561817346,4.1));
#5149=CARTESIAN_POINT('',(93.1698753325491,-37.0000025703854,4.1));
#5150=CARTESIAN_POINT('Origin',(93.1698753325491,-37.0000025703854,4.1));
#5151=CARTESIAN_POINT('Origin',(97.5000013515819,-39.5000018761493,7.34904867452294));
#5152=CARTESIAN_POINT('',(93.075002285692,-33.8121285334292,7.59809734904587));
#5153=CARTESIAN_POINT('Origin',(97.5000013515819,-39.5000018761493,7.59809734904587));
#5154=CARTESIAN_POINT('Ctrl Pts',(93.4334844520401,-34.1124291077716,7.09999999790785));
#5155=CARTESIAN_POINT('Ctrl Pts',(93.3229287895467,-34.0198322174817,7.25334076033979));
#5156=CARTESIAN_POINT('Ctrl Pts',(93.2089766762619,-33.9243748178569,7.41166144021651));
#5157=CARTESIAN_POINT('Ctrl Pts',(93.0858571067836,-33.8212227319525,7.5829907617067));
#5158=CARTESIAN_POINT('Ctrl Pts',(93.0804295752814,-33.8166754997919,7.59054399818736));
#5159=CARTESIAN_POINT('Ctrl Pts',(93.075002285692,-33.8121285334292,7.5980973490459));
#5160=CARTESIAN_POINT('Origin',(97.5000013515819,-39.5000018761493,7.1));
#5161=CARTESIAN_POINT('',(93.9706902225149,-34.5630466752101,20.6019026509541));
#5162=CARTESIAN_POINT('Origin',(97.5000013515819,-39.5000018761493,20.6019026509541));
#5163=CARTESIAN_POINT('',(93.9735751662923,-34.5603568490369,20.5960539633617));
#5164=CARTESIAN_POINT('Ctrl Pts',(93.9735751662923,-34.5603568490369,20.5960539633617));
#5165=CARTESIAN_POINT('Ctrl Pts',(93.9726129564446,-34.5612533205336,20.5980033186192));
#5166=CARTESIAN_POINT('Ctrl Pts',(93.971651308748,-34.5621499293903,20.5999528815286));
#5167=CARTESIAN_POINT('Ctrl Pts',(93.9706902225149,-34.5630466752101,20.6019026509541));
#5168=CARTESIAN_POINT('',(93.0770793451038,-33.8108625087571,7.60124903781177));
#5169=CARTESIAN_POINT('Ctrl Pts',(93.0770793451038,-33.8108625087571,7.60124903781175));
#5170=CARTESIAN_POINT('Ctrl Pts',(93.4030222674501,-34.0835911428112,12.3489408313152));
#5171=CARTESIAN_POINT('Ctrl Pts',(93.6994860876685,-34.3314555748542,16.6463669922887));
#5172=CARTESIAN_POINT('Ctrl Pts',(93.9735751662923,-34.5603568490369,20.5960539633617));
#5173=CARTESIAN_POINT('Ctrl Pts',(93.075002285692,-33.8121285334292,7.59809734904588));
#5174=CARTESIAN_POINT('Ctrl Pts',(93.0756944868053,-33.8117064811759,7.5991479918361));
#5175=CARTESIAN_POINT('Ctrl Pts',(93.0763868399257,-33.811284472926,7.60019855482107));
#5176=CARTESIAN_POINT('Ctrl Pts',(93.0770793451038,-33.8108625087571,7.60124903781176));
#5177=CARTESIAN_POINT('Origin',(97.5000013515819,-39.5000018761493,20.8509513254771));
#5178=CARTESIAN_POINT('',(94.3992778461269,-34.9218051040185,21.0961046601424));
#5179=CARTESIAN_POINT('Ctrl Pts',(94.3992778461269,-34.9218051040185,21.0961046601424));
#5180=CARTESIAN_POINT('Ctrl Pts',(94.399294089627,-34.9243620283705,21.0980529367132));
#5181=CARTESIAN_POINT('Ctrl Pts',(94.399310904239,-34.9269178481126,21.1));
#5182=CARTESIAN_POINT('Ctrl Pts',(93.9706902225149,-34.5630466752101,20.6019026509541));
#5183=CARTESIAN_POINT('Ctrl Pts',(94.0125367748996,-34.5980828376926,20.6503199936956));
#5184=CARTESIAN_POINT('Ctrl Pts',(94.0541981320298,-34.6329669692858,20.6984826686448));
#5185=CARTESIAN_POINT('Ctrl Pts',(94.1361248804531,-34.7015555129035,20.7930991371778));
#5186=CARTESIAN_POINT('Ctrl Pts',(94.17654785355,-34.735394349443,20.8397371534409));
#5187=CARTESIAN_POINT('Ctrl Pts',(94.2164530260338,-34.7687966030443,20.8857309423336));
#5188=CARTESIAN_POINT('Ctrl Pts',(94.2526466629566,-34.799092150313,20.9274469002476));
#5189=CARTESIAN_POINT('Ctrl Pts',(94.2884143224066,-34.8290285352172,20.9686328738747));
#5190=CARTESIAN_POINT('Ctrl Pts',(94.3491499441932,-34.8798576888873,21.0385011243645));
#5191=CARTESIAN_POINT('Ctrl Pts',(94.3743166448121,-34.9009180978899,21.0674314351471));
#5192=CARTESIAN_POINT('Ctrl Pts',(94.3992778461268,-34.9218051040186,21.0961046601424));
#5193=CARTESIAN_POINT('Ctrl Pts',(94.3992778461268,-34.9218051040186,21.0961046601424));
#5194=CARTESIAN_POINT('Ctrl Pts',(94.2699850228276,-34.8136155998918,20.9475844761179));
#5195=CARTESIAN_POINT('Ctrl Pts',(94.1351907174995,-34.7007838936595,20.7921817480823));
#5196=CARTESIAN_POINT('Ctrl Pts',(93.985589704876,-34.5755214940024,20.6191405888323));
#5197=CARTESIAN_POINT('Ctrl Pts',(93.9771357921487,-34.5684432138451,20.6093605250474));
#5198=CARTESIAN_POINT('Ctrl Pts',(93.9686823900862,-34.5613656157554,20.5995795176567));
#5199=CARTESIAN_POINT('Ctrl Pts',(94.4814503860862,-34.9054239010507,21.0359879290969));
#5200=CARTESIAN_POINT('Ctrl Pts',(94.3520832204639,-34.7970720031008,20.8878345684455));
#5201=CARTESIAN_POINT('Ctrl Pts',(94.2172107990475,-34.6840833676092,20.7327787564143));
#5202=CARTESIAN_POINT('Ctrl Pts',(94.0675211525126,-34.5586573383121,20.5600833070584));
#5203=CARTESIAN_POINT('Ctrl Pts',(94.0590588632989,-34.5515668978167,20.5503194321994));
#5204=CARTESIAN_POINT('Ctrl Pts',(94.0505969145295,-34.5444769120341,20.540554928268));
#5205=CARTESIAN_POINT('Ctrl Pts',(94.5636229260456,-34.8890426980827,20.9758711980514));
#5206=CARTESIAN_POINT('Ctrl Pts',(94.4341814442087,-34.7805284116216,20.828084690933));
#5207=CARTESIAN_POINT('Ctrl Pts',(94.2992309053751,-34.6673828463376,20.6733757938311));
#5208=CARTESIAN_POINT('Ctrl Pts',(94.1494526001531,-34.5417931826251,20.5010260252789));
#5209=CARTESIAN_POINT('Ctrl Pts',(94.1409819344528,-34.5346905817916,20.4912783393458));
#5210=CARTESIAN_POINT('Ctrl Pts',(94.1325114389728,-34.5275882083128,20.4815303388793));
#5211=CARTESIAN_POINT('Ctrl Pts',(94.6457954660049,-34.8726614951148,20.9157544670059));
#5212=CARTESIAN_POINT('Ctrl Pts',(94.516279641845,-34.7639848148306,20.7683347832605));
#5213=CARTESIAN_POINT('Ctrl Pts',(94.3812509869232,-34.6506823202873,20.6139728021631));
#5214=CARTESIAN_POINT('Ctrl Pts',(94.2313840477898,-34.5249290269348,20.4419687435051));
#5215=CARTESIAN_POINT('Ctrl Pts',(94.222905005603,-34.5178142657631,20.4322372464978));
#5216=CARTESIAN_POINT('Ctrl Pts',(94.2144259634162,-34.5106995045915,20.4225057494906));
#5217=CARTESIAN_POINT('',(94.6319565802553,-34.8610492911863,20.9));
#5218=CARTESIAN_POINT('Ctrl Pts',(94.3992778461268,-34.9218051040186,21.0961046601424));
#5219=CARTESIAN_POINT('Ctrl Pts',(94.4380774586644,-34.9117058732442,21.0634282903281));
#5220=CARTESIAN_POINT('Ctrl Pts',(94.4768690038697,-34.9015928839036,21.030746566422));
#5221=CARTESIAN_POINT('Ctrl Pts',(94.5544286273011,-34.8813410220719,20.9653783752494));
#5222=CARTESIAN_POINT('Ctrl Pts',(94.593196724109,-34.871202150611,20.9326918968281));
#5223=CARTESIAN_POINT('Ctrl Pts',(94.6319565802553,-34.8610492911863,20.9));
#5224=CARTESIAN_POINT('',(94.2857295681344,-34.5705303330121,20.5043200213185));
#5225=CARTESIAN_POINT('Ctrl Pts',(94.6319565802553,-34.8610492911863,20.9));
#5226=CARTESIAN_POINT('Ctrl Pts',(94.6114962385352,-34.8438810259953,20.8767037941076));
#5227=CARTESIAN_POINT('Ctrl Pts',(94.5908981637375,-34.8265971890296,20.8532342299804));
#5228=CARTESIAN_POINT('Ctrl Pts',(94.5347404150768,-34.7794752428406,20.7892033213519));
#5229=CARTESIAN_POINT('Ctrl Pts',(94.4989108723267,-34.7494106867337,20.7483030283406));
#5230=CARTESIAN_POINT('Ctrl Pts',(94.4626546825175,-34.7189881312369,20.7068687176378));
#5231=CARTESIAN_POINT('Ctrl Pts',(94.4226805425594,-34.6854458451415,20.6611854579292));
#5232=CARTESIAN_POINT('Ctrl Pts',(94.3821877881341,-34.6514683898379,20.6148530679466));
#5233=CARTESIAN_POINT('Ctrl Pts',(94.322788251405,-34.6016262604764,20.5468065438453));
#5234=CARTESIAN_POINT('Ctrl Pts',(94.3043290027247,-34.586137111717,20.5256491136824));
#5235=CARTESIAN_POINT('Ctrl Pts',(94.2857295681344,-34.5705303330121,20.5043200213185));
#5236=CARTESIAN_POINT('Ctrl Pts',(94.2857295680095,-34.5705303330081,20.5043200213556));
#5237=CARTESIAN_POINT('Ctrl Pts',(94.2327096675099,-34.5688199687659,20.5200866782612));
#5238=CARTESIAN_POINT('Ctrl Pts',(94.1796639798835,-34.5670996837169,20.5357654704002));
#5239=CARTESIAN_POINT('Ctrl Pts',(94.0759315365444,-34.5637181580562,20.5662419587137));
#5240=CARTESIAN_POINT('Ctrl Pts',(94.0245280110954,-34.5620342898542,20.5812585913661));
#5241=CARTESIAN_POINT('Ctrl Pts',(93.9735751662926,-34.5603568490369,20.5960539633616));
#5242=CARTESIAN_POINT('Ctrl Pts',(94.9886761910159,-33.9724718975318,20.5995795171805));
#5243=CARTESIAN_POINT('Ctrl Pts',(94.9905788699874,-33.9833315590086,20.6093605258365));
#5244=CARTESIAN_POINT('Ctrl Pts',(94.9924818843147,-33.9941920037682,20.6191405908864));
#5245=CARTESIAN_POINT('Ctrl Pts',(95.0261617984581,-34.1863814824533,20.7921817499843));
#5246=CARTESIAN_POINT('Ctrl Pts',(95.0564797697074,-34.3595326283445,20.947584476613));
#5247=CARTESIAN_POINT('Ctrl Pts',(95.0855282170247,-34.525598250048,21.0961046592111));
#5248=CARTESIAN_POINT('Ctrl Pts',(94.9330928826988,-34.0349676053713,20.5405549264886));
#5249=CARTESIAN_POINT('Ctrl Pts',(94.9350020163758,-34.0458408623631,20.550319431681));
#5250=CARTESIAN_POINT('Ctrl Pts',(94.9369113736237,-34.0567146415451,20.5600833078008));
#5251=CARTESIAN_POINT('Ctrl Pts',(94.9706886782542,-34.2490626942752,20.7327787569545));
#5252=CARTESIAN_POINT('Ctrl Pts',(95.0011034962013,-34.4223599553145,20.88783456753));
#5253=CARTESIAN_POINT('Ctrl Pts',(95.030255409551,-34.588571156269,21.0359879267035));
#5254=CARTESIAN_POINT('Ctrl Pts',(94.8775095743817,-34.0974633132108,20.4815303357967));
#5255=CARTESIAN_POINT('Ctrl Pts',(94.8794251627652,-34.1083501657225,20.4912783375199));
#5256=CARTESIAN_POINT('Ctrl Pts',(94.8813408629336,-34.119237279327,20.5010260247096));
#5257=CARTESIAN_POINT('Ctrl Pts',(94.9152155497991,-34.3117439299462,20.6733757930094));
#5258=CARTESIAN_POINT('Ctrl Pts',(94.9457272142411,-34.4851873075508,20.828084688607));
#5259=CARTESIAN_POINT('Ctrl Pts',(94.9749826020773,-34.6515440624901,20.9758711941959));
#5260=CARTESIAN_POINT('Ctrl Pts',(94.8219262660647,-34.1599590210503,20.4225057451048));
#5261=CARTESIAN_POINT('Ctrl Pts',(94.8238483091536,-34.1708594690771,20.4322372433644));
#5262=CARTESIAN_POINT('Ctrl Pts',(94.8257703522426,-34.1817599171039,20.441968741624));
#5263=CARTESIAN_POINT('Ctrl Pts',(94.8597424295951,-34.3744251417681,20.6139727999795));
#5264=CARTESIAN_POINT('Ctrl Pts',(94.8903509407349,-34.5480146345208,20.768334779524));
#5265=CARTESIAN_POINT('Ctrl Pts',(94.9197097946036,-34.7145169687112,20.9157544616882));
#5266=CARTESIAN_POINT('',(95.0855282170246,-34.5255982500474,21.0961046592106));
#5267=CARTESIAN_POINT('',(94.9891281150903,-33.9750512616996,20.6019026509541));
#5268=CARTESIAN_POINT('Ctrl Pts',(95.0855282170246,-34.5255982500473,21.0961046592106));
#5269=CARTESIAN_POINT('Ctrl Pts',(95.0799201400149,-34.4935377139024,21.0674314357366));
#5270=CARTESIAN_POINT('Ctrl Pts',(95.0742646413679,-34.4612125087278,21.0385011264969));
#5271=CARTESIAN_POINT('Ctrl Pts',(95.0606131141204,-34.3831993414602,20.9686328775638));
#5272=CARTESIAN_POINT('Ctrl Pts',(95.0525712739515,-34.3372554468157,20.9274469039167));
#5273=CARTESIAN_POINT('Ctrl Pts',(95.0444313787859,-34.29076306367,20.8857309459716));
#5274=CARTESIAN_POINT('Ctrl Pts',(95.0354567646864,-34.2395030426484,20.8397371565264));
#5275=CARTESIAN_POINT('Ctrl Pts',(95.0263629589737,-34.1875763016503,20.7930991396828));
#5276=CARTESIAN_POINT('Ctrl Pts',(95.0079269116279,-34.0823313821505,20.6984826699311));
#5277=CARTESIAN_POINT('Ctrl Pts',(94.9985470458471,-34.0288095215237,20.6503199943247));
#5278=CARTESIAN_POINT('Ctrl Pts',(94.9891281150903,-33.9750512616996,20.601902650954));
#5279=CARTESIAN_POINT('',(94.9853561845059,-33.976204783624,20.5960539619327));
#5280=CARTESIAN_POINT('Ctrl Pts',(94.9891281150903,-33.9750512616997,20.6019026509541));
#5281=CARTESIAN_POINT('Ctrl Pts',(94.9878709670085,-33.9754352140213,20.599952881044));
#5282=CARTESIAN_POINT('Ctrl Pts',(94.9866136568139,-33.9758197210646,20.5980033176584));
#5283=CARTESIAN_POINT('Ctrl Pts',(94.9853561845059,-33.976204783624,20.5960539619327));
#5284=CARTESIAN_POINT('',(94.838089481947,-34.2516251734304,20.504320020697));
#5285=CARTESIAN_POINT('Ctrl Pts',(94.9853561845057,-33.9762047836243,20.5960539619326));
#5286=CARTESIAN_POINT('Ctrl Pts',(94.9603701241332,-34.0229711833756,20.5806659153784));
#5287=CARTESIAN_POINT('Ctrl Pts',(94.9351457255059,-34.0701644023158,20.5650382766459));
#5288=CARTESIAN_POINT('Ctrl Pts',(94.8862016326847,-34.1616991097488,20.5345442426288));
#5289=CARTESIAN_POINT('Ctrl Pts',(94.8621435707354,-34.2066747456385,20.5194727091908));
#5290=CARTESIAN_POINT('Ctrl Pts',(94.838089482006,-34.2516251733203,20.5043200207342));
#5291=CARTESIAN_POINT('',(94.9165727749051,-34.6967260459273,20.9));
#5292=CARTESIAN_POINT('Ctrl Pts',(94.838089481947,-34.2516251734304,20.504320020697));
#5293=CARTESIAN_POINT('Ctrl Pts',(94.8423056314217,-34.2755361452948,20.5256491125491));
#5294=CARTESIAN_POINT('Ctrl Pts',(94.8464900033305,-34.299266897628,20.5468065422006));
#5295=CARTESIAN_POINT('Ctrl Pts',(94.8599547853176,-34.3756294709165,20.6148530663568));
#5296=CARTESIAN_POINT('Ctrl Pts',(94.8691337477539,-34.4276859537041,20.6611854568703));
#5297=CARTESIAN_POINT('Ctrl Pts',(94.8781951498305,-34.4790757185614,20.7068687170809));
#5298=CARTESIAN_POINT('Ctrl Pts',(94.8864137609193,-34.525685778212,20.7483030277721));
#5299=CARTESIAN_POINT('Ctrl Pts',(94.8945356589704,-34.5717473509698,20.7892033207602));
#5300=CARTESIAN_POINT('Ctrl Pts',(94.9072655872941,-34.643942362037,20.8532342295701));
#5301=CARTESIAN_POINT('Ctrl Pts',(94.9119347918771,-34.6704227371006,20.8767037939062));
#5302=CARTESIAN_POINT('Ctrl Pts',(94.9165727749051,-34.6967260459273,20.9));
#5303=CARTESIAN_POINT('Ctrl Pts',(94.9165727749051,-34.6967260459273,20.9));
#5304=CARTESIAN_POINT('Ctrl Pts',(94.9447442634655,-34.6682365397236,20.932690651183));
#5305=CARTESIAN_POINT('Ctrl Pts',(94.9729077590317,-34.6397329039985,20.9653758843691));
#5306=CARTESIAN_POINT('Ctrl Pts',(95.0292262026885,-34.5826902255766,21.0307440814771));
#5307=CARTESIAN_POINT('Ctrl Pts',(95.0573811580252,-34.5541511640614,21.0634270557984));
#5308=CARTESIAN_POINT('Ctrl Pts',(95.0855282170247,-34.525598250048,21.0961046592111));
#5309=CARTESIAN_POINT('Ctrl Pts',(94.8938616665871,-33.4348588285881,6.93778545735498));
#5310=CARTESIAN_POINT('Ctrl Pts',(94.8863783282891,-33.3922204465914,6.98376150896081));
#5311=CARTESIAN_POINT('Ctrl Pts',(94.8788997225064,-33.3495933081571,7.02974882748621));
#5312=CARTESIAN_POINT('Ctrl Pts',(94.8452810879104,-33.15790860085,7.23664323639723));
#5313=CARTESIAN_POINT('Ctrl Pts',(94.8182800615677,-33.0040338569165,7.40301724113653));
#5314=CARTESIAN_POINT('Ctrl Pts',(94.7890369206975,-32.8374561679183,7.5834187124696));
#5315=CARTESIAN_POINT('Ctrl Pts',(94.7877433485442,-32.830087274705,7.59139967417963));
#5316=CARTESIAN_POINT('Ctrl Pts',(94.7864498769801,-32.8227186424294,7.59938089476263));
#5317=CARTESIAN_POINT('Ctrl Pts',(94.8391855486885,-33.502463862393,6.99185697156998));
#5318=CARTESIAN_POINT('Ctrl Pts',(94.8316829756589,-33.4597824820023,7.03778974854929));
#5319=CARTESIAN_POINT('Ctrl Pts',(94.8241835576911,-33.4171085976203,7.08373003709693));
#5320=CARTESIAN_POINT('Ctrl Pts',(94.7904718263537,-33.2252372243143,7.29035448887896));
#5321=CARTESIAN_POINT('Ctrl Pts',(94.7634033859318,-33.0712282610438,7.4565179515838));
#5322=CARTESIAN_POINT('Ctrl Pts',(94.7340926142431,-32.9045108905291,7.63670906461176));
#5323=CARTESIAN_POINT('Ctrl Pts',(94.7327957496174,-32.8971342184362,7.64468226087363));
#5324=CARTESIAN_POINT('Ctrl Pts',(94.7314989520511,-32.8897577203019,7.65265562971766));
#5325=CARTESIAN_POINT('Ctrl Pts',(94.7845094307899,-33.570068896198,7.04592848578498));
#5326=CARTESIAN_POINT('Ctrl Pts',(94.7769876231869,-33.5273445182989,7.09181798898986));
#5327=CARTESIAN_POINT('Ctrl Pts',(94.7694673930374,-33.4846238879536,7.13771124754597));
#5328=CARTESIAN_POINT('Ctrl Pts',(94.7356625617781,-33.2925658511593,7.34406573337817));
#5329=CARTESIAN_POINT('Ctrl Pts',(94.7085267073508,-33.1384226683811,7.51001865427735));
#5330=CARTESIAN_POINT('Ctrl Pts',(94.6791483077887,-32.9715656131404,7.68999941675443));
#5331=CARTESIAN_POINT('Ctrl Pts',(94.6778481506906,-32.9641811621679,7.69796484756815));
#5332=CARTESIAN_POINT('Ctrl Pts',(94.6765480271222,-32.9567967981744,7.70593036467269));
#5333=CARTESIAN_POINT('Ctrl Pts',(94.7298333128913,-33.6376739300029,7.09999999999998));
#5334=CARTESIAN_POINT('Ctrl Pts',(94.7222922705567,-33.5949065537099,7.14584622857834));
#5335=CARTESIAN_POINT('Ctrl Pts',(94.7147512282221,-33.5521391774168,7.19169245715669));
#5336=CARTESIAN_POINT('Ctrl Pts',(94.6808533002214,-33.3598944746237,7.39777698585991));
#5337=CARTESIAN_POINT('Ctrl Pts',(94.6536500317149,-33.2056170725085,7.56351936472463));
#5338=CARTESIAN_POINT('Ctrl Pts',(94.6242040013343,-33.0386203357512,7.74328976889659));
#5339=CARTESIAN_POINT('Ctrl Pts',(94.6229005517637,-33.031228105899,7.75124743426215));
#5340=CARTESIAN_POINT('Ctrl Pts',(94.6215971021932,-33.0238358760469,7.75920509962771));
#5341=CARTESIAN_POINT('',(94.7866578952499,-32.8239036755584,7.59809734904588));
#5342=CARTESIAN_POINT('Ctrl Pts',(94.7866578952499,-32.8239036755584,7.59809734904587));
#5343=CARTESIAN_POINT('Ctrl Pts',(94.7878820389907,-32.8308773302902,7.59054399726564));
#5344=CARTESIAN_POINT('Ctrl Pts',(94.7891062919629,-32.8378513274235,7.58299075986336));
#5345=CARTESIAN_POINT('Ctrl Pts',(94.8168788342066,-32.9960520461868,7.41166143837685));
#5346=CARTESIAN_POINT('Ctrl Pts',(94.8425713106047,-33.1424661710052,7.25334075941433));
#5347=CARTESIAN_POINT('Ctrl Pts',(94.8674847386484,-33.2845086285097,7.09999999790784));
#5348=CARTESIAN_POINT('',(94.636236167738,-33.1068581423274,7.66984883916256));
#5349=CARTESIAN_POINT('Ctrl Pts',(94.7298333128913,-33.6376739300029,7.09999999999998));
#5350=CARTESIAN_POINT('Ctrl Pts',(94.7222922705567,-33.5949065537099,7.14584622857834));
#5351=CARTESIAN_POINT('Ctrl Pts',(94.7147512282221,-33.5521391774168,7.19169245715669));
#5352=CARTESIAN_POINT('Ctrl Pts',(94.6842172662962,-33.3789724742657,7.37732554814697));
#5353=CARTESIAN_POINT('Ctrl Pts',(94.6605796534939,-33.2449169105204,7.52130465382804));
#5354=CARTESIAN_POINT('Ctrl Pts',(94.636236166581,-33.1068581357656,7.66984883287441));
#5355=CARTESIAN_POINT('',(94.7845229555106,-32.8250694497868,7.6012490385759));
#5356=CARTESIAN_POINT('Ctrl Pts',(94.6362361764134,-33.1068581915278,7.66984936240411));
#5357=CARTESIAN_POINT('Ctrl Pts',(94.6612133054795,-33.0593688452554,7.65819783510874));
#5358=CARTESIAN_POINT('Ctrl Pts',(94.6862005266533,-33.0118732352543,7.64659063687192));
#5359=CARTESIAN_POINT('Ctrl Pts',(94.7111972349487,-32.9643724212661,7.63502789509447));
#5360=CARTESIAN_POINT('Ctrl Pts',(94.7355819340707,-32.9180345977628,7.62374825075339));
#5361=CARTESIAN_POINT('Ctrl Pts',(94.7601491406874,-32.8713622571776,7.61243088291477));
#5362=CARTESIAN_POINT('Ctrl Pts',(94.7845229555106,-32.8250694497868,7.6012490385759));
#5363=CARTESIAN_POINT('Ctrl Pts',(94.7845229555106,-32.8250694497868,7.6012490385759));
#5364=CARTESIAN_POINT('Ctrl Pts',(94.7852346399592,-32.8246807046777,7.60019855532863));
#5365=CARTESIAN_POINT('Ctrl Pts',(94.785946286553,-32.8242921132959,7.59914799208894));
#5366=CARTESIAN_POINT('Ctrl Pts',(94.7866578952499,-32.8239036755584,7.59809734904588));
#5367=CARTESIAN_POINT('Ctrl Pts',(94.7845229555106,-32.8250694497868,7.6012490385759));
#5368=CARTESIAN_POINT('Ctrl Pts',(94.8577414201349,-33.2437086206612,12.348940836537));
#5369=CARTESIAN_POINT('Ctrl Pts',(94.9241664051725,-33.6243860389845,16.6463669967166));
#5370=CARTESIAN_POINT('Ctrl Pts',(94.9853561845059,-33.976204783624,20.5960539619327));
#5371=CARTESIAN_POINT('Ctrl Pts',(94.7346220322589,-32.9163222030088,7.59393596106845));
#5372=CARTESIAN_POINT('Ctrl Pts',(94.8081824995204,-33.33576818669,12.3415256797866));
#5373=CARTESIAN_POINT('Ctrl Pts',(94.8749931518682,-33.7173118153018,16.6388386587477));
#5374=CARTESIAN_POINT('Ctrl Pts',(94.9366301868816,-34.0700697067092,20.5883966601102));
#5375=CARTESIAN_POINT('Ctrl Pts',(94.6847211090072,-33.0075749562307,7.586622883561));
#5376=CARTESIAN_POINT('Ctrl Pts',(94.7586244529517,-33.4278344276841,12.3341854335473));
#5377=CARTESIAN_POINT('Ctrl Pts',(94.8258194882725,-33.8102374275842,16.6313104517956));
#5378=CARTESIAN_POINT('Ctrl Pts',(94.8879041892573,-34.1639346297943,20.5807393582878));
#5379=CARTESIAN_POINT('Ctrl Pts',(94.6348201857555,-33.0988277094527,7.57930980605354));
#5380=CARTESIAN_POINT('Ctrl Pts',(94.7090655323372,-33.519893993713,12.326770276797));
#5381=CARTESIAN_POINT('Ctrl Pts',(94.7766462349683,-33.9031632039015,16.6237821138267));
#5382=CARTESIAN_POINT('Ctrl Pts',(94.839178191633,-34.2577995528795,20.5730820564654));
#5383=CARTESIAN_POINT('Ctrl Pts',(94.9853561845059,-33.976204783624,20.5960539619327));
#5384=CARTESIAN_POINT('Ctrl Pts',(94.9241664051725,-33.6243860389845,16.6463669967166));
#5385=CARTESIAN_POINT('Ctrl Pts',(94.8577414201349,-33.2437086206612,12.348940836537));
#5386=CARTESIAN_POINT('Ctrl Pts',(94.7845229555106,-32.8250694497868,7.6012490385759));
#5387=CARTESIAN_POINT('Ctrl Pts',(94.636236168226,-33.1068581450945,7.66984883890949));
#5388=CARTESIAN_POINT('Ctrl Pts',(94.7094948812093,-33.5223289521653,12.3539158236824));
#5389=CARTESIAN_POINT('Ctrl Pts',(94.776260100243,-33.9009733250539,16.5990616160617));
#5390=CARTESIAN_POINT('Ctrl Pts',(94.8380894815918,-34.2516251714155,20.5043200208836));
#5391=CARTESIAN_POINT('Origin',(95.5064223216334,-37.4660520082828,21.));
#5392=CARTESIAN_POINT('Ctrl Pts',(95.0899394552693,-34.5281832517755,21.1));
#5393=CARTESIAN_POINT('Ctrl Pts',(95.0877344572162,-34.5268907797515,21.0980529362285));
#5394=CARTESIAN_POINT('Ctrl Pts',(95.0855282170246,-34.5255982500474,21.0961046592106));
#5395=CARTESIAN_POINT('',(95.0000018703935,-35.1698759583979,20.9));
#5396=CARTESIAN_POINT('',(95.4079415463322,-37.4834168260495,20.9));
#5397=CARTESIAN_POINT('',(95.0000018703935,-35.1698759583979,20.9));
#5398=CARTESIAN_POINT('Origin',(95.8363982873638,-36.0022366123289,21.));
#5399=CARTESIAN_POINT('',(95.9006770483324,-35.925632168017,20.9));
#5400=CARTESIAN_POINT('Ctrl Pts',(93.9735751662923,-34.5603568490369,20.5960539633617));
#5401=CARTESIAN_POINT('Ctrl Pts',(93.6994860876685,-34.3314555748542,16.6463669922887));
#5402=CARTESIAN_POINT('Ctrl Pts',(93.4030222674501,-34.0835911428112,12.3489408313152));
#5403=CARTESIAN_POINT('Ctrl Pts',(93.0770793451038,-33.8108625087571,7.60124903781175));
#5404=CARTESIAN_POINT('Ctrl Pts',(94.079227571799,-34.5650913570369,20.5883966618021));
#5405=CARTESIAN_POINT('Ctrl Pts',(93.8045487961022,-34.3353331748167,16.6388386545608));
#5406=CARTESIAN_POINT('Ctrl Pts',(93.507527649472,-34.0867016400549,12.3415256747873));
#5407=CARTESIAN_POINT('Ctrl Pts',(93.1810570081044,-33.8132734167275,7.59393596051034));
#5408=CARTESIAN_POINT('Ctrl Pts',(94.1848799773057,-34.5698258650369,20.5807393602424));
#5409=CARTESIAN_POINT('Ctrl Pts',(93.9096115676234,-34.3392103374389,16.6313104478497));
#5410=CARTESIAN_POINT('Ctrl Pts',(93.6120383751589,-34.0898162317258,12.3341854287504));
#5411=CARTESIAN_POINT('Ctrl Pts',(93.285034671105,-33.8156843246979,7.58662288320893));
#5412=CARTESIAN_POINT('Ctrl Pts',(94.2905323828123,-34.574560373037,20.5730820586828));
#5413=CARTESIAN_POINT('Ctrl Pts',(94.0146742760571,-34.3430879374014,16.6237821101218));
#5414=CARTESIAN_POINT('Ctrl Pts',(93.7165437571807,-34.0929267289695,12.3267702722225));
#5415=CARTESIAN_POINT('Ctrl Pts',(93.3890123341056,-33.8180952326682,7.57930980590752));
#5416=CARTESIAN_POINT('',(93.3952589019316,-33.8233367254272,7.66984883881377));
#5417=CARTESIAN_POINT('Ctrl Pts',(94.285729566567,-34.570530331697,20.504320021505));
#5418=CARTESIAN_POINT('Ctrl Pts',(94.0129708526419,-34.3416585954419,16.5990616112689));
#5419=CARTESIAN_POINT('Ctrl Pts',(93.7184378185602,-34.0945160351745,12.3539158184756));
#5420=CARTESIAN_POINT('Ctrl Pts',(93.395258904084,-33.8233367272333,7.66984883856069));
#5421=CARTESIAN_POINT('Ctrl Pts',(93.3952589402027,-33.8233367575404,7.66984936205473));
#5422=CARTESIAN_POINT('Ctrl Pts',(93.3422345558232,-33.8212462204666,7.65832630333571));
#5423=CARTESIAN_POINT('Ctrl Pts',(93.2891999354366,-33.8191611686942,7.6468466013508));
#5424=CARTESIAN_POINT('Ctrl Pts',(93.2361563246152,-33.817081610708,7.63541039710048));
#5425=CARTESIAN_POINT('Ctrl Pts',(93.1832383811648,-33.8150069794713,7.62400128673947));
#5426=CARTESIAN_POINT('Ctrl Pts',(93.1299420145692,-33.8129233759183,7.61255601315608));
#5427=CARTESIAN_POINT('Ctrl Pts',(93.0770793451038,-33.8108625087571,7.60124903781177));
#5428=CARTESIAN_POINT('Ctrl Pts',(93.0740800262306,-33.811355867924,7.5993808944951));
#5429=CARTESIAN_POINT('Ctrl Pts',(93.0798147124294,-33.8161603626597,7.59139967492298));
#5430=CARTESIAN_POINT('Ctrl Pts',(93.0855495743123,-33.8209650749769,7.58341871422371));
#5431=CARTESIAN_POINT('Ctrl Pts',(93.2151885126391,-33.9295792210424,7.40301724404031));
#5432=CARTESIAN_POINT('Ctrl Pts',(93.3349474358807,-34.0299001670909,7.23664323937416));
#5433=CARTESIAN_POINT('Ctrl Pts',(93.4841419434383,-34.1548571114034,7.02974883066256));
#5434=CARTESIAN_POINT('Ctrl Pts',(93.5173188249406,-34.1826473429048,6.98376151233797));
#5435=CARTESIAN_POINT('Ctrl Pts',(93.5505030773942,-34.2104472946631,6.93778546092981));
#5436=CARTESIAN_POINT('Ctrl Pts',(93.1596130327311,-33.7972865092522,7.65265562837363));
#5437=CARTESIAN_POINT('Ctrl Pts',(93.1653528679612,-33.8020978173177,7.64468226053849));
#5438=CARTESIAN_POINT('Ctrl Pts',(93.1710928203141,-33.8069092704376,7.63670906528542));
#5439=CARTESIAN_POINT('Ctrl Pts',(93.3008189109697,-33.9156518272516,7.4565179533756));
#5440=CARTESIAN_POINT('Ctrl Pts',(93.4206603645252,-34.0160982652585,7.29035449071296));
#5441=CARTESIAN_POINT('Ctrl Pts',(93.5699699812051,-34.1412291666913,7.08373003909151));
#5442=CARTESIAN_POINT('Ctrl Pts',(93.6031769397908,-34.1690607950419,7.03778975073924));
#5443=CARTESIAN_POINT('Ctrl Pts',(93.6363888125785,-34.1968989037587,6.9918569739532));
#5444=CARTESIAN_POINT('Ctrl Pts',(93.2451460392316,-33.7832171505804,7.70593036225216));
#5445=CARTESIAN_POINT('Ctrl Pts',(93.2508910234933,-33.788035271976,7.69796484615451));
#5446=CARTESIAN_POINT('Ctrl Pts',(93.2566360663162,-33.7928534658987,7.68999941634764));
#5447=CARTESIAN_POINT('Ctrl Pts',(93.3864493135528,-33.9017244325153,7.51001865495715));
#5448=CARTESIAN_POINT('Ctrl Pts',(93.506373297607,-34.002296362502,7.34406573406924));
#5449=CARTESIAN_POINT('Ctrl Pts',(93.6557980196445,-34.1276012225542,7.13771124835879));
#5450=CARTESIAN_POINT('Ctrl Pts',(93.6890350553289,-34.1554742477588,7.0918179899926));
#5451=CARTESIAN_POINT('Ctrl Pts',(93.7222745477628,-34.1833505128542,7.0459284869766));
#5452=CARTESIAN_POINT('Ctrl Pts',(93.3306790457321,-33.7691477919086,7.75920509613069));
#5453=CARTESIAN_POINT('Ctrl Pts',(93.3364291790251,-33.773972726634,7.75124743177002));
#5454=CARTESIAN_POINT('Ctrl Pts',(93.3421793123181,-33.7787976613594,7.74328976740935));
#5455=CARTESIAN_POINT('Ctrl Pts',(93.4720797118835,-33.8877970387245,7.56351936429244));
#5456=CARTESIAN_POINT('Ctrl Pts',(93.5920862262516,-33.9884944606696,7.39777698540804));
#5457=CARTESIAN_POINT('Ctrl Pts',(93.7416260574113,-34.1139732778421,7.19169245678775));
#5458=CARTESIAN_POINT('Ctrl Pts',(93.7748931701792,-34.141887699896,7.14584622839387));
#5459=CARTESIAN_POINT('Ctrl Pts',(93.8081602829471,-34.1698021219498,7.09999999999999));
#5460=CARTESIAN_POINT('Ctrl Pts',(93.3952588968275,-33.8233367211443,7.66984883252562));
#5461=CARTESIAN_POINT('Ctrl Pts',(93.5026495588075,-33.9134481860036,7.52130465346606));
#5462=CARTESIAN_POINT('Ctrl Pts',(93.6069262754263,-34.0009467404588,7.37732554771975));
#5463=CARTESIAN_POINT('Ctrl Pts',(93.7416260574113,-34.1139732778421,7.19169245678775));
#5464=CARTESIAN_POINT('Ctrl Pts',(93.7748931701792,-34.141887699896,7.14584622839387));
#5465=CARTESIAN_POINT('Ctrl Pts',(93.808160282947,-34.1698021219498,7.09999999999999));
#5466=CARTESIAN_POINT('Origin',(97.5000013515819,-39.5000018761493,7.1));
#5467=CARTESIAN_POINT('',(96.9120058564204,-33.4598176902567,20.601902650954));
#5468=CARTESIAN_POINT('Origin',(97.5000013515819,-39.5000018761493,20.6019026509541));
#5469=CARTESIAN_POINT('',(96.9158492041067,-33.4589307043478,20.5960539633617));
#5470=CARTESIAN_POINT('Ctrl Pts',(96.9158492041067,-33.4589307043478,20.5960539633617));
#5471=CARTESIAN_POINT('Ctrl Pts',(96.9145676701861,-33.4592259665138,20.5980033186197));
#5472=CARTESIAN_POINT('Ctrl Pts',(96.9132865544231,-33.4595216287127,20.5999528815292));
#5473=CARTESIAN_POINT('Ctrl Pts',(96.9120058564204,-33.4598176902567,20.6019026509541));
#5474=CARTESIAN_POINT('',(96.5142082187107,-32.3616016550785,7.60124903781178));
#5475=CARTESIAN_POINT('Ctrl Pts',(96.5142082187107,-32.3616016550785,7.60124903781178));
#5476=CARTESIAN_POINT('Ctrl Pts',(96.6601187526293,-32.7607630417089,12.3489408316366));
#5477=CARTESIAN_POINT('Ctrl Pts',(96.7929317362169,-33.1236518466543,16.6463669925162));
#5478=CARTESIAN_POINT('Ctrl Pts',(96.9158492041067,-33.4589307043478,20.5960539633617));
#5479=CARTESIAN_POINT('',(96.5117764201589,-32.3616595349004,7.59809734904589));
#5480=CARTESIAN_POINT('Ctrl Pts',(96.5117764201589,-32.3616595349004,7.59809734904588));
#5481=CARTESIAN_POINT('Ctrl Pts',(96.5125869100344,-32.3616401274841,7.59914799183634));
#5482=CARTESIAN_POINT('Ctrl Pts',(96.51339750955,-32.3616208341792,7.60019855482132));
#5483=CARTESIAN_POINT('Ctrl Pts',(96.5142082187107,-32.3616016550785,7.60124903781179));
#5484=CARTESIAN_POINT('Origin',(97.5000013515819,-39.5000018761493,7.59809734904587));
#5485=CARTESIAN_POINT('Origin',(97.5000013515819,-39.5000018761493,20.8509513254771));
#5486=CARTESIAN_POINT('',(97.103794411811,-33.9848054152271,21.0961046601388));
#5487=CARTESIAN_POINT('Ctrl Pts',(97.103794411811,-33.9848054152271,21.0961046601388));
#5488=CARTESIAN_POINT('Ctrl Pts',(97.1025300169192,-33.9870278984244,21.0980529367114));
#5489=CARTESIAN_POINT('Ctrl Pts',(97.1012666689296,-33.9892497105572,21.1));
#5490=CARTESIAN_POINT('Ctrl Pts',(96.9120058564203,-33.4598176902566,20.601902650954));
#5491=CARTESIAN_POINT('Ctrl Pts',(96.9307279526048,-33.5110831732094,20.6503199936949));
#5492=CARTESIAN_POINT('Ctrl Pts',(96.9493656804388,-33.5621243959226,20.6984826686436));
#5493=CARTESIAN_POINT('Ctrl Pts',(96.9860220540143,-33.6624871913164,20.7930991371773));
#5494=CARTESIAN_POINT('Ctrl Pts',(97.0041099573433,-33.7120039699433,20.839737153441));
#5495=CARTESIAN_POINT('Ctrl Pts',(97.0219677236562,-33.7608837563482,20.8857309423343));
#5496=CARTESIAN_POINT('Ctrl Pts',(97.0381645590525,-33.8052172883663,20.9274469002488));
#5497=CARTESIAN_POINT('Ctrl Pts',(97.0541720683182,-33.8490267879163,20.9686328738763));
#5498=CARTESIAN_POINT('Ctrl Pts',(97.0813560828643,-33.9234139371389,21.0385011243643));
#5499=CARTESIAN_POINT('Ctrl Pts',(97.0926208804277,-33.9542361366567,21.0674314351451));
#5500=CARTESIAN_POINT('Ctrl Pts',(97.10379441181,-33.9848054152282,21.0961046601382));
#5501=CARTESIAN_POINT('Origin',(95.0000018703935,-35.1698759583979,4.1));
#5502=CARTESIAN_POINT('',(95.0000018703935,-35.1698759583979,4.1));
#5503=CARTESIAN_POINT('Origin',(93.2021215209785,-33.6612752203028,4.1));
#5504=CARTESIAN_POINT('Ctrl Pts',(98.0888949546774,-33.4573579142035,20.5995795171805));
#5505=CARTESIAN_POINT('Ctrl Pts',(98.0851128922636,-33.4677139964047,20.6093605258365));
#5506=CARTESIAN_POINT('Ctrl Pts',(98.0813307286351,-33.4780709246266,20.6191405908864));
#5507=CARTESIAN_POINT('Ctrl Pts',(98.0144036505383,-33.6613518525785,20.7921817499833));
#5508=CARTESIAN_POINT('Ctrl Pts',(97.954084210887,-33.8264641292362,20.947584476609));
#5509=CARTESIAN_POINT('Ctrl Pts',(97.896208093351,-33.9848053999895,21.0961046592111));
#5510=CARTESIAN_POINT('Ctrl Pts',(98.0095105437287,-33.4836891306614,20.5405549264886));
#5511=CARTESIAN_POINT('Ctrl Pts',(98.0057272734963,-33.4940602142768,20.550319431681));
#5512=CARTESIAN_POINT('Ctrl Pts',(98.0019439357869,-33.5044318619075,20.5600833078008));
#5513=CARTESIAN_POINT('Ctrl Pts',(97.9350219133036,-33.6878988142543,20.7327787569534));
#5514=CARTESIAN_POINT('Ctrl Pts',(97.8747132877788,-33.853186053691,20.887834567526));
#5515=CARTESIAN_POINT('Ctrl Pts',(97.8168539848297,-34.0117051327902,21.0359879267035));
#5516=CARTESIAN_POINT('Ctrl Pts',(97.93012613278,-33.5100203471194,20.4815303357967));
#5517=CARTESIAN_POINT('Ctrl Pts',(97.9263416547275,-33.5204064321536,20.4912783375199));
#5518=CARTESIAN_POINT('Ctrl Pts',(97.9225571429371,-33.5307927991931,20.5010260247096));
#5519=CARTESIAN_POINT('Ctrl Pts',(97.8556401569986,-33.7144457924584,20.6733757930084));
#5520=CARTESIAN_POINT('Ctrl Pts',(97.7953423447159,-33.8799079958,20.828084688603));
#5521=CARTESIAN_POINT('Ctrl Pts',(97.7374998763085,-34.038604865591,20.9758711941958));
#5522=CARTESIAN_POINT('Ctrl Pts',(97.8507417218313,-33.5363515635774,20.4225057451048));
#5523=CARTESIAN_POINT('Ctrl Pts',(97.8469560359601,-33.5467526500257,20.4322372433644));
#5524=CARTESIAN_POINT('Ctrl Pts',(97.8431703500889,-33.557153736474,20.441968741624));
#5525=CARTESIAN_POINT('Ctrl Pts',(97.7762584197638,-33.7409927541342,20.6139727999785));
#5526=CARTESIAN_POINT('Ctrl Pts',(97.7159714216077,-33.9066299202548,20.76833477952));
#5527=CARTESIAN_POINT('Ctrl Pts',(97.6581457677873,-34.0655045983917,20.9157544616882));
#5528=CARTESIAN_POINT('',(97.8962080933512,-33.9848053999889,21.0961046592105));
#5529=CARTESIAN_POINT('',(98.0879966503225,-33.4598176711357,20.6019026509541));
#5530=CARTESIAN_POINT('Ctrl Pts',(97.8962080933512,-33.9848053999889,21.0961046592105));
#5531=CARTESIAN_POINT('Ctrl Pts',(97.9073816242673,-33.9542361227225,21.0674314357356));
#5532=CARTESIAN_POINT('Ctrl Pts',(97.9186464213555,-33.9234139245344,21.038501126495));
#5533=CARTESIAN_POINT('Ctrl Pts',(97.9458304355928,-33.8490267762263,20.9686328775611));
#5534=CARTESIAN_POINT('Ctrl Pts',(97.9618379450357,-33.8052172762309,20.9274469039139));
#5535=CARTESIAN_POINT('Ctrl Pts',(97.9780347806109,-33.7608837437617,20.8857309459691));
#5536=CARTESIAN_POINT('Ctrl Pts',(97.9958925473223,-33.7120039563089,20.8397371565241));
#5537=CARTESIAN_POINT('Ctrl Pts',(98.0139804510569,-33.662487176613,20.793099139681));
#5538=CARTESIAN_POINT('Ctrl Pts',(98.0506368254596,-33.5621243790351,20.6984826699303));
#5539=CARTESIAN_POINT('Ctrl Pts',(98.0692745537225,-33.5110831551846,20.6503199943243));
#5540=CARTESIAN_POINT('Ctrl Pts',(98.0879966503225,-33.4598176711357,20.6019026509541));
#5541=CARTESIAN_POINT('',(98.0841533016529,-33.4589306851338,20.5960539619327));
#5542=CARTESIAN_POINT('Ctrl Pts',(98.0879966503225,-33.4598176711357,20.6019026509541));
#5543=CARTESIAN_POINT('Ctrl Pts',(98.0867159519863,-33.4595216095591,20.5999528810436));
#5544=CARTESIAN_POINT('Ctrl Pts',(98.0854348358957,-33.4592259473293,20.598003317658));
#5545=CARTESIAN_POINT('Ctrl Pts',(98.0841533016529,-33.4589306851338,20.5960539619327));
#5546=CARTESIAN_POINT('',(97.8189064012022,-33.6238183881469,20.504320020697));
#5547=CARTESIAN_POINT('Ctrl Pts',(98.0841533016527,-33.458930685134,20.5960539619326));
#5548=CARTESIAN_POINT('Ctrl Pts',(98.0391334392475,-33.4869373628863,20.5806665649506));
#5549=CARTESIAN_POINT('Ctrl Pts',(97.993693796117,-33.5151944863619,20.5650395960222));
#5550=CARTESIAN_POINT('Ctrl Pts',(97.9055396265517,-33.5699938162737,20.534545581566));
#5551=CARTESIAN_POINT('Ctrl Pts',(97.8622149907111,-33.5969160252278,20.5194733822645));
#5552=CARTESIAN_POINT('Ctrl Pts',(97.8189064013083,-33.623818388081,20.5043200207341));
#5553=CARTESIAN_POINT('',(97.6643244904281,-34.0485286974549,20.9));
#5554=CARTESIAN_POINT('Ctrl Pts',(97.8189064012022,-33.6238183881469,20.504320020697));
#5555=CARTESIAN_POINT('Ctrl Pts',(97.8106022078214,-33.6466339719475,20.5256491125487));
#5556=CARTESIAN_POINT('Ctrl Pts',(97.8023606040269,-33.6692775922729,20.5468065421998));
#5557=CARTESIAN_POINT('Ctrl Pts',(97.7758401606403,-33.7421419116317,20.614853066355));
#5558=CARTESIAN_POINT('Ctrl Pts',(97.7577611338968,-33.791813629375,20.661185456868));
#5559=CARTESIAN_POINT('Ctrl Pts',(97.7399136558605,-33.840849172274,20.7068687170784));
#5560=CARTESIAN_POINT('Ctrl Pts',(97.723726152022,-33.8853239735475,20.7483030277694));
#5561=CARTESIAN_POINT('Ctrl Pts',(97.7077291356823,-33.9292754147195,20.7892033207574));
#5562=CARTESIAN_POINT('Ctrl Pts',(97.682656071465,-33.9981630924931,20.8532342295684));
#5563=CARTESIAN_POINT('Ctrl Pts',(97.6734595337172,-34.0234303722924,20.8767037939053));
#5564=CARTESIAN_POINT('Ctrl Pts',(97.6643244904281,-34.0485286974549,20.9));
#5565=CARTESIAN_POINT('Ctrl Pts',(97.6643244904281,-34.0485286974549,20.9));
#5566=CARTESIAN_POINT('Ctrl Pts',(97.7029663971534,-34.0379418251098,20.932690591006));
#5567=CARTESIAN_POINT('Ctrl Pts',(97.7416084465073,-34.0273387198017,20.9653757640387));
#5568=CARTESIAN_POINT('Ctrl Pts',(97.8189029885697,-34.0060975331506,21.030743961139));
#5569=CARTESIAN_POINT('Ctrl Pts',(97.8575554970098,-33.9954594390025,21.0634269956053));
#5570=CARTESIAN_POINT('Ctrl Pts',(97.8962080933509,-33.9848053999895,21.0961046592111));
#5571=CARTESIAN_POINT('Ctrl Pts',(98.2755897023462,-32.9443640768773,6.93778545735499));
#5572=CARTESIAN_POINT('Ctrl Pts',(98.2904281322734,-32.9036964857429,6.98376150896082));
#5573=CARTESIAN_POINT('Ctrl Pts',(98.3052650388978,-32.8630409980769,7.02974882748622));
#5574=CARTESIAN_POINT('Ctrl Pts',(98.3719928009503,-32.6802278547349,7.23664323639605));
#5575=CARTESIAN_POINT('Ctrl Pts',(98.4255465981799,-32.5334679043057,7.40301724114749));
#5576=CARTESIAN_POINT('Ctrl Pts',(98.4835101397955,-32.3745858235041,7.5834187124696));
#5577=CARTESIAN_POINT('Ctrl Pts',(98.4860743200557,-32.367557388707,7.59139967417961));
#5578=CARTESIAN_POINT('Ctrl Pts',(98.4886384569599,-32.3605292301831,7.59938089476261));
#5579=CARTESIAN_POINT('Ctrl Pts',(98.1944362783632,-32.9755736946268,6.99185697156999));
#5580=CARTESIAN_POINT('Ctrl Pts',(98.2092795497212,-32.9348592484251,7.0377897485493));
#5581=CARTESIAN_POINT('Ctrl Pts',(98.2241218054385,-32.8941528714882,7.08373003709694));
#5582=CARTESIAN_POINT('Ctrl Pts',(98.2908622763474,-32.7111315222785,7.29035448887779));
#5583=CARTESIAN_POINT('Ctrl Pts',(98.3444248009403,-32.5642216274541,7.45651795159475));
#5584=CARTESIAN_POINT('Ctrl Pts',(98.4023996133072,-32.4051847635016,7.63670906461175));
#5585=CARTESIAN_POINT('Ctrl Pts',(98.4049648316425,-32.3981479457608,7.64468226087361));
#5586=CARTESIAN_POINT('Ctrl Pts',(98.4075300210738,-32.3911113122025,7.65265562971764));
#5587=CARTESIAN_POINT('Ctrl Pts',(98.1132828543802,-33.0067833123763,7.04592848578499));
#5588=CARTESIAN_POINT('Ctrl Pts',(98.1281309668633,-32.9660220119533,7.09181798898987));
#5589=CARTESIAN_POINT('Ctrl Pts',(98.1429785716841,-32.9252647457339,7.13771124754598));
#5590=CARTESIAN_POINT('Ctrl Pts',(98.2097317474397,-32.7420351912404,7.34406573337699));
#5591=CARTESIAN_POINT('Ctrl Pts',(98.2633029995453,-32.59497535191,7.51001865428827));
#5592=CARTESIAN_POINT('Ctrl Pts',(98.3212890868188,-32.4357837034995,7.68999941675442));
#5593=CARTESIAN_POINT('Ctrl Pts',(98.3238553432292,-32.4287385028152,7.69796484756813));
#5594=CARTESIAN_POINT('Ctrl Pts',(98.3264215851876,-32.4216933942219,7.70593036467266));
#5595=CARTESIAN_POINT('Ctrl Pts',(98.0321294303973,-33.0379929301258,7.1));
#5596=CARTESIAN_POINT('Ctrl Pts',(98.046982384311,-32.9971847746355,7.14584622857835));
#5597=CARTESIAN_POINT('Ctrl Pts',(98.0618353382248,-32.9563766191452,7.1916924571567));
#5598=CARTESIAN_POINT('Ctrl Pts',(98.1286012228367,-32.7729388587841,7.39777698585873));
#5599=CARTESIAN_POINT('Ctrl Pts',(98.1821812023057,-32.6257290750584,7.56351936473552));
#5600=CARTESIAN_POINT('Ctrl Pts',(98.2401785603305,-32.4663826434969,7.74328976889657));
#5601=CARTESIAN_POINT('Ctrl Pts',(98.242745854816,-32.4593290598691,7.75124743426213));
#5602=CARTESIAN_POINT('Ctrl Pts',(98.2453131493014,-32.4522754762412,7.75920509962768));
#5603=CARTESIAN_POINT('',(98.4882260895015,-32.361659508112,7.59809734904589));
#5604=CARTESIAN_POINT('Ctrl Pts',(98.4882260895015,-32.361659508112,7.59809734904591));
#5605=CARTESIAN_POINT('Ctrl Pts',(98.4857994017131,-32.3683109421373,7.59054399726566));
#5606=CARTESIAN_POINT('Ctrl Pts',(98.483372637321,-32.3749627273069,7.58299075986337));
#5607=CARTESIAN_POINT('Ctrl Pts',(98.4283240050534,-32.5258548397655,7.41166143838729));
#5608=CARTESIAN_POINT('Ctrl Pts',(98.3773672798877,-32.6654994295393,7.25334075941437));
#5609=CARTESIAN_POINT('Ctrl Pts',(98.3279217127167,-32.800968520176,7.09999999790784));
#5610=CARTESIAN_POINT('',(98.2164798188107,-32.5314944006923,7.66984883916256));
#5611=CARTESIAN_POINT('Ctrl Pts',(98.0321294303973,-33.0379929301258,7.1));
#5612=CARTESIAN_POINT('Ctrl Pts',(98.046982384311,-32.9971847746355,7.14584622857835));
#5613=CARTESIAN_POINT('Ctrl Pts',(98.0618353382248,-32.9563766191452,7.1916924571567));
#5614=CARTESIAN_POINT('Ctrl Pts',(98.1219755030938,-32.7911428741656,7.37732554814496));
#5615=CARTESIAN_POINT('Ctrl Pts',(98.1685325117973,-32.6632285440352,7.52130465383406));
#5616=CARTESIAN_POINT('Ctrl Pts',(98.2164798210895,-32.5314943944311,7.66984883287441));
#5617=CARTESIAN_POINT('',(98.4857942903376,-32.3616016283392,7.60124903857587));
#5618=CARTESIAN_POINT('Ctrl Pts',(98.2164798017236,-32.5314944476388,7.66984936240411));
#5619=CARTESIAN_POINT('Ctrl Pts',(98.2618553031486,-32.5028560318884,7.65819783510771));
#5620=CARTESIAN_POINT('Ctrl Pts',(98.3072426764586,-32.4742172376441,7.64659063687013));
#5621=CARTESIAN_POINT('Ctrl Pts',(98.3526408678404,-32.445578680182,7.63502789509446));
#5622=CARTESIAN_POINT('Ctrl Pts',(98.3969275485032,-32.4176412974282,7.62374825075143));
#5623=CARTESIAN_POINT('Ctrl Pts',(98.4415395438224,-32.3895054681379,7.61243088291365));
#5624=CARTESIAN_POINT('Ctrl Pts',(98.4857942903376,-32.3616016283392,7.60124903857587));
#5625=CARTESIAN_POINT('Ctrl Pts',(98.4857942903376,-32.3616016283392,7.60124903857587));
#5626=CARTESIAN_POINT('Ctrl Pts',(98.4866049997041,-32.3616208074235,7.6001985553286));
#5627=CARTESIAN_POINT('Ctrl Pts',(98.4874155994237,-32.361640100712,7.59914799208893));
#5628=CARTESIAN_POINT('Ctrl Pts',(98.4882260895015,-32.361659508112,7.59809734904588));
#5629=CARTESIAN_POINT('Ctrl Pts',(98.4857942903376,-32.3616016283392,7.60124903857587));
#5630=CARTESIAN_POINT('Ctrl Pts',(98.3398837553017,-32.7607630176188,12.3489408361921));
#5631=CARTESIAN_POINT('Ctrl Pts',(98.2070707706266,-33.1236518250582,16.6463669964396));
#5632=CARTESIAN_POINT('Ctrl Pts',(98.0841533016529,-33.4589306851338,20.5960539619327));
#5633=CARTESIAN_POINT('Ctrl Pts',(98.3969524465183,-32.4156783691689,7.59393596106842));
#5634=CARTESIAN_POINT('Ctrl Pts',(98.250934688051,-32.8157094801539,12.3415256794417));
#5635=CARTESIAN_POINT('Ctrl Pts',(98.1180225959198,-33.1795412813632,16.6388386584707));
#5636=CARTESIAN_POINT('Ctrl Pts',(97.995022888343,-33.5158570942377,20.5883966601102));
#5637=CARTESIAN_POINT('Ctrl Pts',(98.3081106026991,-32.4697551099985,7.58662288356097));
#5638=CARTESIAN_POINT('Ctrl Pts',(98.1619830402636,-32.8706621604011,12.3341854332024));
#5639=CARTESIAN_POINT('Ctrl Pts',(98.0289741479075,-33.2354303904642,16.6313104515186));
#5640=CARTESIAN_POINT('Ctrl Pts',(97.9058924750331,-33.5727835033415,20.5807393582878));
#5641=CARTESIAN_POINT('Ctrl Pts',(98.2192687588798,-32.5238318508282,7.57930980605351));
#5642=CARTESIAN_POINT('Ctrl Pts',(98.0730339730129,-32.9256086229362,12.3267702764521));
#5643=CARTESIAN_POINT('Ctrl Pts',(97.9399259732006,-33.2913198467692,16.6237821135498));
#5644=CARTESIAN_POINT('Ctrl Pts',(97.8167620617231,-33.6297099124454,20.5730820564654));
#5645=CARTESIAN_POINT('Ctrl Pts',(98.0841533016529,-33.4589306851338,20.5960539619327));
#5646=CARTESIAN_POINT('Ctrl Pts',(98.2070707706266,-33.1236518250582,16.6463669964396));
#5647=CARTESIAN_POINT('Ctrl Pts',(98.3398837553017,-32.7607630176188,12.3489408361921));
#5648=CARTESIAN_POINT('Ctrl Pts',(98.4857942903376,-32.3616016283392,7.60124903857587));
#5649=CARTESIAN_POINT('Ctrl Pts',(98.2164798178497,-32.5314944033326,7.66984883890949));
#5650=CARTESIAN_POINT('Ctrl Pts',(98.0721883208168,-32.9279320332498,12.3539158233462));
#5651=CARTESIAN_POINT('Ctrl Pts',(97.9406865101428,-33.2892302886938,16.599061615791));
#5652=CARTESIAN_POINT('Ctrl Pts',(97.818906401902,-33.6238183862243,20.5043200208835));
#5653=CARTESIAN_POINT('Origin',(96.7904862011278,-36.7417601055787,21.));
#5654=CARTESIAN_POINT('Ctrl Pts',(97.8987358368692,-33.9892496962767,21.1));
#5655=CARTESIAN_POINT('Ctrl Pts',(97.8974724885519,-33.9870278836436,21.0980529362285));
#5656=CARTESIAN_POINT('Ctrl Pts',(97.8962080933512,-33.9848053999889,21.0961046592105));
#5657=CARTESIAN_POINT('',(97.5000012503006,-34.500003089197,20.9));
#5658=CARTESIAN_POINT('',(96.6965169390492,-36.7075580912461,20.9));
#5659=CARTESIAN_POINT('',(97.5000012503006,-34.500003089197,20.9));
#5660=CARTESIAN_POINT('Origin',(97.8081614680656,-35.639046769097,21.));
#5661=CARTESIAN_POINT('',(97.3356780129034,-34.0485287049566,20.9));
#5662=CARTESIAN_POINT('',(97.9021307301442,-35.6048447547644,20.9));
#5663=CARTESIAN_POINT('Ctrl Pts',(97.3356780129034,-34.0485287049566,20.9));
#5664=CARTESIAN_POINT('Ctrl Pts',(97.2970344581385,-34.0379413823037,20.9326919856424));
#5665=CARTESIAN_POINT('Ctrl Pts',(97.258390760731,-34.0273378252994,20.9653785528497));
#5666=CARTESIAN_POINT('Ctrl Pts',(97.1810962192196,-34.0060966384717,21.0307467493717));
#5667=CARTESIAN_POINT('Ctrl Pts',(97.1424453594098,-33.9954589985897,21.0634283900004));
#5668=CARTESIAN_POINT('Ctrl Pts',(97.10379441181,-33.9848054152282,21.0961046601381));
#5669=CARTESIAN_POINT('Ctrl Pts',(97.10379441181,-33.9848054152282,21.0961046601381));
#5670=CARTESIAN_POINT('Ctrl Pts',(97.0459182943709,-33.8264641445864,20.947584476118));
#5671=CARTESIAN_POINT('Ctrl Pts',(96.9855988547857,-33.6613518679681,20.7921817480779));
#5672=CARTESIAN_POINT('Ctrl Pts',(96.9186717772521,-33.478070941419,20.6191405888323));
#5673=CARTESIAN_POINT('Ctrl Pts',(96.9148896141476,-33.4677140146241,20.6093605250474));
#5674=CARTESIAN_POINT('Ctrl Pts',(96.9111075522579,-33.4573579338494,20.5995795176567));
#5675=CARTESIAN_POINT('Ctrl Pts',(97.1831485203923,-34.0117051472931,21.0359879290927));
#5676=CARTESIAN_POINT('Ctrl Pts',(97.1252892175244,-33.8531860683137,20.8878345684455));
#5677=CARTESIAN_POINT('Ctrl Pts',(97.064980592052,-33.687898828926,20.7327787564098));
#5678=CARTESIAN_POINT('Ctrl Pts',(96.9980585701195,-33.5044318779962,20.5600833070584));
#5679=CARTESIAN_POINT('Ctrl Pts',(96.9942752329339,-33.4940602317962,20.5503194321994));
#5680=CARTESIAN_POINT('Ctrl Pts',(96.9904919632254,-33.4836891496114,20.540554928268));
#5681=CARTESIAN_POINT('Ctrl Pts',(97.2625026289745,-34.038604879358,20.9758711980472));
#5682=CARTESIAN_POINT('Ctrl Pts',(97.2046601606326,-33.8799080096952,20.8280846909331));
#5683=CARTESIAN_POINT('Ctrl Pts',(97.1443623483885,-33.7144458064122,20.6733757938267));
#5684=CARTESIAN_POINT('Ctrl Pts',(97.0774453629884,-33.5307928145781,20.5010260252789));
#5685=CARTESIAN_POINT('Ctrl Pts',(97.0736608517218,-33.5204064489731,20.4912783393458));
#5686=CARTESIAN_POINT('Ctrl Pts',(97.0698763741929,-33.5100203653734,20.4815303388793));
#5687=CARTESIAN_POINT('Ctrl Pts',(97.3418567375568,-34.0655046114229,20.9157544670017));
#5688=CARTESIAN_POINT('Ctrl Pts',(97.284031083786,-33.9066299334225,20.7683347832606));
#5689=CARTESIAN_POINT('Ctrl Pts',(97.2237440856547,-33.74099276737,20.6139728021586));
#5690=CARTESIAN_POINT('Ctrl Pts',(97.1568321558558,-33.5571537511552,20.441968743505));
#5691=CARTESIAN_POINT('Ctrl Pts',(97.1530464705081,-33.5467526661453,20.4322372464978));
#5692=CARTESIAN_POINT('Ctrl Pts',(97.1492607851604,-33.5363515811354,20.4225057494906));
#5693=CARTESIAN_POINT('',(97.1810961040175,-33.6238184008362,20.5043200213185));
#5694=CARTESIAN_POINT('Ctrl Pts',(97.3356780129034,-34.0485287049566,20.9));
#5695=CARTESIAN_POINT('Ctrl Pts',(97.3265429697995,-34.0234303803029,20.8767037941083));
#5696=CARTESIAN_POINT('Ctrl Pts',(97.3173464322387,-33.9981631010175,20.8532342299816));
#5697=CARTESIAN_POINT('Ctrl Pts',(97.2922733683738,-33.9292754242121,20.7892033213534));
#5698=CARTESIAN_POINT('Ctrl Pts',(97.2762763521995,-33.8853239834945,20.7483030283417));
#5699=CARTESIAN_POINT('Ctrl Pts',(97.2600888485285,-33.8408491826812,20.7068687176385));
#5700=CARTESIAN_POINT('Ctrl Pts',(97.2422413708779,-33.7918136408419,20.6611854579293));
#5701=CARTESIAN_POINT('Ctrl Pts',(97.2241623445279,-33.7421419241796,20.614853067946));
#5702=CARTESIAN_POINT('Ctrl Pts',(97.1976419014282,-33.6692776056091,20.5468065438446));
#5703=CARTESIAN_POINT('Ctrl Pts',(97.1894002975161,-33.6466339849607,20.525649113682));
#5704=CARTESIAN_POINT('Ctrl Pts',(97.1810961040174,-33.6238184008362,20.5043200213185));
#5705=CARTESIAN_POINT('Ctrl Pts',(97.1810961039114,-33.6238184007703,20.5043200213556));
#5706=CARTESIAN_POINT('Ctrl Pts',(97.1360376011588,-33.5958290304861,20.5200856650189));
#5707=CARTESIAN_POINT('Ctrl Pts',(97.0909617287369,-33.5678181777299,20.5357634552082));
#5708=CARTESIAN_POINT('Ctrl Pts',(97.002817545346,-33.5130234621914,20.566239971973));
#5709=CARTESIAN_POINT('Ctrl Pts',(96.9591398040984,-33.4858616138016,20.5812576130207));
#5710=CARTESIAN_POINT('Ctrl Pts',(96.9158492041069,-33.4589307043479,20.5960539633616));
#5711=CARTESIAN_POINT('Ctrl Pts',(96.9158492041067,-33.4589307043478,20.5960539633617));
#5712=CARTESIAN_POINT('Ctrl Pts',(96.7929317362169,-33.1236518466543,16.6463669925162));
#5713=CARTESIAN_POINT('Ctrl Pts',(96.6601187526293,-32.7607630417089,12.3489408316366));
#5714=CARTESIAN_POINT('Ctrl Pts',(96.5142082187107,-32.3616016550785,7.60124903781178));
#5715=CARTESIAN_POINT('Ctrl Pts',(97.0049796172464,-33.5158571113035,20.5883966618021));
#5716=CARTESIAN_POINT('Ctrl Pts',(96.8819799107297,-33.1795413009444,16.6388386547883));
#5717=CARTESIAN_POINT('Ctrl Pts',(96.7490678196706,-32.8157095023514,12.3415256751086));
#5718=CARTESIAN_POINT('Ctrl Pts',(96.6030500623102,-32.4156783941273,7.59393596051037));
#5719=CARTESIAN_POINT('Ctrl Pts',(97.0941100303861,-33.5727835182593,20.5807393602425));
#5720=CARTESIAN_POINT('Ctrl Pts',(96.9710283585479,-33.2354304080304,16.6313104480772));
#5721=CARTESIAN_POINT('Ctrl Pts',(96.8380194672479,-32.8706621807044,12.3341854290718));
#5722=CARTESIAN_POINT('Ctrl Pts',(96.6918919059097,-32.4697551331762,7.58662288320896));
#5723=CARTESIAN_POINT('Ctrl Pts',(97.1832404435258,-33.629709925215,20.5730820586829));
#5724=CARTESIAN_POINT('Ctrl Pts',(97.0600765330607,-33.2913198623205,16.6237821103493));
#5725=CARTESIAN_POINT('Ctrl Pts',(96.9269685342891,-32.9256086413468,12.3267702725438));
#5726=CARTESIAN_POINT('Ctrl Pts',(96.7807337495091,-32.523831872225,7.57930980590754));
#5727=CARTESIAN_POINT('',(96.7835226895535,-32.531494422021,7.66984883881378));
#5728=CARTESIAN_POINT('Ctrl Pts',(97.1810961033177,-33.6238183989137,20.504320021505));
#5729=CARTESIAN_POINT('Ctrl Pts',(97.0593159960893,-33.2892303041649,16.5990616114914));
#5730=CARTESIAN_POINT('Ctrl Pts',(96.9278141864574,-32.9279320515838,12.3539158187886));
#5731=CARTESIAN_POINT('Ctrl Pts',(96.7835226905145,-32.5314944246613,7.66984883856071));
#5732=CARTESIAN_POINT('Ctrl Pts',(96.7835227066406,-32.5314944689674,7.66984936205475));
#5733=CARTESIAN_POINT('Ctrl Pts',(96.7391652643753,-32.5034985946296,7.65845925204416));
#5734=CARTESIAN_POINT('Ctrl Pts',(96.6947964863197,-32.4755023643325,7.64711150407346));
#5735=CARTESIAN_POINT('Ctrl Pts',(96.6504173519952,-32.4475063502047,7.63580624345189));
#5736=CARTESIAN_POINT('Ctrl Pts',(96.6051044809254,-32.4189213000915,7.62426312020818));
#5737=CARTESIAN_POINT('Ctrl Pts',(96.5594706288659,-32.3901408537948,7.61268548858119));
#5738=CARTESIAN_POINT('Ctrl Pts',(96.5142082187107,-32.3616016550785,7.60124903781178));
#5739=CARTESIAN_POINT('Ctrl Pts',(96.511364052789,-32.3605292572136,7.5993808944951));
#5740=CARTESIAN_POINT('Ctrl Pts',(96.5139281893521,-32.3675574148065,7.59139967492298));
#5741=CARTESIAN_POINT('Ctrl Pts',(96.5164923692712,-32.3745858486725,7.5834187142237));
#5742=CARTESIAN_POINT('Ctrl Pts',(96.5744559101455,-32.5334679275289,7.4030172440517));
#5743=CARTESIAN_POINT('Ctrl Pts',(96.6280097069778,-32.6802278769577,7.23664323938747));
#5744=CARTESIAN_POINT('Ctrl Pts',(96.6947374684757,-32.8630410189022,7.0297488306626));
#5745=CARTESIAN_POINT('Ctrl Pts',(96.7095743749243,-32.9036965061105,6.98376151233803));
#5746=CARTESIAN_POINT('Ctrl Pts',(96.7244128046756,-32.944364096784,6.93778546092989));
#5747=CARTESIAN_POINT('Ctrl Pts',(96.5924724886164,-32.3911113384391,7.65265562837364));
#5748=CARTESIAN_POINT('Ctrl Pts',(96.5950376777064,-32.3981479710643,7.6446822605385));
#5749=CARTESIAN_POINT('Ctrl Pts',(96.5976028957006,-32.4051847878717,7.63670906528542));
#5750=CARTESIAN_POINT('Ctrl Pts',(96.6555777073314,-32.5642216498629,7.45651795338698));
#5751=CARTESIAN_POINT('Ctrl Pts',(96.7091402315329,-32.7111315436726,7.29035449072626));
#5752=CARTESIAN_POINT('Ctrl Pts',(96.7758807018948,-32.8941528914635,7.08373003909153));
#5753=CARTESIAN_POINT('Ctrl Pts',(96.7907229574372,-32.9348592679367,7.03778975073928));
#5754=CARTESIAN_POINT('Ctrl Pts',(96.8055662286201,-32.9755737136725,6.99185697395326));
#5755=CARTESIAN_POINT('Ctrl Pts',(96.6735809244438,-32.4216934196646,7.70593036225218));
#5756=CARTESIAN_POINT('Ctrl Pts',(96.676147166061,-32.4287385273226,7.69796484615453));
#5757=CARTESIAN_POINT('Ctrl Pts',(96.6787134221302,-32.4357837270715,7.68999941634765));
#5758=CARTESIAN_POINT('Ctrl Pts',(96.7366995086728,-32.5949753735042,7.51001865496853));
#5759=CARTESIAN_POINT('Ctrl Pts',(96.7902707603928,-32.7420352118058,7.34406573408253));
#5760=CARTESIAN_POINT('Ctrl Pts',(96.8570239356089,-32.9252647648592,7.1377112483588));
#5761=CARTESIAN_POINT('Ctrl Pts',(96.8718715402557,-32.9660220306088,7.09181798999262));
#5762=CARTESIAN_POINT('Ctrl Pts',(96.8867196525647,-33.006783330561,7.04592848697663));
#5763=CARTESIAN_POINT('Ctrl Pts',(96.7546893602712,-32.4522755008901,7.75920509613073));
#5764=CARTESIAN_POINT('Ctrl Pts',(96.7572566544154,-32.4593290835804,7.75124743177004));
#5765=CARTESIAN_POINT('Ctrl Pts',(96.7598239485596,-32.4663826662707,7.74328976740936));
#5766=CARTESIAN_POINT('Ctrl Pts',(96.8178213058587,-32.6257290958382,7.56351936430381));
#5767=CARTESIAN_POINT('Ctrl Pts',(96.8714012849479,-32.7729388785207,7.39777698542133));
#5768=CARTESIAN_POINT('Ctrl Pts',(96.9381671690279,-32.9563766374204,7.19169245678774));
#5769=CARTESIAN_POINT('Ctrl Pts',(96.9530201227685,-32.997184792435,7.14584622839387));
#5770=CARTESIAN_POINT('Ctrl Pts',(96.9678730765092,-33.0379929474495,7.1));
#5771=CARTESIAN_POINT('Ctrl Pts',(96.7835226872746,-32.5314944157598,7.66984883252563));
#5772=CARTESIAN_POINT('Ctrl Pts',(96.8314699962459,-32.6632285644822,7.52130465347517));
#5773=CARTESIAN_POINT('Ctrl Pts',(96.878027004633,-32.7911428937431,7.37732554773012));
#5774=CARTESIAN_POINT('Ctrl Pts',(96.9381671690279,-32.9563766374204,7.19169245678774));
#5775=CARTESIAN_POINT('Ctrl Pts',(96.9530201227685,-32.997184792435,7.14584622839387));
#5776=CARTESIAN_POINT('Ctrl Pts',(96.9678730765092,-33.0379929474495,7.10000000000001));
#5777=CARTESIAN_POINT('Ctrl Pts',(96.6720807958489,-32.800968544226,7.09999999790784));
#5778=CARTESIAN_POINT('Ctrl Pts',(96.6226352287385,-32.6654994536665,7.25334076035157));
#5779=CARTESIAN_POINT('Ctrl Pts',(96.5716785036319,-32.5258548639712,7.41166144022666));
#5780=CARTESIAN_POINT('Ctrl Pts',(96.5166298717161,-32.3749627523945,7.58299076170668));
#5781=CARTESIAN_POINT('Ctrl Pts',(96.5142031076357,-32.3683109680755,7.59054399818733));
#5782=CARTESIAN_POINT('Ctrl Pts',(96.5117764201589,-32.3616595349004,7.59809734904588));
#5783=CARTESIAN_POINT('Origin',(97.5000013515819,-39.5000018761493,7.34904867452294));
#5784=CARTESIAN_POINT('Origin',(96.6972915637898,-32.2945763511312,4.1));
#5785=CARTESIAN_POINT('',(97.5000012503006,-34.500003089197,4.1));
#5786=CARTESIAN_POINT('Origin',(97.5000012503006,-34.500003089197,4.1));
#5787=CARTESIAN_POINT('Origin',(97.5000013515819,-39.5000018761493,7.34904867452294));
#5788=CARTESIAN_POINT('',(100.213344626941,-32.8239036020062,7.5980973490459));
#5789=CARTESIAN_POINT('Origin',(97.5000013515819,-39.5000018761493,7.59809734904587));
#5790=CARTESIAN_POINT('Ctrl Pts',(100.132517783963,-33.2845085520385,7.09999999790784));
#5791=CARTESIAN_POINT('Ctrl Pts',(100.157431212019,-33.1424660946404,7.2533407603416));
#5792=CARTESIAN_POINT('Ctrl Pts',(100.183123688432,-32.9960519699066,7.41166144022036));
#5793=CARTESIAN_POINT('Ctrl Pts',(100.210896230538,-32.8378512520867,7.58299076170669));
#5794=CARTESIAN_POINT('Ctrl Pts',(100.212120483355,-32.8308772558457,7.59054399818733));
#5795=CARTESIAN_POINT('Ctrl Pts',(100.213344626941,-32.8239036020062,7.59809734904588));
#5796=CARTESIAN_POINT('Origin',(97.5000013515819,-39.5000018761493,7.1));
#5797=CARTESIAN_POINT('',(100.010874408407,-33.9750511800485,20.6019026509541));
#5798=CARTESIAN_POINT('Origin',(97.5000013515819,-39.5000018761493,20.6019026509541));
#5799=CARTESIAN_POINT('',(100.014646338094,-33.9762047015617,20.5960539633616));
#5800=CARTESIAN_POINT('Ctrl Pts',(100.014646338094,-33.9762047015617,20.5960539633616));
#5801=CARTESIAN_POINT('Ctrl Pts',(100.01338886608,-33.9758196391381,20.5980033186193));
#5802=CARTESIAN_POINT('Ctrl Pts',(100.012131556185,-33.9754351322317,20.5999528815287));
#5803=CARTESIAN_POINT('Ctrl Pts',(100.010874408407,-33.9750511800485,20.6019026509541));
#5804=CARTESIAN_POINT('',(100.215479566175,-32.825069375886,7.60124903781179));
#5805=CARTESIAN_POINT('Ctrl Pts',(100.215479566175,-32.825069375886,7.60124903781176));
#5806=CARTESIAN_POINT('Ctrl Pts',(100.142261101905,-33.2437085439234,12.3489408321632));
#5807=CARTESIAN_POINT('Ctrl Pts',(100.075836117175,-33.6243859595263,16.6463669927843));
#5808=CARTESIAN_POINT('Ctrl Pts',(100.014646338094,-33.9762047015617,20.5960539633616));
#5809=CARTESIAN_POINT('Ctrl Pts',(100.213344626941,-32.8239036020062,7.59809734904588));
#5810=CARTESIAN_POINT('Ctrl Pts',(100.214056235471,-32.8242920396283,7.5991479918362));
#5811=CARTESIAN_POINT('Ctrl Pts',(100.214767881896,-32.8246806308939,7.60019855482119));
#5812=CARTESIAN_POINT('Ctrl Pts',(100.215479566175,-32.825069375886,7.60124903781179));
#5813=CARTESIAN_POINT('Origin',(97.5000013515819,-39.5000018761493,20.8509513254771));
#5814=CARTESIAN_POINT('',(99.9144743070456,-34.5255981642432,21.0961046601389));
#5815=CARTESIAN_POINT('Ctrl Pts',(99.9144743070456,-34.5255981642432,21.0961046601389));
#5816=CARTESIAN_POINT('Ctrl Pts',(99.9122680673503,-34.5268906937056,21.0980529367114));
#5817=CARTESIAN_POINT('Ctrl Pts',(99.9100630698311,-34.5281831654602,21.1));
#5818=CARTESIAN_POINT('Ctrl Pts',(100.010874408407,-33.9750511800486,20.6019026509542));
#5819=CARTESIAN_POINT('Ctrl Pts',(100.001455477839,-34.0288094387152,20.6503199936951));
#5820=CARTESIAN_POINT('Ctrl Pts',(99.9920756122554,-34.082331298142,20.6984826686437));
#5821=CARTESIAN_POINT('Ctrl Pts',(99.9736395652855,-34.1875762153351,20.7930991371769));
#5822=CARTESIAN_POINT('Ctrl Pts',(99.9645457597562,-34.2395029552038,20.8397371534405));
#5823=CARTESIAN_POINT('Ctrl Pts',(99.9555711458356,-34.2907629751183,20.8857309423336));
#5824=CARTESIAN_POINT('Ctrl Pts',(99.9474312507407,-34.3372553577835,20.9274469002479));
#5825=CARTESIAN_POINT('Ctrl Pts',(99.9393894106412,-34.3831992519536,20.9686328738754));
#5826=CARTESIAN_POINT('Ctrl Pts',(99.9257378832036,-34.4612124201689,21.0385011243637));
#5827=CARTESIAN_POINT('Ctrl Pts',(99.920082384303,-34.4935376267337,21.0674314351447));
#5828=CARTESIAN_POINT('Ctrl Pts',(99.9144743070443,-34.5255981642436,21.0961046601381));
#5829=CARTESIAN_POINT('Ctrl Pts',(99.9144743070443,-34.5255981642436,21.0961046601381));
#5830=CARTESIAN_POINT('Ctrl Pts',(99.9435227543908,-34.3595325426792,20.9475844761166));
#5831=CARTESIAN_POINT('Ctrl Pts',(99.9738407256768,-34.1863813968603,20.7921817480781));
#5832=CARTESIAN_POINT('Ctrl Pts',(100.007520639606,-33.9941919196726,20.6191405888323));
#5833=CARTESIAN_POINT('Ctrl Pts',(100.009423653674,-33.9833314764108,20.6093605250474));
#5834=CARTESIAN_POINT('Ctrl Pts',(100.011326332386,-33.9724718164314,20.5995795176567));
#5835=CARTESIAN_POINT('Ctrl Pts',(99.9697471149388,-34.5885710698579,21.0359879290926));
#5836=CARTESIAN_POINT('Ctrl Pts',(99.9988990282999,-34.4223598690418,20.8878345684441));
#5837=CARTESIAN_POINT('Ctrl Pts',(100.029313846267,-34.2490626080762,20.73277875641));
#5838=CARTESIAN_POINT('Ctrl Pts',(100.063091150666,-34.0567145568497,20.5600833070584));
#5839=CARTESIAN_POINT('Ctrl Pts',(100.065000507652,-34.0458407791687,20.5503194321994));
#5840=CARTESIAN_POINT('Ctrl Pts',(100.066909641067,-34.0349675236776,20.540554928268));
#5841=CARTESIAN_POINT('Ctrl Pts',(100.025019922833,-34.6515439754723,20.9758711980471));
#5842=CARTESIAN_POINT('Ctrl Pts',(100.054275310663,-34.4851872206707,20.8280846909317));
#5843=CARTESIAN_POINT('Ctrl Pts',(100.084786975108,-34.3117438431412,20.6733757938268));
#5844=CARTESIAN_POINT('Ctrl Pts',(100.118661661724,-34.1192371940316,20.5010260252789));
#5845=CARTESIAN_POINT('Ctrl Pts',(100.120577361629,-34.1083500819314,20.4912783393458));
#5846=CARTESIAN_POINT('Ctrl Pts',(100.122492949749,-34.0974632309238,20.4815303388793));
#5847=CARTESIAN_POINT('Ctrl Pts',(100.080292730728,-34.7145168810866,20.9157544670017));
#5848=CARTESIAN_POINT('Ctrl Pts',(100.109651584572,-34.5480145470332,20.7683347832592));
#5849=CARTESIAN_POINT('Ctrl Pts',(100.140260095699,-34.3744250543571,20.6139728021588));
#5850=CARTESIAN_POINT('Ctrl Pts',(100.174232172784,-34.1817598312087,20.441968743505));
#5851=CARTESIAN_POINT('Ctrl Pts',(100.176154215607,-34.1708593846893,20.4322372464978));
#5852=CARTESIAN_POINT('Ctrl Pts',(100.17807625843,-34.1599589381699,20.4225057494906));
#5853=CARTESIAN_POINT('',(100.083429751448,-34.6967259525079,20.9));
#5854=CARTESIAN_POINT('Ctrl Pts',(99.9144743070443,-34.5255981642436,21.0961046601381));
#5855=CARTESIAN_POINT('Ctrl Pts',(99.9426202748793,-34.554149969712,21.0634283238095));
#5856=CARTESIAN_POINT('Ctrl Pts',(99.9707741384583,-34.5826879237717,21.0307466169674));
#5857=CARTESIAN_POINT('Ctrl Pts',(100.027092581606,-34.6397306017871,20.9653784204316));
#5858=CARTESIAN_POINT('Ctrl Pts',(100.055257169723,-34.6682353424613,20.9326919194208));
#5859=CARTESIAN_POINT('Ctrl Pts',(100.083429751448,-34.6967259525079,20.9));
#5860=CARTESIAN_POINT('',(100.161913043447,-34.2516250854476,20.5043200213185));
#5861=CARTESIAN_POINT('Ctrl Pts',(100.083429751448,-34.6967259525079,20.9));
#5862=CARTESIAN_POINT('Ctrl Pts',(100.088067734382,-34.670422644213,20.876703794108));
#5863=CARTESIAN_POINT('Ctrl Pts',(100.092736938871,-34.6439422696866,20.853234229981));
#5864=CARTESIAN_POINT('Ctrl Pts',(100.105466867016,-34.5717472596327,20.7892033213525));
#5865=CARTESIAN_POINT('Ctrl Pts',(100.113588764983,-34.5256856873512,20.7483030283409));
#5866=CARTESIAN_POINT('Ctrl Pts',(100.121807375986,-34.4790756281833,20.7068687176378));
#5867=CARTESIAN_POINT('Ctrl Pts',(100.130868777867,-34.427685864437,20.6611854579287));
#5868=CARTESIAN_POINT('Ctrl Pts',(100.140047740103,-34.3756293827831,20.6148530679457));
#5869=CARTESIAN_POINT('Ctrl Pts',(100.153512521945,-34.2992668103221,20.5468065438446));
#5870=CARTESIAN_POINT('Ctrl Pts',(100.157696893913,-34.2755360576509,20.525649113682));
#5871=CARTESIAN_POINT('Ctrl Pts',(100.161913043447,-34.2516250854476,20.5043200213185));
#5872=CARTESIAN_POINT('Ctrl Pts',(100.161913043388,-34.2516250853375,20.5043200213556));
#5873=CARTESIAN_POINT('Ctrl Pts',(100.136884720892,-34.2048540865431,20.5200864206964));
#5874=CARTESIAN_POINT('Ctrl Pts',(100.111852096644,-34.1580557959291,20.5357649581417));
#5875=CARTESIAN_POINT('Ctrl Pts',(100.062914359656,-34.0665300986075,20.5662414536743));
#5876=CARTESIAN_POINT('Ctrl Pts',(100.038670457956,-34.0211706357987,20.581258342666));
#5877=CARTESIAN_POINT('Ctrl Pts',(100.014646338094,-33.976204701562,20.5960539633616));
#5878=CARTESIAN_POINT('Ctrl Pts',(101.031320152962,-34.5613655006273,20.5995795171805));
#5879=CARTESIAN_POINT('Ctrl Pts',(101.022866749732,-34.5684430996903,20.6093605258365));
#5880=CARTESIAN_POINT('Ctrl Pts',(101.014412835838,-34.5755213808214,20.6191405908864));
#5881=CARTESIAN_POINT('Ctrl Pts',(100.864811822023,-34.7007837814131,20.7921817499895));
#5882=CARTESIAN_POINT('Ctrl Pts',(100.730017516621,-34.8136154876438,20.9475844766071));
#5883=CARTESIAN_POINT('Ctrl Pts',(100.600724693185,-34.921804991817,21.0961046592111));
#5884=CARTESIAN_POINT('Ctrl Pts',(100.949405628187,-34.5444767975181,20.5405549264886));
#5885=CARTESIAN_POINT('Ctrl Pts',(100.940943678248,-34.5515667842776,20.550319431681));
#5886=CARTESIAN_POINT('Ctrl Pts',(100.932481387866,-34.5586572257501,20.5600833078008));
#5887=CARTESIAN_POINT('Ctrl Pts',(100.782791740144,-34.6840832560003,20.7327787569596));
#5888=CARTESIAN_POINT('Ctrl Pts',(100.647919318661,-34.7970718915055,20.8878345675241));
#5889=CARTESIAN_POINT('Ctrl Pts',(100.51855215291,-34.9054237895169,21.0359879267034));
#5890=CARTESIAN_POINT('Ctrl Pts',(100.867491103412,-34.5275880944089,20.4815303357967));
#5891=CARTESIAN_POINT('Ctrl Pts',(100.859020606761,-34.5346904688681,20.4912783375199));
#5892=CARTESIAN_POINT('Ctrl Pts',(100.85054993989,-34.5417930706822,20.5010260247096));
#5893=CARTESIAN_POINT('Ctrl Pts',(100.700771633484,-34.6673827353663,20.6733757930146));
#5894=CARTESIAN_POINT('Ctrl Pts',(100.565821094591,-34.780528300679,20.8280846886011));
#5895=CARTESIAN_POINT('Ctrl Pts',(100.436379612636,-34.8890425872167,20.9758711941958));
#5896=CARTESIAN_POINT('Ctrl Pts',(100.785576578637,-34.5106993912997,20.4225057451048));
#5897=CARTESIAN_POINT('Ctrl Pts',(100.777097535277,-34.5178141534553,20.4322372433644));
#5898=CARTESIAN_POINT('Ctrl Pts',(100.768618491918,-34.5249289156109,20.441968741624));
#5899=CARTESIAN_POINT('Ctrl Pts',(100.618751551605,-34.6506822099534,20.6139727999847));
#5900=CARTESIAN_POINT('Ctrl Pts',(100.48372289663,-34.7639847045407,20.7683347795181));
#5901=CARTESIAN_POINT('Ctrl Pts',(100.354207072361,-34.8726613849165,20.9157544616882));
#5902=CARTESIAN_POINT('',(100.600724693185,-34.9218049918166,21.0961046592105));
#5903=CARTESIAN_POINT('',(101.029312320104,-34.5630465604403,20.6019026509541));
#5904=CARTESIAN_POINT('Ctrl Pts',(100.600724693185,-34.9218049918166,21.0961046592105));
#5905=CARTESIAN_POINT('Ctrl Pts',(100.625685893442,-34.9009179865863,21.067431435735));
#5906=CARTESIAN_POINT('Ctrl Pts',(100.650852592983,-34.8798575784989,21.0385011264943));
#5907=CARTESIAN_POINT('Ctrl Pts',(100.711588214043,-34.8290284254679,20.9686328775607));
#5908=CARTESIAN_POINT('Ctrl Pts',(100.747355873869,-34.7990920402667,20.9274469039143));
#5909=CARTESIAN_POINT('Ctrl Pts',(100.783549511172,-34.768796492697,20.8857309459701));
#5910=CARTESIAN_POINT('Ctrl Pts',(100.823454684525,-34.7353942383875,20.839737156526));
#5911=CARTESIAN_POINT('Ctrl Pts',(100.863877658507,-34.7015554011252,20.7930991396837));
#5912=CARTESIAN_POINT('Ctrl Pts',(100.94580440874,-34.6329668560293,20.698482669933));
#5913=CARTESIAN_POINT('Ctrl Pts',(100.98746576681,-34.5980827236651,20.6503199943259));
#5914=CARTESIAN_POINT('Ctrl Pts',(101.029312320104,-34.5630465604403,20.6019026509541));
#5915=CARTESIAN_POINT('',(101.026427375521,-34.5603567336951,20.5960539619327));
#5916=CARTESIAN_POINT('Ctrl Pts',(101.029312320104,-34.5630465604403,20.6019026509541));
#5917=CARTESIAN_POINT('Ctrl Pts',(101.028351233599,-34.5621498144264,20.5999528810449));
#5918=CARTESIAN_POINT('Ctrl Pts',(101.027389585634,-34.5612532053791,20.5980033176594));
#5919=CARTESIAN_POINT('Ctrl Pts',(101.026427375521,-34.5603567336951,20.5960539619327));
#5920=CARTESIAN_POINT('',(100.714272969949,-34.5705302230507,20.504320020697));
#5921=CARTESIAN_POINT('Ctrl Pts',(101.026427375521,-34.5603567336951,20.5960539619326));
#5922=CARTESIAN_POINT('Ctrl Pts',(100.973428136164,-34.562101545655,20.5806643708967));
#5923=CARTESIAN_POINT('Ctrl Pts',(100.919939992141,-34.5638533616887,20.5650351395758));
#5924=CARTESIAN_POINT('Ctrl Pts',(100.81619653261,-34.567233885127,20.5345410590651));
#5925=CARTESIAN_POINT('Ctrl Pts',(100.765222845079,-34.5688866347164,20.5194711088384));
#5926=CARTESIAN_POINT('Ctrl Pts',(100.714272970074,-34.5705302230467,20.5043200207341));
#5927=CARTESIAN_POINT('',(100.3680459536,-34.8610491847735,20.9));
#5928=CARTESIAN_POINT('Ctrl Pts',(100.714272969949,-34.5705302230507,20.504320020697));
#5929=CARTESIAN_POINT('Ctrl Pts',(100.695673535622,-34.5861370015346,20.5256491125498));
#5930=CARTESIAN_POINT('Ctrl Pts',(100.677214287205,-34.6016261500735,20.5468065422017));
#5931=CARTESIAN_POINT('Ctrl Pts',(100.617814749833,-34.6514682799748,20.6148530663576));
#5932=CARTESIAN_POINT('Ctrl Pts',(100.577321994526,-34.6854457360178,20.6611854568698));
#5933=CARTESIAN_POINT('Ctrl Pts',(100.537347853704,-34.7189880228379,20.7068687170794));
#5934=CARTESIAN_POINT('Ctrl Pts',(100.50109166352,-34.7494105786494,20.7483030277698));
#5935=CARTESIAN_POINT('Ctrl Pts',(100.4652621204,-34.7794751350669,20.7892033207571));
#5936=CARTESIAN_POINT('Ctrl Pts',(100.40910437095,-34.8265970819177,20.8532342295678));
#5937=CARTESIAN_POINT('Ctrl Pts',(100.388506295734,-34.8438809192346,20.8767037939049));
#5938=CARTESIAN_POINT('Ctrl Pts',(100.3680459536,-34.8610491847735,20.9));
#5939=CARTESIAN_POINT('Ctrl Pts',(100.3680459536,-34.8610491847735,20.9));
#5940=CARTESIAN_POINT('Ctrl Pts',(100.406804503621,-34.8712017008601,20.9326907942551));
#5941=CARTESIAN_POINT('Ctrl Pts',(100.445571293746,-34.8813402299285,20.9653761704687));
#5942=CARTESIAN_POINT('Ctrl Pts',(100.523130924434,-34.9015920934102,21.0307443675701));
#5943=CARTESIAN_POINT('Ctrl Pts',(100.561923784716,-34.9117054249169,21.0634271989011));
#5944=CARTESIAN_POINT('Ctrl Pts',(100.600724693184,-34.921804991817,21.096104659211));
#5945=CARTESIAN_POINT('Ctrl Pts',(101.449499465859,-34.2104471793524,6.93778545735502));
#5946=CARTESIAN_POINT('Ctrl Pts',(101.482683718696,-34.1826472272828,6.98376150896086));
#5947=CARTESIAN_POINT('Ctrl Pts',(101.515860600579,-34.1548569954731,7.02974882748625));
#5948=CARTESIAN_POINT('Ctrl Pts',(101.665055109315,-34.0299000502278,7.23664323638234));
#5949=CARTESIAN_POINT('Ctrl Pts',(101.784814033403,-33.9295791035095,7.40301724113893));
#5950=CARTESIAN_POINT('Ctrl Pts',(101.914452973343,-33.820964956132,7.58341871246956));
#5951=CARTESIAN_POINT('Ctrl Pts',(101.920187835987,-33.8161602431789,7.59139967417959));
#5952=CARTESIAN_POINT('Ctrl Pts',(101.925922522946,-33.8113557478075,7.59938089476261));
#5953=CARTESIAN_POINT('Ctrl Pts',(101.363613730211,-34.1968987891744,6.99185697157001));
#5954=CARTESIAN_POINT('Ctrl Pts',(101.396825603383,-34.1690606801416,7.03778974854933));
#5955=CARTESIAN_POINT('Ctrl Pts',(101.430032562352,-34.1412290514769,7.08373003709696));
#5956=CARTESIAN_POINT('Ctrl Pts',(101.579342180215,-34.0160981490892,7.29035448886409));
#5957=CARTESIAN_POINT('Ctrl Pts',(101.699183634619,-33.9156517103973,7.45651795158621));
#5958=CARTESIAN_POINT('Ctrl Pts',(101.828909726891,-33.8069091522545,7.63670906461174));
#5959=CARTESIAN_POINT('Ctrl Pts',(101.834649680006,-33.8020976984969,7.64468226087362));
#5960=CARTESIAN_POINT('Ctrl Pts',(101.840389515998,-33.7972863897938,7.65265562971765));
#5961=CARTESIAN_POINT('Ctrl Pts',(101.277727994563,-34.1833503989964,7.04592848578501));
#5962=CARTESIAN_POINT('Ctrl Pts',(101.310967487383,-34.1554741335802,7.09181798898988));
#5963=CARTESIAN_POINT('Ctrl Pts',(101.344204523453,-34.1276011080559,7.13771124754599));
#5964=CARTESIAN_POINT('Ctrl Pts',(101.493629246677,-34.0022962470265,7.34406573336329));
#5965=CARTESIAN_POINT('Ctrl Pts',(101.613553231582,-33.9017243163395,7.51001865427977));
#5966=CARTESIAN_POINT('Ctrl Pts',(101.743366480439,-33.7928533483773,7.68999941675443));
#5967=CARTESIAN_POINT('Ctrl Pts',(101.749111524025,-33.7880351538152,7.69796484756815));
#5968=CARTESIAN_POINT('Ctrl Pts',(101.75485650905,-33.7832170317801,7.7059303646727));
#5969=CARTESIAN_POINT('Ctrl Pts',(101.191842258915,-34.1698020088183,7.1));
#5970=CARTESIAN_POINT('Ctrl Pts',(101.225109372071,-34.141887586439,7.14584622857835));
#5971=CARTESIAN_POINT('Ctrl Pts',(101.258376485226,-34.1139731640597,7.1916924571567));
#5972=CARTESIAN_POINT('Ctrl Pts',(101.407916317577,-33.988494345888,7.39777698584504));
#5973=CARTESIAN_POINT('Ctrl Pts',(101.527922832798,-33.8877969232272,7.56351936472705));
#5974=CARTESIAN_POINT('Ctrl Pts',(101.657823233987,-33.7787975444998,7.74328976889661));
#5975=CARTESIAN_POINT('Ctrl Pts',(101.663573368044,-33.7739726091331,7.75124743426218));
#5976=CARTESIAN_POINT('Ctrl Pts',(101.669323502101,-33.7691476737664,7.75920509962775));
#5977=CARTESIAN_POINT('',(101.925000263287,-33.8121284134781,7.59809734904585));
#5978=CARTESIAN_POINT('Ctrl Pts',(101.925000263287,-33.8121284134781,7.59809734904591));
#5979=CARTESIAN_POINT('Ctrl Pts',(101.919572973003,-33.8166753804214,7.59054399726565));
#5980=CARTESIAN_POINT('Ctrl Pts',(101.914145440805,-33.8212226131627,7.58299075986334));
#5981=CARTESIAN_POINT('Ctrl Pts',(101.791025870583,-33.9243746996532,7.41166143837983));
#5982=CARTESIAN_POINT('Ctrl Pts',(101.677073757206,-34.0198320993182,7.25334075940248));
#5983=CARTESIAN_POINT('Ctrl Pts',(101.566518094622,-34.1124289896446,7.09999999790783));
#5984=CARTESIAN_POINT('',(101.604743643195,-33.8233366095562,7.66984883916257));
#5985=CARTESIAN_POINT('Ctrl Pts',(101.191842258915,-34.1698020088183,7.1));
#5986=CARTESIAN_POINT('Ctrl Pts',(101.225109372071,-34.141887586439,7.14584622857835));
#5987=CARTESIAN_POINT('Ctrl Pts',(101.258376485226,-34.1139731640597,7.1916924571567));
#5988=CARTESIAN_POINT('Ctrl Pts',(101.393076268272,-34.0009466257861,7.37732554813395));
#5989=CARTESIAN_POINT('Ctrl Pts',(101.497352985601,-33.9134480707349,7.52130465382648));
#5990=CARTESIAN_POINT('Ctrl Pts',(101.604743648299,-33.8233366052733,7.66984883287435));
#5991=CARTESIAN_POINT('',(101.922923203321,-33.8108623885425,7.60124903857585));
#5992=CARTESIAN_POINT('Ctrl Pts',(101.604743604924,-33.8233366416694,7.66984936240412));
#5993=CARTESIAN_POINT('Ctrl Pts',(101.658359149755,-33.8212227968175,7.65819783510507));
#5994=CARTESIAN_POINT('Ctrl Pts',(101.711985165186,-33.8191145601227,7.64659063686496));
#5995=CARTESIAN_POINT('Ctrl Pts',(101.765620430916,-33.8170119375247,7.63502789509447));
#5996=CARTESIAN_POINT('Ctrl Pts',(101.817942512797,-33.814960794676,7.62374825075132));
#5997=CARTESIAN_POINT('Ctrl Pts',(101.870645548703,-33.8129004494136,7.61243088291334));
#5998=CARTESIAN_POINT('Ctrl Pts',(101.922923203321,-33.8108623885425,7.60124903857585));
#5999=CARTESIAN_POINT('Ctrl Pts',(101.922923203321,-33.8108623885425,7.60124903857585));
#6000=CARTESIAN_POINT('Ctrl Pts',(101.923615708685,-33.8112843528,7.60019855532859));
#6001=CARTESIAN_POINT('Ctrl Pts',(101.92430806199,-33.8117063611377,7.59914799208892));
#6002=CARTESIAN_POINT('Ctrl Pts',(101.925000263287,-33.8121284134781,7.59809734904588));
#6003=CARTESIAN_POINT('Ctrl Pts',(101.922923203321,-33.8108623885425,7.60124903857584));
#6004=CARTESIAN_POINT('Ctrl Pts',(101.596980278636,-34.0835910243712,12.3489408365499));
#6005=CARTESIAN_POINT('Ctrl Pts',(101.300516456247,-34.3314554580149,16.6463669966168));
#6006=CARTESIAN_POINT('Ctrl Pts',(101.026427375521,-34.5603567336951,20.5960539619327));
#6007=CARTESIAN_POINT('Ctrl Pts',(101.818945539239,-33.8132732979452,7.59393596106839));
#6008=CARTESIAN_POINT('Ctrl Pts',(101.492474895486,-34.0867015231494,12.3415256797996));
#6009=CARTESIAN_POINT('Ctrl Pts',(101.195453746638,-34.3353330596253,16.6388386586479));
#6010=CARTESIAN_POINT('Ctrl Pts',(100.920774968793,-34.5650912434703,20.5883966601103));
#6011=CARTESIAN_POINT('Ctrl Pts',(101.714967875158,-33.8156842073479,7.58662288356093));
#6012=CARTESIAN_POINT('Ctrl Pts',(101.38796416867,-34.0898161163558,12.3341854335602));
#6013=CARTESIAN_POINT('Ctrl Pts',(101.090390973941,-34.3392102238954,16.6313104516958));
#6014=CARTESIAN_POINT('Ctrl Pts',(100.815122562065,-34.5698257532455,20.5807393582878));
#6015=CARTESIAN_POINT('Ctrl Pts',(101.610990211077,-33.8180951167506,7.57930980605348));
#6016=CARTESIAN_POINT('Ctrl Pts',(101.28345878552,-34.092926615134,12.3267702768099));
#6017=CARTESIAN_POINT('Ctrl Pts',(100.985328264332,-34.3430878255058,16.6237821137269));
#6018=CARTESIAN_POINT('Ctrl Pts',(100.709470155337,-34.5745602630207,20.5730820564654));
#6019=CARTESIAN_POINT('Ctrl Pts',(101.026427375521,-34.5603567336951,20.5960539619327));
#6020=CARTESIAN_POINT('Ctrl Pts',(101.300516456247,-34.3314554580149,16.6463669966168));
#6021=CARTESIAN_POINT('Ctrl Pts',(101.596980278636,-34.0835910243712,12.3489408365499));
#6022=CARTESIAN_POINT('Ctrl Pts',(101.922923203321,-33.8108623885425,7.60124903857584));
#6023=CARTESIAN_POINT('Ctrl Pts',(101.604743641043,-33.8233366113622,7.6698488389095));
#6024=CARTESIAN_POINT('Ctrl Pts',(101.281564724079,-34.0945159213904,12.3539158236944));
#6025=CARTESIAN_POINT('Ctrl Pts',(100.987031687682,-34.3416584836008,16.5990616159651));
#6026=CARTESIAN_POINT('Ctrl Pts',(100.714272971517,-34.5705302217356,20.5043200208836));
#6027=CARTESIAN_POINT('Origin',(98.264664092204,-36.7565368578287,21.));
#6028=CARTESIAN_POINT('Ctrl Pts',(100.600691635142,-34.9269177370628,21.1));
#6029=CARTESIAN_POINT('Ctrl Pts',(100.600708449722,-34.9243619167215,21.0980529362285));
#6030=CARTESIAN_POINT('Ctrl Pts',(100.600724693185,-34.9218049918166,21.0961046592105));
#6031=CARTESIAN_POINT('',(100.000000657346,-35.1698758571166,20.9));
#6032=CARTESIAN_POINT('',(98.2003853312354,-36.6799324135168,20.9));
#6033=CARTESIAN_POINT('',(100.000000657346,-35.1698758571166,20.9));
#6034=CARTESIAN_POINT('Origin',(99.6973533944161,-36.3103967288126,21.));
#6035=CARTESIAN_POINT('',(99.7958341697173,-36.3277615465793,20.9));
#6036=CARTESIAN_POINT('Ctrl Pts',(100.014646338094,-33.9762047015617,20.5960539633616));
#6037=CARTESIAN_POINT('Ctrl Pts',(100.075836117175,-33.6243859595263,16.6463669927843));
#6038=CARTESIAN_POINT('Ctrl Pts',(100.142261101905,-33.2437085439234,12.3489408321632));
#6039=CARTESIAN_POINT('Ctrl Pts',(100.215479566175,-32.825069375886,7.60124903781176));
#6040=CARTESIAN_POINT('Ctrl Pts',(100.063372336645,-34.0700696227014,20.588396661802));
#6041=CARTESIAN_POINT('Ctrl Pts',(100.125009371319,-33.7173117340016,16.6388386550564));
#6042=CARTESIAN_POINT('Ctrl Pts',(100.191820023284,-33.3357681082086,12.3415256756352));
#6043=CARTESIAN_POINT('Ctrl Pts',(100.265380490126,-32.9163221274558,7.59393596051035));
#6044=CARTESIAN_POINT('Ctrl Pts',(100.112098335196,-34.1639345438411,20.5807393602424));
#6045=CARTESIAN_POINT('Ctrl Pts',(100.174183035754,-33.8102373444421,16.6313104483453));
#6046=CARTESIAN_POINT('Ctrl Pts',(100.241378070618,-33.4278343474571,12.3341854295983));
#6047=CARTESIAN_POINT('Ctrl Pts',(100.315281414078,-33.0075748790256,7.58662288320893));
#6048=CARTESIAN_POINT('Ctrl Pts',(100.160824333747,-34.2577994649808,20.5730820586828));
#6049=CARTESIAN_POINT('Ctrl Pts',(100.223356289897,-33.9031631189173,16.6237821106174));
#6050=CARTESIAN_POINT('Ctrl Pts',(100.290936991997,-33.5198939117423,12.3267702730704));
#6051=CARTESIAN_POINT('Ctrl Pts',(100.36518233803,-33.0988276305955,7.57930980590752));
#6052=CARTESIAN_POINT('',(100.36376635606,-33.1068580633987,7.6698488388138));
#6053=CARTESIAN_POINT('Ctrl Pts',(100.161913043803,-34.2516250834327,20.5043200215051));
#6054=CARTESIAN_POINT('Ctrl Pts',(100.223742424638,-33.9009732399857,16.5990616117548));
#6055=CARTESIAN_POINT('Ctrl Pts',(100.290507643139,-33.5223288701138,12.353915819301));
#6056=CARTESIAN_POINT('Ctrl Pts',(100.363766355572,-33.1068580661658,7.66984883856072));
#6057=CARTESIAN_POINT('Ctrl Pts',(100.363766347385,-33.1068581125991,7.66984936205476));
#6058=CARTESIAN_POINT('Ctrl Pts',(100.339351114325,-33.0604371081399,7.65845995253195));
#6059=CARTESIAN_POINT('Ctrl Pts',(100.314926243364,-33.0140101282787,7.64711289983877));
#6060=CARTESIAN_POINT('Ctrl Pts',(100.290492296586,-32.9675781580041,7.63580832926483));
#6061=CARTESIAN_POINT('Ctrl Pts',(100.265541210357,-32.9201634646418,7.624264499783));
#6062=CARTESIAN_POINT('Ctrl Pts',(100.240409850837,-32.8724190762712,7.61268617075934));
#6063=CARTESIAN_POINT('Ctrl Pts',(100.215479566175,-32.825069375886,7.60124903781179));
#6064=CARTESIAN_POINT('Ctrl Pts',(100.213552645166,-32.8227185691312,7.5993808944951));
#6065=CARTESIAN_POINT('Ctrl Pts',(100.212259173772,-32.8300872004299,7.59139967492298));
#6066=CARTESIAN_POINT('Ctrl Pts',(100.210965601789,-32.8374560926663,7.58341871422371));
#6067=CARTESIAN_POINT('Ctrl Pts',(100.18172246125,-33.0040337796058,7.40301724404447));
#6068=CARTESIAN_POINT('Ctrl Pts',(100.154721435061,-33.1579085224894,7.23664323937595));
#6069=CARTESIAN_POINT('Ctrl Pts',(100.121102800685,-33.3495932282973,7.02974883066257));
#6070=CARTESIAN_POINT('Ctrl Pts',(100.113624194979,-33.3922203662473,6.983761512338));
#6071=CARTESIAN_POINT('Ctrl Pts',(100.106140856759,-33.4348587477568,6.93778546092985));
#6072=CARTESIAN_POINT('Ctrl Pts',(100.268503570441,-32.8897576462867,7.65265562837364));
#6073=CARTESIAN_POINT('Ctrl Pts',(100.267206773046,-32.8971341434422,7.6446822605385));
#6074=CARTESIAN_POINT('Ctrl Pts',(100.265909908592,-32.9045108145563,7.63670906528542));
#6075=CARTESIAN_POINT('Ctrl Pts',(100.236599137247,-33.0712281830009,7.45651795337976));
#6076=CARTESIAN_POINT('Ctrl Pts',(100.20953069699,-33.2252371452121,7.29035449071475));
#6077=CARTESIAN_POINT('Ctrl Pts',(100.175818965891,-33.4171085170042,7.08373003909152));
#6078=CARTESIAN_POINT('Ctrl Pts',(100.168319548003,-33.4597824008972,7.03778975073926));
#6079=CARTESIAN_POINT('Ctrl Pts',(100.160816975055,-33.5024637807969,6.99185697395323));
#6080=CARTESIAN_POINT('Ctrl Pts',(100.323454495716,-32.9567967234423,7.70593036225218));
#6081=CARTESIAN_POINT('Ctrl Pts',(100.32215437232,-32.9641810864551,7.69796484615453));
#6082=CARTESIAN_POINT('Ctrl Pts',(100.320854215394,-32.9715655364469,7.68999941634765));
#6083=CARTESIAN_POINT('Ctrl Pts',(100.291475816188,-33.138422589606,7.51001865496131));
#6084=CARTESIAN_POINT('Ctrl Pts',(100.264339961939,-33.2925657713156,7.34406573407102));
#6085=CARTESIAN_POINT('Ctrl Pts',(100.230535130935,-33.4846238065812,7.13771124835879));
#6086=CARTESIAN_POINT('Ctrl Pts',(100.223014900869,-33.5273444364327,7.09181798999261));
#6087=CARTESIAN_POINT('Ctrl Pts',(100.215493093351,-33.570068813837,7.04592848697661));
#6088=CARTESIAN_POINT('Ctrl Pts',(100.378405420991,-33.0238358005979,7.75920509613072));
#6089=CARTESIAN_POINT('Ctrl Pts',(100.377101971594,-33.0312280294674,7.75124743177004));
#6090=CARTESIAN_POINT('Ctrl Pts',(100.375798522197,-33.038620258337,7.74328976740936));
#6091=CARTESIAN_POINT('Ctrl Pts',(100.346352492185,-33.2056169930012,7.5635193642966));
#6092=CARTESIAN_POINT('Ctrl Pts',(100.319149223869,-33.3598943940383,7.39777698540982));
#6093=CARTESIAN_POINT('Ctrl Pts',(100.28525129614,-33.5521390952881,7.19169245678774));
#6094=CARTESIAN_POINT('Ctrl Pts',(100.277710253893,-33.5949064710826,7.14584622839387));
#6095=CARTESIAN_POINT('Ctrl Pts',(100.270169211647,-33.6376738468771,7.09999999999999));
#6096=CARTESIAN_POINT('Ctrl Pts',(100.363766357217,-33.106858056837,7.66984883252564));
#6097=CARTESIAN_POINT('Ctrl Pts',(100.339422870467,-33.244916830668,7.5213046534688));
#6098=CARTESIAN_POINT('Ctrl Pts',(100.315785257823,-33.3789723935122,7.3773255477209));
#6099=CARTESIAN_POINT('Ctrl Pts',(100.28525129614,-33.5521390952881,7.19169245678774));
#6100=CARTESIAN_POINT('Ctrl Pts',(100.277710253893,-33.5949064710826,7.14584622839387));
#6101=CARTESIAN_POINT('Ctrl Pts',(100.270169211647,-33.6376738468771,7.09999999999999));
#6102=CARTESIAN_POINT('Origin',(97.5000013515819,-39.5000018761493,7.1));
#6103=CARTESIAN_POINT('',(102.436956552521,-35.9706907470823,20.6019026509541));
#6104=CARTESIAN_POINT('Origin',(97.5000013515819,-39.5000018761493,20.6019026509541));
#6105=CARTESIAN_POINT('',(102.439646378694,-35.9735756908598,20.5960539633617));
#6106=CARTESIAN_POINT('Ctrl Pts',(102.439646378694,-35.9735756908598,20.5960539633617));
#6107=CARTESIAN_POINT('Ctrl Pts',(102.438749907198,-35.9726134810121,20.5980033186189));
#6108=CARTESIAN_POINT('Ctrl Pts',(102.437853298341,-35.9716518333156,20.5999528815284));
#6109=CARTESIAN_POINT('Ctrl Pts',(102.436956552521,-35.9706907470823,20.6019026509541));
#6110=CARTESIAN_POINT('',(103.189140718974,-35.0770798696713,7.60124903781175));
#6111=CARTESIAN_POINT('Ctrl Pts',(103.189140718974,-35.0770798696713,7.60124903781175));
#6112=CARTESIAN_POINT('Ctrl Pts',(102.91641208489,-35.4030227920539,12.348940831843));
#6113=CARTESIAN_POINT('Ctrl Pts',(102.668547652856,-35.6994866122608,16.6463669926477));
#6114=CARTESIAN_POINT('Ctrl Pts',(102.439646378694,-35.9735756908598,20.5960539633617));
#6115=CARTESIAN_POINT('',(103.187874694302,-35.0750028102594,7.59809734904586));
#6116=CARTESIAN_POINT('Ctrl Pts',(103.187874694302,-35.0750028102594,7.59809734904588));
#6117=CARTESIAN_POINT('Ctrl Pts',(103.188296746555,-35.0756950113727,7.59914799183607));
#6118=CARTESIAN_POINT('Ctrl Pts',(103.188718754805,-35.0763873644931,7.60019855482104));
#6119=CARTESIAN_POINT('Ctrl Pts',(103.189140718974,-35.0770798696713,7.60124903781176));
#6120=CARTESIAN_POINT('Origin',(97.5000013515819,-39.5000018761493,7.59809734904587));
#6121=CARTESIAN_POINT('Origin',(97.5000013515819,-39.5000018761493,20.8509513254771));
#6122=CARTESIAN_POINT('',(102.078198123713,-36.3992783706943,21.0961046601424));
#6123=CARTESIAN_POINT('Ctrl Pts',(102.078198123713,-36.3992783706943,21.0961046601424));
#6124=CARTESIAN_POINT('Ctrl Pts',(102.075641199361,-36.3992946141944,21.0980529367131));
#6125=CARTESIAN_POINT('Ctrl Pts',(102.073085379619,-36.3993114288064,21.1));
#6126=CARTESIAN_POINT('Ctrl Pts',(102.436956552521,-35.9706907470823,20.6019026509541));
#6127=CARTESIAN_POINT('Ctrl Pts',(102.401920390039,-36.0125372994668,20.6503199936953));
#6128=CARTESIAN_POINT('Ctrl Pts',(102.367036258446,-36.0541986565967,20.6984826686443));
#6129=CARTESIAN_POINT('Ctrl Pts',(102.298447714827,-36.1361254050207,20.7930991371781));
#6130=CARTESIAN_POINT('Ctrl Pts',(102.264608878288,-36.1765483781183,20.8397371534419));
#6131=CARTESIAN_POINT('Ctrl Pts',(102.231206624686,-36.2164535506025,20.8857309423351));
#6132=CARTESIAN_POINT('Ctrl Pts',(102.200911077417,-36.2526471875257,20.9274469002495));
#6133=CARTESIAN_POINT('Ctrl Pts',(102.170974692512,-36.2884148469759,20.9686328738769));
#6134=CARTESIAN_POINT('Ctrl Pts',(102.120145538843,-36.349150468762,21.038501124366));
#6135=CARTESIAN_POINT('Ctrl Pts',(102.099085129841,-36.3743171693804,21.0674314351481));
#6136=CARTESIAN_POINT('Ctrl Pts',(102.078198123713,-36.3992783706943,21.0961046601424));
#6137=CARTESIAN_POINT('Origin',(100.000000657346,-35.1698758571166,4.1));
#6138=CARTESIAN_POINT('',(100.000000657346,-35.1698758571166,4.1));
#6139=CARTESIAN_POINT('Origin',(100.407547045997,-32.8585654325108,4.1));
#6140=CARTESIAN_POINT('Ctrl Pts',(103.027531330199,-36.9886767155833,20.5995795171805));
#6141=CARTESIAN_POINT('Ctrl Pts',(103.016671668723,-36.9905793945548,20.6093605258365));
#6142=CARTESIAN_POINT('Ctrl Pts',(103.005811223963,-36.9924824088822,20.6191405908864));
#6143=CARTESIAN_POINT('Ctrl Pts',(102.813621745275,-37.0261623230261,20.792181749987));
#6144=CARTESIAN_POINT('Ctrl Pts',(102.640470599393,-37.0564802942737,20.9475844766073));
#6145=CARTESIAN_POINT('Ctrl Pts',(102.474404977683,-37.0855287415921,21.0961046592111));
#6146=CARTESIAN_POINT('Ctrl Pts',(102.96503562236,-36.9330934072662,20.5405549264886));
#6147=CARTESIAN_POINT('Ctrl Pts',(102.954162365368,-36.9350025409432,20.550319431681));
#6148=CARTESIAN_POINT('Ctrl Pts',(102.943288586186,-36.9369118981911,20.5600833078008));
#6149=CARTESIAN_POINT('Ctrl Pts',(102.750940533453,-36.9706892028221,20.7327787569571));
#6150=CARTESIAN_POINT('Ctrl Pts',(102.577643272423,-37.0011040207676,20.8878345675243));
#6151=CARTESIAN_POINT('Ctrl Pts',(102.411432071462,-37.0302559341184,21.0359879267035));
#6152=CARTESIAN_POINT('Ctrl Pts',(102.90253991452,-36.8775100989492,20.4815303357967));
#6153=CARTESIAN_POINT('Ctrl Pts',(102.891653062009,-36.8794256873326,20.4912783375199));
#6154=CARTESIAN_POINT('Ctrl Pts',(102.880765948404,-36.8813413875011,20.5010260247095));
#6155=CARTESIAN_POINT('Ctrl Pts',(102.688259297782,-36.915216074367,20.673375793012));
#6156=CARTESIAN_POINT('Ctrl Pts',(102.514815920187,-36.9457277388074,20.8280846886013));
#6157=CARTESIAN_POINT('Ctrl Pts',(102.348459165241,-36.9749831266447,20.9758711941958));
#6158=CARTESIAN_POINT('Ctrl Pts',(102.840044206681,-36.8219267906321,20.4225057451048));
#6159=CARTESIAN_POINT('Ctrl Pts',(102.829143758654,-36.8238488337211,20.4322372433644));
#6160=CARTESIAN_POINT('Ctrl Pts',(102.818243310627,-36.82577087681,20.441968741624));
#6161=CARTESIAN_POINT('Ctrl Pts',(102.62557808596,-36.859742954163,20.6139727999821));
#6162=CARTESIAN_POINT('Ctrl Pts',(102.451988593217,-36.8903514653012,20.7683347795183));
#6163=CARTESIAN_POINT('Ctrl Pts',(102.28548625902,-36.919710319171,20.9157544616882));
#6164=CARTESIAN_POINT('',(102.474404977684,-37.085528741592,21.0961046592105));
#6165=CARTESIAN_POINT('',(103.024951966032,-36.9891286396577,20.6019026509541));
#6166=CARTESIAN_POINT('Ctrl Pts',(102.474404977684,-37.085528741592,21.0961046592105));
#6167=CARTESIAN_POINT('Ctrl Pts',(102.506465513831,-37.0799206645821,21.0674314357351));
#6168=CARTESIAN_POINT('Ctrl Pts',(102.538790719006,-37.0742651659348,21.0385011264944));
#6169=CARTESIAN_POINT('Ctrl Pts',(102.616803886275,-37.0606136386871,20.9686328775605));
#6170=CARTESIAN_POINT('Ctrl Pts',(102.662747780919,-37.0525717985184,20.9274469039138));
#6171=CARTESIAN_POINT('Ctrl Pts',(102.709240164064,-37.0444319033529,20.8857309459693));
#6172=CARTESIAN_POINT('Ctrl Pts',(102.760500185085,-37.0354572892535,20.8397371565249));
#6173=CARTESIAN_POINT('Ctrl Pts',(102.812426926081,-37.0263634835411,20.7930991396824));
#6174=CARTESIAN_POINT('Ctrl Pts',(102.91767184558,-37.0079274361955,20.6984826699318));
#6175=CARTESIAN_POINT('Ctrl Pts',(102.971193706207,-36.9985475704146,20.6503199943254));
#6176=CARTESIAN_POINT('Ctrl Pts',(103.024951966032,-36.9891286396577,20.6019026509541));
#6177=CARTESIAN_POINT('',(103.023798444107,-36.9853567090733,20.5960539619327));
#6178=CARTESIAN_POINT('Ctrl Pts',(103.024951966031,-36.9891286396577,20.6019026509541));
#6179=CARTESIAN_POINT('Ctrl Pts',(103.02456801371,-36.9878714915759,20.599952881044));
#6180=CARTESIAN_POINT('Ctrl Pts',(103.024183506667,-36.9866141813813,20.5980033176584));
#6181=CARTESIAN_POINT('Ctrl Pts',(103.023798444107,-36.9853567090733,20.5960539619327));
#6182=CARTESIAN_POINT('',(102.748378054301,-36.8380900065145,20.504320020697));
#6183=CARTESIAN_POINT('Ctrl Pts',(103.023798444107,-36.9853567090732,20.5960539619326));
#6184=CARTESIAN_POINT('Ctrl Pts',(102.977032034919,-36.9603706436588,20.5806659122733));
#6185=CARTESIAN_POINT('Ctrl Pts',(102.929838806365,-36.9351462398912,20.5650382703382));
#6186=CARTESIAN_POINT('Ctrl Pts',(102.838304098949,-36.8862021470707,20.5345442362504));
#6187=CARTESIAN_POINT('Ctrl Pts',(102.793328472581,-36.8621440902131,20.5194727059845));
#6188=CARTESIAN_POINT('Ctrl Pts',(102.748378054411,-36.8380900065734,20.5043200207341));
#6189=CARTESIAN_POINT('',(102.303277181804,-36.9165732994725,20.9));
#6190=CARTESIAN_POINT('Ctrl Pts',(102.748378054301,-36.8380900065145,20.504320020697));
#6191=CARTESIAN_POINT('Ctrl Pts',(102.724467082436,-36.8423061559892,20.5256491125493));
#6192=CARTESIAN_POINT('Ctrl Pts',(102.700736330103,-36.846490527898,20.5468065422008));
#6193=CARTESIAN_POINT('Ctrl Pts',(102.624373756815,-36.859955309885,20.6148530663563));
#6194=CARTESIAN_POINT('Ctrl Pts',(102.572317274029,-36.869134272321,20.6611854568688));
#6195=CARTESIAN_POINT('Ctrl Pts',(102.520927509172,-36.8781956743975,20.7068687170786));
#6196=CARTESIAN_POINT('Ctrl Pts',(102.474317449522,-36.8864142854862,20.7483030277693));
#6197=CARTESIAN_POINT('Ctrl Pts',(102.428255876765,-36.8945361835371,20.7892033207569));
#6198=CARTESIAN_POINT('Ctrl Pts',(102.356060865697,-36.907266111861,20.8532342295678));
#6199=CARTESIAN_POINT('Ctrl Pts',(102.329580490632,-36.9119353164442,20.8767037939049));
#6200=CARTESIAN_POINT('Ctrl Pts',(102.303277181804,-36.9165732994725,20.9));
#6201=CARTESIAN_POINT('Ctrl Pts',(102.303277181804,-36.9165732994725,20.9));
#6202=CARTESIAN_POINT('Ctrl Pts',(102.331766688266,-36.9447447882884,20.9326906514795));
#6203=CARTESIAN_POINT('Ctrl Pts',(102.360270324255,-36.9729082841148,20.9653758849675));
#6204=CARTESIAN_POINT('Ctrl Pts',(102.417313002677,-37.0292267277713,21.0307440820753));
#6205=CARTESIAN_POINT('Ctrl Pts',(102.445852063959,-37.0573816828781,21.0634270561299));
#6206=CARTESIAN_POINT('Ctrl Pts',(102.474404977683,-37.0855287415921,21.0961046592111));
#6207=CARTESIAN_POINT('Ctrl Pts',(103.565144399143,-36.8938621911546,6.93778545735475));
#6208=CARTESIAN_POINT('Ctrl Pts',(103.60778278114,-36.8863788528565,6.98376150896067));
#6209=CARTESIAN_POINT('Ctrl Pts',(103.650409919574,-36.8789002470738,7.02974882748616));
#6210=CARTESIAN_POINT('Ctrl Pts',(103.842094626876,-36.8452816124787,7.23664323639174));
#6211=CARTESIAN_POINT('Ctrl Pts',(103.995969370821,-36.8182805861339,7.40301724114352));
#6212=CARTESIAN_POINT('Ctrl Pts',(104.162547059813,-36.7890374452649,7.58341871246957));
#6213=CARTESIAN_POINT('Ctrl Pts',(104.169915953026,-36.7877438731117,7.5913996741796));
#6214=CARTESIAN_POINT('Ctrl Pts',(104.177284585302,-36.7864504015475,7.59938089476261));
#6215=CARTESIAN_POINT('Ctrl Pts',(103.497539365338,-36.839186073256,6.99185697156973));
#6216=CARTESIAN_POINT('Ctrl Pts',(103.540220745729,-36.8316835002263,7.03778974854913));
#6217=CARTESIAN_POINT('Ctrl Pts',(103.582894630111,-36.8241840822585,7.08373003709686));
#6218=CARTESIAN_POINT('Ctrl Pts',(103.774766003412,-36.790472350922,7.29035448887347));
#6219=CARTESIAN_POINT('Ctrl Pts',(103.928774966694,-36.763403910498,7.4565179515908));
#6220=CARTESIAN_POINT('Ctrl Pts',(104.095492337202,-36.7340931388105,7.63670906461174));
#6221=CARTESIAN_POINT('Ctrl Pts',(104.102869009295,-36.7327962741848,7.64468226087362));
#6222=CARTESIAN_POINT('Ctrl Pts',(104.110245507429,-36.7314994766186,7.65265562971765));
#6223=CARTESIAN_POINT('Ctrl Pts',(103.429934331533,-36.7845099553574,7.04592848578471));
#6224=CARTESIAN_POINT('Ctrl Pts',(103.472658709432,-36.7769881477543,7.09181798898968));
#6225=CARTESIAN_POINT('Ctrl Pts',(103.515379339777,-36.7694679176049,7.13771124754588));
#6226=CARTESIAN_POINT('Ctrl Pts',(103.707437376567,-36.7356630863464,7.34406573337268));
#6227=CARTESIAN_POINT('Ctrl Pts',(103.861580559357,-36.708527231917,7.51001865428434));
#6228=CARTESIAN_POINT('Ctrl Pts',(104.028437614591,-36.6791488323562,7.68999941675443));
#6229=CARTESIAN_POINT('Ctrl Pts',(104.035822065563,-36.677848675258,7.69796484756815));
#6230=CARTESIAN_POINT('Ctrl Pts',(104.043206429557,-36.6765485516896,7.7059303646727));
#6231=CARTESIAN_POINT('Ctrl Pts',(103.362329297728,-36.7298338374587,7.09999999999969));
#6232=CARTESIAN_POINT('Ctrl Pts',(103.405096674021,-36.7222927951241,7.14584622857814));
#6233=CARTESIAN_POINT('Ctrl Pts',(103.447864050314,-36.7147517527895,7.19169245715658));
#6234=CARTESIAN_POINT('Ctrl Pts',(103.640108753102,-36.6808538247897,7.39777698585441));
#6235=CARTESIAN_POINT('Ctrl Pts',(103.794386155229,-36.6536505562812,7.56351936473163));
#6236=CARTESIAN_POINT('Ctrl Pts',(103.96138289198,-36.6242045259017,7.7432897688966));
#6237=CARTESIAN_POINT('Ctrl Pts',(103.968775121832,-36.6229010763312,7.75124743426217));
#6238=CARTESIAN_POINT('Ctrl Pts',(103.976167351684,-36.6215976267606,7.75920509962774));
#6239=CARTESIAN_POINT('',(104.176099552173,-36.7866584198173,7.59809734904588));
#6240=CARTESIAN_POINT('Ctrl Pts',(104.176099552173,-36.7866584198173,7.59809734904587));
#6241=CARTESIAN_POINT('Ctrl Pts',(104.169125897441,-36.7878825635582,7.59054399726562));
#6242=CARTESIAN_POINT('Ctrl Pts',(104.162151900308,-36.7891068165304,7.58299075986333));
#6243=CARTESIAN_POINT('Ctrl Pts',(104.003951181551,-36.8168793587728,7.41166143838372));
#6244=CARTESIAN_POINT('Ctrl Pts',(103.857537056722,-36.8425718351727,7.2533407594105));
#6245=CARTESIAN_POINT('Ctrl Pts',(103.715494599221,-36.8674852632159,7.09999999790783));
#6246=CARTESIAN_POINT('',(103.893145085404,-36.6362366923055,7.66984883916259));
#6247=CARTESIAN_POINT('Ctrl Pts',(103.362329297728,-36.7298338374587,7.09999999999969));
#6248=CARTESIAN_POINT('Ctrl Pts',(103.405096674021,-36.7222927951241,7.14584622857814));
#6249=CARTESIAN_POINT('Ctrl Pts',(103.447864050314,-36.7147517527895,7.19169245715658));
#6250=CARTESIAN_POINT('Ctrl Pts',(103.621030753461,-36.6842177908645,7.37732554814161));
#6251=CARTESIAN_POINT('Ctrl Pts',(103.755086317213,-36.6605801780608,7.52130465383099));
#6252=CARTESIAN_POINT('Ctrl Pts',(103.893145091966,-36.6362366911484,7.66984883287443));
#6253=CARTESIAN_POINT('',(104.174933777944,-36.784523480078,7.60124903857589));
#6254=CARTESIAN_POINT('Ctrl Pts',(103.893145036203,-36.6362367009808,7.66984936240415));
#6255=CARTESIAN_POINT('Ctrl Pts',(103.940634382483,-36.6612138300507,7.65819783510701));
#6256=CARTESIAN_POINT('Ctrl Pts',(103.988129992491,-36.6862010512282,7.64659063686847));
#6257=CARTESIAN_POINT('Ctrl Pts',(104.035630806465,-36.7111977595161,7.63502789509447));
#6258=CARTESIAN_POINT('Ctrl Pts',(104.081968629968,-36.735582458638,7.62374825075344));
#6259=CARTESIAN_POINT('Ctrl Pts',(104.128640970553,-36.7601496652546,7.61243088291486));
#6260=CARTESIAN_POINT('Ctrl Pts',(104.174933777944,-36.784523480078,7.60124903857589));
#6261=CARTESIAN_POINT('Ctrl Pts',(104.174933777944,-36.784523480078,7.60124903857589));
#6262=CARTESIAN_POINT('Ctrl Pts',(104.175322523053,-36.7852351645267,7.60019855532861));
#6263=CARTESIAN_POINT('Ctrl Pts',(104.175711114435,-36.7859468111204,7.59914799208892));
#6264=CARTESIAN_POINT('Ctrl Pts',(104.176099552173,-36.7866584198173,7.59809734904587));
#6265=CARTESIAN_POINT('Ctrl Pts',(104.174933777944,-36.784523480078,7.60124903857589));
#6266=CARTESIAN_POINT('Ctrl Pts',(103.756294606999,-36.8577419447148,12.3489408373406));
#6267=CARTESIAN_POINT('Ctrl Pts',(103.375617188706,-36.9241669297471,16.6463669971763));
#6268=CARTESIAN_POINT('Ctrl Pts',(103.023798444107,-36.9853567090733,20.5960539619327));
#6269=CARTESIAN_POINT('Ctrl Pts',(104.083681024722,-36.7346225568263,7.59393596106843));
#6270=CARTESIAN_POINT('Ctrl Pts',(103.66423504097,-36.8081830241004,12.3415256805902));
#6271=CARTESIAN_POINT('Ctrl Pts',(103.282691412389,-36.8749936764429,16.6388386592075));
#6272=CARTESIAN_POINT('Ctrl Pts',(102.929933521022,-36.936630711449,20.5883966601103));
#6273=CARTESIAN_POINT('Ctrl Pts',(103.9924282715,-36.6847216335746,7.58662288356097));
#6274=CARTESIAN_POINT('Ctrl Pts',(103.572168799976,-36.7586249775316,12.3341854343509));
#6275=CARTESIAN_POINT('Ctrl Pts',(103.189765800106,-36.8258200128472,16.6313104522554));
#6276=CARTESIAN_POINT('Ctrl Pts',(102.836068597937,-36.8879047138248,20.5807393582878));
#6277=CARTESIAN_POINT('Ctrl Pts',(103.901175518278,-36.6348207103229,7.57930980605351));
#6278=CARTESIAN_POINT('Ctrl Pts',(103.480109233947,-36.7090660569172,12.3267702776006));
#6279=CARTESIAN_POINT('Ctrl Pts',(103.096840023789,-36.7766467595429,16.6237821142865));
#6280=CARTESIAN_POINT('Ctrl Pts',(102.742203674852,-36.8391787162005,20.5730820564654));
#6281=CARTESIAN_POINT('Ctrl Pts',(103.023798444107,-36.9853567090733,20.5960539619327));
#6282=CARTESIAN_POINT('Ctrl Pts',(103.375617188706,-36.9241669297471,16.6463669971763));
#6283=CARTESIAN_POINT('Ctrl Pts',(103.756294606999,-36.8577419447148,12.3489408373406));
#6284=CARTESIAN_POINT('Ctrl Pts',(104.174933777944,-36.784523480078,7.60124903857589));
#6285=CARTESIAN_POINT('Ctrl Pts',(103.893145082637,-36.6362366927934,7.66984883890952));
#6286=CARTESIAN_POINT('Ctrl Pts',(103.477674275496,-36.7094954057889,12.3539158244647));
#6287=CARTESIAN_POINT('Ctrl Pts',(103.099029902637,-36.7762606248175,16.5990616165125));
#6288=CARTESIAN_POINT('Ctrl Pts',(102.748378056316,-36.8380900061592,20.5043200208835));
#6289=CARTESIAN_POINT('Origin',(99.5339512194484,-37.5064228462008,21.));
#6290=CARTESIAN_POINT('Ctrl Pts',(102.471819975956,-37.0899399798367,21.1));
#6291=CARTESIAN_POINT('Ctrl Pts',(102.47311244798,-37.0877349817836,21.0980529362285));
#6292=CARTESIAN_POINT('Ctrl Pts',(102.474404977684,-37.085528741592,21.0961046592105));
#6293=CARTESIAN_POINT('',(101.830127269333,-37.000002394961,20.9));
#6294=CARTESIAN_POINT('',(99.5165864016817,-37.4079420708996,20.9));
#6295=CARTESIAN_POINT('',(101.830127269333,-37.000002394961,20.9));
#6296=CARTESIAN_POINT('Origin',(100.997766615402,-37.8363988119312,21.));
#6297=CARTESIAN_POINT('',(102.138953936545,-36.6319571048227,20.9));
#6298=CARTESIAN_POINT('',(101.074371059714,-37.9006775728999,20.9));
#6299=CARTESIAN_POINT('Ctrl Pts',(102.138953936545,-36.6319571048227,20.9));
#6300=CARTESIAN_POINT('Ctrl Pts',(102.128801088522,-36.593197292205,20.9326918601141));
#6301=CARTESIAN_POINT('Ctrl Pts',(102.118662228432,-36.5544292389452,20.9653783018326));
#6302=CARTESIAN_POINT('Ctrl Pts',(102.098410366514,-36.4768696154568,21.0307464931083));
#6303=CARTESIAN_POINT('Ctrl Pts',(102.088297365803,-36.4380780267042,21.0634282537164));
#6304=CARTESIAN_POINT('Ctrl Pts',(102.078198123713,-36.3992783706943,21.0961046601424));
#6305=CARTESIAN_POINT('Ctrl Pts',(102.078198123713,-36.3992783706943,21.0961046601424));
#6306=CARTESIAN_POINT('Ctrl Pts',(102.186387627837,-36.2699855473982,20.9475844761216));
#6307=CARTESIAN_POINT('Ctrl Pts',(102.299219334073,-36.1351912420654,20.7921817480806));
#6308=CARTESIAN_POINT('Ctrl Pts',(102.424481733729,-35.9855902294434,20.6191405888323));
#6309=CARTESIAN_POINT('Ctrl Pts',(102.431560013886,-35.9771363167161,20.6093605250474));
#6310=CARTESIAN_POINT('Ctrl Pts',(102.438637611976,-35.9686829146536,20.5995795176568));
#6311=CARTESIAN_POINT('Ctrl Pts',(102.094579326681,-36.4814509106536,21.0359879290969));
#6312=CARTESIAN_POINT('Ctrl Pts',(102.202931224628,-36.3520837450345,20.8878345684491));
#6313=CARTESIAN_POINT('Ctrl Pts',(102.315919860123,-36.2172113236135,20.7327787564125));
#6314=CARTESIAN_POINT('Ctrl Pts',(102.441345889419,-36.0675216770801,20.5600833070584));
#6315=CARTESIAN_POINT('Ctrl Pts',(102.448436329915,-36.0590593878663,20.5503194321994));
#6316=CARTESIAN_POINT('Ctrl Pts',(102.455526315697,-36.0505974390969,20.540554928268));
#6317=CARTESIAN_POINT('Ctrl Pts',(102.110960529648,-36.563623450613,20.9758711980513));
#6318=CARTESIAN_POINT('Ctrl Pts',(102.219474816107,-36.4341819687793,20.8280846909366));
#6319=CARTESIAN_POINT('Ctrl Pts',(102.332620381395,-36.299231429941,20.6733757938294));
#6320=CARTESIAN_POINT('Ctrl Pts',(102.458210045106,-36.1494531247205,20.5010260252789));
#6321=CARTESIAN_POINT('Ctrl Pts',(102.46531264594,-36.1409824590202,20.4912783393458));
#6322=CARTESIAN_POINT('Ctrl Pts',(102.472415019418,-36.1325119635403,20.4815303388793));
#6323=CARTESIAN_POINT('Ctrl Pts',(102.127341732616,-36.6457959905724,20.9157544670058));
#6324=CARTESIAN_POINT('Ctrl Pts',(102.236018412898,-36.5162801664157,20.7683347832642));
#6325=CARTESIAN_POINT('Ctrl Pts',(102.349320907445,-36.3812515114891,20.6139728021613));
#6326=CARTESIAN_POINT('Ctrl Pts',(102.475074200796,-36.2313845723572,20.441968743505));
#6327=CARTESIAN_POINT('Ctrl Pts',(102.482188961968,-36.2229055301704,20.4322372464978));
#6328=CARTESIAN_POINT('Ctrl Pts',(102.48930372314,-36.2144264879836,20.4225057494906));
#6329=CARTESIAN_POINT('',(102.429472894719,-36.2857300927018,20.5043200213185));
#6330=CARTESIAN_POINT('Ctrl Pts',(102.138953936545,-36.6319571048227,20.9));
#6331=CARTESIAN_POINT('Ctrl Pts',(102.156122201735,-36.6114967631034,20.8767037941085));
#6332=CARTESIAN_POINT('Ctrl Pts',(102.173406038701,-36.5908986883063,20.8532342299819));
#6333=CARTESIAN_POINT('Ctrl Pts',(102.220527984889,-36.5347409396462,20.789203321354));
#6334=CARTESIAN_POINT('Ctrl Pts',(102.250592540996,-36.4989113968957,20.7483030283424));
#6335=CARTESIAN_POINT('Ctrl Pts',(102.281015096493,-36.4626552070862,20.7068687176392));
#6336=CARTESIAN_POINT('Ctrl Pts',(102.314557382589,-36.4226810671277,20.6611854579301));
#6337=CARTESIAN_POINT('Ctrl Pts',(102.348534837893,-36.3821883127018,20.6148530679469));
#6338=CARTESIAN_POINT('Ctrl Pts',(102.398376967255,-36.3227887759723,20.5468065438452));
#6339=CARTESIAN_POINT('Ctrl Pts',(102.413866116014,-36.3043295272921,20.5256491136823));
#6340=CARTESIAN_POINT('Ctrl Pts',(102.429472894719,-36.2857300927018,20.5043200213185));
#6341=CARTESIAN_POINT('Ctrl Pts',(102.429472894723,-36.285730092577,20.5043200213556));
#6342=CARTESIAN_POINT('Ctrl Pts',(102.431183304376,-36.2327087843931,20.5200870968677));
#6343=CARTESIAN_POINT('Ctrl Pts',(102.432903635362,-36.1796616877107,20.5357663029481));
#6344=CARTESIAN_POINT('Ctrl Pts',(102.436285161727,-36.0759292511803,20.5662427795029));
#6345=CARTESIAN_POINT('Ctrl Pts',(102.437968983702,-36.0245271437072,20.5812589955535));
#6346=CARTESIAN_POINT('Ctrl Pts',(102.439646378694,-35.9735756908601,20.5960539633615));
#6347=CARTESIAN_POINT('Ctrl Pts',(102.439646378694,-35.9735756908598,20.5960539633617));
#6348=CARTESIAN_POINT('Ctrl Pts',(102.668547652856,-35.6994866122608,16.6463669926477));
#6349=CARTESIAN_POINT('Ctrl Pts',(102.91641208489,-35.4030227920539,12.348940831843));
#6350=CARTESIAN_POINT('Ctrl Pts',(103.189140718974,-35.0770798696713,7.60124903781175));
#6351=CARTESIAN_POINT('Ctrl Pts',(102.434911870694,-36.0792280963664,20.588396661802));
#6352=CARTESIAN_POINT('Ctrl Pts',(102.664670052894,-35.8045493206945,16.6388386549198));
#6353=CARTESIAN_POINT('Ctrl Pts',(102.913301587646,-35.5075281740758,12.341525675315));
#6354=CARTESIAN_POINT('Ctrl Pts',(103.186729811004,-35.1810575326719,7.59393596051034));
#6355=CARTESIAN_POINT('Ctrl Pts',(102.430177362694,-36.1848805018731,20.5807393602424));
#6356=CARTESIAN_POINT('Ctrl Pts',(102.660792890271,-35.9096120922157,16.6313104482087));
#6357=CARTESIAN_POINT('Ctrl Pts',(102.910186995975,-35.6120388997627,12.3341854292782));
#6358=CARTESIAN_POINT('Ctrl Pts',(103.184318903033,-35.2850351956724,7.58662288320892));
#6359=CARTESIAN_POINT('Ctrl Pts',(102.425442854694,-36.2905329073798,20.5730820586828));
#6360=CARTESIAN_POINT('Ctrl Pts',(102.656915290309,-36.0146748006494,16.6237821104808));
#6361=CARTESIAN_POINT('Ctrl Pts',(102.907076498731,-35.7165442817846,12.3267702727502));
#6362=CARTESIAN_POINT('Ctrl Pts',(103.181907995063,-35.389012858673,7.57930980590751));
#6363=CARTESIAN_POINT('',(103.176666502304,-35.3952594264991,7.6698488388138));
#6364=CARTESIAN_POINT('Ctrl Pts',(102.429472896034,-36.2857300911345,20.5043200215051));
#6365=CARTESIAN_POINT('Ctrl Pts',(102.658344632269,-36.0129713772337,16.5990616116203));
#6366=CARTESIAN_POINT('Ctrl Pts',(102.905487192527,-35.7184383431632,12.3539158189896));
#6367=CARTESIAN_POINT('Ctrl Pts',(103.176666500498,-35.3952594286515,7.66984883856073));
#6368=CARTESIAN_POINT('Ctrl Pts',(103.176666470191,-35.3952594647701,7.66984936205477));
#6369=CARTESIAN_POINT('Ctrl Pts',(103.178757007265,-35.3422350803892,7.65832630333542));
#6370=CARTESIAN_POINT('Ctrl Pts',(103.180842059037,-35.2892004600044,7.64684660135092));
#6371=CARTESIAN_POINT('Ctrl Pts',(103.182921617023,-35.2361568491827,7.63541039710051));
#6372=CARTESIAN_POINT('Ctrl Pts',(103.184996248258,-35.1832389057701,7.62400128674767));
#6373=CARTESIAN_POINT('Ctrl Pts',(103.187079851812,-35.1299425391533,7.61255601315963));
#6374=CARTESIAN_POINT('Ctrl Pts',(103.189140718974,-35.0770798696713,7.60124903781175));
#6375=CARTESIAN_POINT('Ctrl Pts',(103.188647359807,-35.074080550798,7.5993808944951));
#6376=CARTESIAN_POINT('Ctrl Pts',(103.183842865071,-35.0798152369969,7.59139967492298));
#6377=CARTESIAN_POINT('Ctrl Pts',(103.179038152754,-35.0855500988797,7.58341871422371));
#6378=CARTESIAN_POINT('Ctrl Pts',(103.070424006682,-35.2151890372141,7.40301724402978));
#6379=CARTESIAN_POINT('Ctrl Pts',(102.970103060645,-35.3349479604427,7.23664323938175));
#6380=CARTESIAN_POINT('Ctrl Pts',(102.845146116328,-35.4841424680058,7.02974883066257));
#6381=CARTESIAN_POINT('Ctrl Pts',(102.817355884826,-35.517319349508,6.98376151233799));
#6382=CARTESIAN_POINT('Ctrl Pts',(102.789555933068,-35.5505036019616,6.93778546092984));
#6383=CARTESIAN_POINT('Ctrl Pts',(103.202716718479,-35.1596135572985,7.65265562837364));
#6384=CARTESIAN_POINT('Ctrl Pts',(103.197905410414,-35.1653533925286,7.64468226053849));
#6385=CARTESIAN_POINT('Ctrl Pts',(103.193093957294,-35.1710933448815,7.63670906528542));
#6386=CARTESIAN_POINT('Ctrl Pts',(103.084351400473,-35.3008194355448,7.45651795336508));
#6387=CARTESIAN_POINT('Ctrl Pts',(102.983904962477,-35.4206608890872,7.29035449072055));
#6388=CARTESIAN_POINT('Ctrl Pts',(102.85877406104,-35.5699705057725,7.08373003909152));
#6389=CARTESIAN_POINT('Ctrl Pts',(102.830942432689,-35.6031774643583,7.03778975073926));
#6390=CARTESIAN_POINT('Ctrl Pts',(102.803104323973,-35.6363893371459,6.99185697395323));
#6391=CARTESIAN_POINT('Ctrl Pts',(103.216786077151,-35.245146563799,7.70593036225218));
#6392=CARTESIAN_POINT('Ctrl Pts',(103.211967955755,-35.2508915480607,7.69796484615452));
#6393=CARTESIAN_POINT('Ctrl Pts',(103.207149761833,-35.2566365908837,7.68999941634765));
#6394=CARTESIAN_POINT('Ctrl Pts',(103.09827879521,-35.3864498381278,7.51001865494665));
#6395=CARTESIAN_POINT('Ctrl Pts',(102.997706865234,-35.506373822169,7.34406573407683));
#6396=CARTESIAN_POINT('Ctrl Pts',(102.872402005177,-35.655798544212,7.1377112483588));
#6397=CARTESIAN_POINT('Ctrl Pts',(102.844528979972,-35.6890355798963,7.09181798999261));
#6398=CARTESIAN_POINT('Ctrl Pts',(102.816652714877,-35.7222750723302,7.04592848697661));
#6399=CARTESIAN_POINT('Ctrl Pts',(103.230855435823,-35.3306795702995,7.75920509613072));
#6400=CARTESIAN_POINT('Ctrl Pts',(103.226030501097,-35.3364297035925,7.75124743177004));
#6401=CARTESIAN_POINT('Ctrl Pts',(103.221205566372,-35.3421798368855,7.74328976740936));
#6402=CARTESIAN_POINT('Ctrl Pts',(103.112206189,-35.4720802364585,7.56351936428194));
#6403=CARTESIAN_POINT('Ctrl Pts',(103.011508767066,-35.5920867508135,7.39777698541562));
#6404=CARTESIAN_POINT('Ctrl Pts',(102.886029949889,-35.7416265819787,7.19169245678775));
#6405=CARTESIAN_POINT('Ctrl Pts',(102.858115527835,-35.7748936947466,7.14584622839387));
#6406=CARTESIAN_POINT('Ctrl Pts',(102.830201105781,-35.8081608075145,7.1));
#6407=CARTESIAN_POINT('Ctrl Pts',(103.176666506587,-35.3952594213949,7.66984883252566));
#6408=CARTESIAN_POINT('Ctrl Pts',(103.086555041725,-35.5026500833782,7.52130465346155));
#6409=CARTESIAN_POINT('Ctrl Pts',(102.999056487277,-35.6069267999883,7.37732554772723));
#6410=CARTESIAN_POINT('Ctrl Pts',(102.886029949889,-35.7416265819787,7.19169245678775));
#6411=CARTESIAN_POINT('Ctrl Pts',(102.858115527835,-35.7748936947466,7.14584622839387));
#6412=CARTESIAN_POINT('Ctrl Pts',(102.830201105781,-35.8081608075145,7.1));
#6413=CARTESIAN_POINT('Ctrl Pts',(102.88757411996,-35.4334849766076,7.09999999790784));
#6414=CARTESIAN_POINT('Ctrl Pts',(102.980171010253,-35.3229293141104,7.25334076034497));
#6415=CARTESIAN_POINT('Ctrl Pts',(103.075628409868,-35.2089772008368,7.41166144020617));
#6416=CARTESIAN_POINT('Ctrl Pts',(103.178780495779,-35.0858576313511,7.58299076170668));
#6417=CARTESIAN_POINT('Ctrl Pts',(103.183327727939,-35.0804300998489,7.59054399818733));
#6418=CARTESIAN_POINT('Ctrl Pts',(103.187874694302,-35.0750028102594,7.59809734904587));
#6419=CARTESIAN_POINT('Origin',(97.5000013515819,-39.5000018761493,7.34904867452294));
#6420=CARTESIAN_POINT('Origin',(103.338728007428,-35.2021220455459,4.1));
#6421=CARTESIAN_POINT('',(101.830127269333,-37.000002394961,4.1));
#6422=CARTESIAN_POINT('Origin',(101.830127269333,-37.000002394961,4.1));
#6423=CARTESIAN_POINT('Origin',(97.5000013515819,-39.5000018761493,7.34904867452294));
#6424=CARTESIAN_POINT('',(104.638343692831,-38.5117769447263,7.59809734904587));
#6425=CARTESIAN_POINT('Origin',(97.5000013515819,-39.5000018761493,7.59809734904587));
#6426=CARTESIAN_POINT('Ctrl Pts',(104.199034683505,-38.6720813204163,7.09999999790784));
#6427=CARTESIAN_POINT('Ctrl Pts',(104.334503774063,-38.6226357533064,7.25334076035011));
#6428=CARTESIAN_POINT('Ctrl Pts',(104.474148363763,-38.5716790281981,7.41166144023053));
#6429=CARTESIAN_POINT('Ctrl Pts',(104.625040475337,-38.5166303962836,7.58299076170668));
#6430=CARTESIAN_POINT('Ctrl Pts',(104.631692259656,-38.5142036322031,7.59054399818733));
#6431=CARTESIAN_POINT('Ctrl Pts',(104.638343692831,-38.5117769447263,7.59809734904588));
#6432=CARTESIAN_POINT('Origin',(97.5000013515819,-39.5000018761493,7.1));
#6433=CARTESIAN_POINT('',(103.540185537474,-38.9120063809878,20.6019026509541));
#6434=CARTESIAN_POINT('Origin',(97.5000013515819,-39.5000018761493,20.6019026509541));
#6435=CARTESIAN_POINT('',(103.541072523383,-38.9158497286742,20.5960539633616));
#6436=CARTESIAN_POINT('Ctrl Pts',(103.541072523383,-38.9158497286742,20.5960539633616));
#6437=CARTESIAN_POINT('Ctrl Pts',(103.540777261217,-38.9145681947539,20.5980033186191));
#6438=CARTESIAN_POINT('Ctrl Pts',(103.540481599019,-38.9132870789909,20.5999528815286));
#6439=CARTESIAN_POINT('Ctrl Pts',(103.540185537474,-38.9120063809878,20.6019026509541));
#6440=CARTESIAN_POINT('',(104.638401572653,-38.5142087432782,7.60124903781176));
#6441=CARTESIAN_POINT('Ctrl Pts',(104.638401572653,-38.5142087432782,7.60124903781176));
#6442=CARTESIAN_POINT('Ctrl Pts',(104.239240186024,-38.6601192771963,12.3489408316221));
#6443=CARTESIAN_POINT('Ctrl Pts',(103.876351381072,-38.792932260786,16.6463669925692));
#6444=CARTESIAN_POINT('Ctrl Pts',(103.541072523383,-38.9158497286742,20.5960539633616));
#6445=CARTESIAN_POINT('Ctrl Pts',(104.638343692831,-38.5117769447263,7.59809734904588));
#6446=CARTESIAN_POINT('Ctrl Pts',(104.638363100247,-38.5125874346017,7.59914799183614));
#6447=CARTESIAN_POINT('Ctrl Pts',(104.638382393552,-38.5133980341173,7.6001985548211));
#6448=CARTESIAN_POINT('Ctrl Pts',(104.638401572653,-38.5142087432782,7.60124903781175));
#6449=CARTESIAN_POINT('Origin',(97.5000013515819,-39.5000018761493,20.8509513254771));
#6450=CARTESIAN_POINT('',(103.015197812499,-39.1037949363791,21.0961046601424));
#6451=CARTESIAN_POINT('Ctrl Pts',(103.015197812499,-39.1037949363791,21.0961046601424));
#6452=CARTESIAN_POINT('Ctrl Pts',(103.012975329304,-39.1025305414869,21.0980529367132));
#6453=CARTESIAN_POINT('Ctrl Pts',(103.010753517174,-39.101267193497,21.1));
#6454=CARTESIAN_POINT('Ctrl Pts',(103.540185537474,-38.9120063809878,20.6019026509541));
#6455=CARTESIAN_POINT('Ctrl Pts',(103.488920054524,-38.9307284771716,20.6503199936933));
#6456=CARTESIAN_POINT('Ctrl Pts',(103.437878831812,-38.9493662050051,20.6984826686407));
#6457=CARTESIAN_POINT('Ctrl Pts',(103.337516036418,-38.9860225785805,20.7930991371743));
#6458=CARTESIAN_POINT('Ctrl Pts',(103.28799925779,-39.0041104819098,20.8397371534389));
#6459=CARTESIAN_POINT('Ctrl Pts',(103.239119471384,-39.0219682482231,20.8857309423331));
#6460=CARTESIAN_POINT('Ctrl Pts',(103.194785939365,-39.0381650836197,20.9274469002482));
#6461=CARTESIAN_POINT('Ctrl Pts',(103.150976439815,-39.0541725928857,20.9686328738765));
#6462=CARTESIAN_POINT('Ctrl Pts',(103.07658929059,-39.0813566074325,21.0385011243664));
#6463=CARTESIAN_POINT('Ctrl Pts',(103.045767091071,-39.0926214049964,21.0674314351485));
#6464=CARTESIAN_POINT('Ctrl Pts',(103.015197812499,-39.1037949363791,21.0961046601424));
#6465=CARTESIAN_POINT('Ctrl Pts',(103.015197812499,-39.1037949363791,21.0961046601424));
#6466=CARTESIAN_POINT('Ctrl Pts',(103.17353908314,-39.0459188189402,20.9475844761229));
#6467=CARTESIAN_POINT('Ctrl Pts',(103.338651359769,-38.985599379351,20.7921817480725));
#6468=CARTESIAN_POINT('Ctrl Pts',(103.521932286312,-38.9186723018195,20.6191405888323));
#6469=CARTESIAN_POINT('Ctrl Pts',(103.532289213107,-38.914890138715,20.6093605250474));
#6470=CARTESIAN_POINT('Ctrl Pts',(103.542645293882,-38.9111080768253,20.5995795176567));
#6471=CARTESIAN_POINT('Ctrl Pts',(102.988298080434,-39.1831490449614,21.0359879290969));
#6472=CARTESIAN_POINT('Ctrl Pts',(103.146817159412,-39.1252897420937,20.8878345684504));
#6473=CARTESIAN_POINT('Ctrl Pts',(103.312104398811,-39.0649811166173,20.7327787564044));
#6474=CARTESIAN_POINT('Ctrl Pts',(103.495571349735,-38.9980590946869,20.5600833070584));
#6475=CARTESIAN_POINT('Ctrl Pts',(103.505942995935,-38.9942757575013,20.5503194321994));
#6476=CARTESIAN_POINT('Ctrl Pts',(103.51631407812,-38.9904924877928,20.540554928268));
#6477=CARTESIAN_POINT('Ctrl Pts',(102.961398348369,-39.2625031535436,20.9758711980514));
#6478=CARTESIAN_POINT('Ctrl Pts',(103.120095218031,-39.2046606852019,20.8280846909379));
#6479=CARTESIAN_POINT('Ctrl Pts',(103.285557421325,-39.1443628729538,20.6733757938213));
#6480=CARTESIAN_POINT('Ctrl Pts',(103.469210413153,-39.0774458875558,20.5010260252789));
#6481=CARTESIAN_POINT('Ctrl Pts',(103.479596778758,-39.0736613762892,20.4912783393458));
#6482=CARTESIAN_POINT('Ctrl Pts',(103.489982862358,-39.0698768987603,20.4815303388793));
#6483=CARTESIAN_POINT('Ctrl Pts',(102.934498616304,-39.3418572621259,20.9157544670059));
#6484=CARTESIAN_POINT('Ctrl Pts',(103.093373294304,-39.2840316083554,20.7683347832654));
#6485=CARTESIAN_POINT('Ctrl Pts',(103.259010460367,-39.2237446102201,20.6139728021532));
#6486=CARTESIAN_POINT('Ctrl Pts',(103.442849476576,-39.1568326804232,20.441968743505));
#6487=CARTESIAN_POINT('Ctrl Pts',(103.453250561586,-39.1530469950755,20.4322372464978));
#6488=CARTESIAN_POINT('Ctrl Pts',(103.463651646596,-39.1492613097278,20.4225057494906));
#6489=CARTESIAN_POINT('',(102.951474522775,-39.3356785374708,20.9));
#6490=CARTESIAN_POINT('Ctrl Pts',(103.015197812499,-39.1037949363791,21.0961046601424));
#6491=CARTESIAN_POINT('Ctrl Pts',(103.004544194507,-39.1424460096148,21.0634282837897));
#6492=CARTESIAN_POINT('Ctrl Pts',(102.993906525435,-39.1810969756975,21.0307465532765));
#6493=CARTESIAN_POINT('Ctrl Pts',(102.972665340514,-39.2583915109516,20.9653783619822));
#6494=CARTESIAN_POINT('Ctrl Pts',(102.962061814516,-39.2970350955324,20.9326918901925));
#6495=CARTESIAN_POINT('Ctrl Pts',(102.951474522775,-39.3356785374708,20.9));
#6496=CARTESIAN_POINT('',(103.376184826895,-39.1810966285849,20.5043200213185));
#6497=CARTESIAN_POINT('Ctrl Pts',(102.951474522775,-39.3356785374708,20.9));
#6498=CARTESIAN_POINT('Ctrl Pts',(102.976572847428,-39.3265434943671,20.8767037941087));
#6499=CARTESIAN_POINT('Ctrl Pts',(103.001840126713,-39.3173469568064,20.8532342299821));
#6500=CARTESIAN_POINT('Ctrl Pts',(103.070727803519,-39.2922738929414,20.7892033213537));
#6501=CARTESIAN_POINT('Ctrl Pts',(103.114679244237,-39.2762768767667,20.7483030283412));
#6502=CARTESIAN_POINT('Ctrl Pts',(103.159154045051,-39.2600893730955,20.7068687176372));
#6503=CARTESIAN_POINT('Ctrl Pts',(103.208189586892,-39.2422418954445,20.6611854579271));
#6504=CARTESIAN_POINT('Ctrl Pts',(103.257861303555,-39.2241628690942,20.6148530679431));
#6505=CARTESIAN_POINT('Ctrl Pts',(103.330725622124,-39.1976424259948,20.5468065438425));
#6506=CARTESIAN_POINT('Ctrl Pts',(103.353369242772,-39.1894008220831,20.5256491136807));
#6507=CARTESIAN_POINT('Ctrl Pts',(103.376184826895,-39.1810966285849,20.5043200213185));
#6508=CARTESIAN_POINT('Ctrl Pts',(103.376184826961,-39.1810966284788,20.5043200213556));
#6509=CARTESIAN_POINT('Ctrl Pts',(103.404176129527,-39.1360350150543,20.5200867534205));
#6510=CARTESIAN_POINT('Ctrl Pts',(103.432188917533,-39.0909560295606,20.5357656198812));
#6511=CARTESIAN_POINT('Ctrl Pts',(103.486983625802,-39.0028118624242,20.5662421060698));
#6512=CARTESIAN_POINT('Ctrl Pts',(103.514143526695,-38.959137253955,20.5812586639301));
#6513=CARTESIAN_POINT('Ctrl Pts',(103.541072523383,-38.9158497286744,20.5960539633616));
#6514=CARTESIAN_POINT('Ctrl Pts',(103.542645313528,-40.0888954792448,20.5995795171805));
#6515=CARTESIAN_POINT('Ctrl Pts',(103.532289231327,-40.0851134168311,20.6093605258365));
#6516=CARTESIAN_POINT('Ctrl Pts',(103.521932303105,-40.0813312532025,20.6191405908864));
#6517=CARTESIAN_POINT('Ctrl Pts',(103.33865137515,-40.0144041751048,20.7921817499859));
#6518=CARTESIAN_POINT('Ctrl Pts',(103.173539098495,-39.9540847354543,20.9475844766093));
#6519=CARTESIAN_POINT('Ctrl Pts',(103.015197827742,-39.8962086179184,21.0961046592111));
#6520=CARTESIAN_POINT('Ctrl Pts',(103.51631409707,-40.0095110682961,20.5405549264886));
#6521=CARTESIAN_POINT('Ctrl Pts',(103.505943013454,-40.0057277980637,20.550319431681));
#6522=CARTESIAN_POINT('Ctrl Pts',(103.495571365824,-40.0019444603543,20.5600833078008));
#6523=CARTESIAN_POINT('Ctrl Pts',(103.312104413474,-39.93502243787,20.7327787569561));
#6524=CARTESIAN_POINT('Ctrl Pts',(103.14681717404,-39.8747138123461,20.8878345675263));
#6525=CARTESIAN_POINT('Ctrl Pts',(102.988298094941,-39.8168545093972,21.0359879267035));
#6526=CARTESIAN_POINT('Ctrl Pts',(103.489982880612,-39.9301266573474,20.4815303357967));
#6527=CARTESIAN_POINT('Ctrl Pts',(103.479596795578,-39.9263421792949,20.4912783375199));
#6528=CARTESIAN_POINT('Ctrl Pts',(103.469210428538,-39.9225576675045,20.5010260247096));
#6529=CARTESIAN_POINT('Ctrl Pts',(103.28555743527,-39.855640681565,20.673375793011));
#6530=CARTESIAN_POINT('Ctrl Pts',(103.120095231931,-39.7953428692832,20.8280846886034));
#6531=CARTESIAN_POINT('Ctrl Pts',(102.96139836214,-39.737500400876,20.9758711941959));
#6532=CARTESIAN_POINT('Ctrl Pts',(103.463651664154,-39.8507422463987,20.4225057451048));
#6533=CARTESIAN_POINT('Ctrl Pts',(103.453250577706,-39.8469565605275,20.4322372433644));
#6534=CARTESIAN_POINT('Ctrl Pts',(103.442849491257,-39.8431708746563,20.441968741624));
#6535=CARTESIAN_POINT('Ctrl Pts',(103.259010473594,-39.7762589443302,20.6139727999811));
#6536=CARTESIAN_POINT('Ctrl Pts',(103.093373307476,-39.715971946175,20.7683347795204));
#6537=CARTESIAN_POINT('Ctrl Pts',(102.93449862934,-39.6581462923547,20.9157544616882));
#6538=CARTESIAN_POINT('',(103.015197827742,-39.8962086179186,21.0961046592106));
#6539=CARTESIAN_POINT('',(103.540185556596,-40.08799717489,20.6019026509541));
#6540=CARTESIAN_POINT('Ctrl Pts',(103.015197827742,-39.8962086179186,21.0961046592106));
#6541=CARTESIAN_POINT('Ctrl Pts',(103.045767105009,-39.9073821488348,21.0674314357356));
#6542=CARTESIAN_POINT('Ctrl Pts',(103.076589303197,-39.9186469459229,21.0385011264953));
#6543=CARTESIAN_POINT('Ctrl Pts',(103.150976451504,-39.9458309601601,20.9686328775617));
#6544=CARTESIAN_POINT('Ctrl Pts',(103.194785951499,-39.9618384696028,20.9274469039148));
#6545=CARTESIAN_POINT('Ctrl Pts',(103.239119483968,-39.978035305178,20.8857309459701));
#6546=CARTESIAN_POINT('Ctrl Pts',(103.287999271421,-39.9958930718892,20.8397371565254));
#6547=CARTESIAN_POINT('Ctrl Pts',(103.337516051117,-40.0139809756238,20.7930991396825));
#6548=CARTESIAN_POINT('Ctrl Pts',(103.437878848695,-40.0506373500266,20.6984826699315));
#6549=CARTESIAN_POINT('Ctrl Pts',(103.488920072546,-40.0692750782897,20.650319994325));
#6550=CARTESIAN_POINT('Ctrl Pts',(103.540185556596,-40.0879971748899,20.6019026509541));
#6551=CARTESIAN_POINT('',(103.541072542597,-40.0841538262204,20.5960539619327));
#6552=CARTESIAN_POINT('Ctrl Pts',(103.540185556596,-40.0879971748899,20.6019026509541));
#6553=CARTESIAN_POINT('Ctrl Pts',(103.540481618172,-40.0867164765538,20.5999528810436));
#6554=CARTESIAN_POINT('Ctrl Pts',(103.540777280402,-40.0854353604631,20.598003317658));
#6555=CARTESIAN_POINT('Ctrl Pts',(103.541072542597,-40.0841538262204,20.5960539619327));
#6556=CARTESIAN_POINT('',(103.376184839584,-39.8189069257697,20.504320020697));
#6557=CARTESIAN_POINT('Ctrl Pts',(103.541072542597,-40.0841538262201,20.5960539619326));
#6558=CARTESIAN_POINT('Ctrl Pts',(103.513065864829,-40.0391339637898,20.580666564942));
#6559=CARTESIAN_POINT('Ctrl Pts',(103.484808741336,-39.9936943206313,20.5650395960038));
#6560=CARTESIAN_POINT('Ctrl Pts',(103.430009411479,-39.9055401511535,20.5345455815778));
#6561=CARTESIAN_POINT('Ctrl Pts',(103.403087202514,-39.8622155152953,20.5194733822704));
#6562=CARTESIAN_POINT('Ctrl Pts',(103.37618483965,-39.8189069258758,20.5043200207341));
#6563=CARTESIAN_POINT('',(102.951474530276,-39.6643250149956,20.9));
#6564=CARTESIAN_POINT('Ctrl Pts',(103.376184839584,-39.8189069257697,20.504320020697));
#6565=CARTESIAN_POINT('Ctrl Pts',(103.353369255783,-39.8106027323886,20.5256491125493));
#6566=CARTESIAN_POINT('Ctrl Pts',(103.330725635457,-39.8023611285939,20.5468065422008));
#6567=CARTESIAN_POINT('Ctrl Pts',(103.257861316098,-39.7758406852071,20.6148530663565));
#6568=CARTESIAN_POINT('Ctrl Pts',(103.208189598355,-39.7577616584637,20.6611854568693));
#6569=CARTESIAN_POINT('Ctrl Pts',(103.159154055456,-39.7399141804275,20.7068687170794));
#6570=CARTESIAN_POINT('Ctrl Pts',(103.114679254183,-39.7237266765891,20.7483030277703));
#6571=CARTESIAN_POINT('Ctrl Pts',(103.070727813011,-39.7077296602495,20.7892033207581));
#6572=CARTESIAN_POINT('Ctrl Pts',(103.001840135238,-39.6826565960324,20.8532342295686));
#6573=CARTESIAN_POINT('Ctrl Pts',(102.976572855439,-39.6734600582846,20.8767037939054));
#6574=CARTESIAN_POINT('Ctrl Pts',(102.951474530276,-39.6643250149956,20.9));
#6575=CARTESIAN_POINT('Ctrl Pts',(102.951474530276,-39.6643250149956,20.9));
#6576=CARTESIAN_POINT('Ctrl Pts',(102.962061402613,-39.7029669216901,20.93269059098));
#6577=CARTESIAN_POINT('Ctrl Pts',(102.972664507913,-39.7416089710151,20.9653757639883));
#6578=CARTESIAN_POINT('Ctrl Pts',(102.99390569459,-39.8189035131726,21.030743961169));
#6579=CARTESIAN_POINT('Ctrl Pts',(103.004543788748,-39.8575560216464,21.0634269956638));
#6580=CARTESIAN_POINT('Ctrl Pts',(103.015197827742,-39.8962086179184,21.0961046592111));
#6581=CARTESIAN_POINT('Ctrl Pts',(104.055639150854,-40.2755902269137,6.937785457355));
#6582=CARTESIAN_POINT('Ctrl Pts',(104.096306741988,-40.2904286568408,6.98376150896084));
#6583=CARTESIAN_POINT('Ctrl Pts',(104.136962229654,-40.3052655634653,7.02974882748623));
#6584=CARTESIAN_POINT('Ctrl Pts',(104.319775372988,-40.3719933255147,7.2366432363866));
#6585=CARTESIAN_POINT('Ctrl Pts',(104.466535323424,-40.4255471227469,7.4030172411463));
#6586=CARTESIAN_POINT('Ctrl Pts',(104.625417404227,-40.4835106643629,7.58341871246958));
#6587=CARTESIAN_POINT('Ctrl Pts',(104.632445839024,-40.4860748446232,7.59139967417961));
#6588=CARTESIAN_POINT('Ctrl Pts',(104.639473997548,-40.4886389815274,7.59938089476262));
#6589=CARTESIAN_POINT('Ctrl Pts',(104.024429533104,-40.1944368029307,6.99185697157));
#6590=CARTESIAN_POINT('Ctrl Pts',(104.065143979306,-40.2092800742886,7.03778974854931));
#6591=CARTESIAN_POINT('Ctrl Pts',(104.105850356243,-40.2241223300059,7.08373003709695));
#6592=CARTESIAN_POINT('Ctrl Pts',(104.288871705444,-40.2908628009117,7.29035448886834));
#6593=CARTESIAN_POINT('Ctrl Pts',(104.435781600276,-40.3444253255073,7.45651795159357));
#6594=CARTESIAN_POINT('Ctrl Pts',(104.59481846423,-40.4024001378747,7.63670906461174));
#6595=CARTESIAN_POINT('Ctrl Pts',(104.60185528197,-40.40496535621,7.64468226087362));
#6596=CARTESIAN_POINT('Ctrl Pts',(104.608891915529,-40.4075305456412,7.65265562971765));
#6597=CARTESIAN_POINT('Ctrl Pts',(103.993219915355,-40.1132833789477,7.045928485785));
#6598=CARTESIAN_POINT('Ctrl Pts',(104.033981215778,-40.1281314914307,7.09181798898988));
#6599=CARTESIAN_POINT('Ctrl Pts',(104.074738481997,-40.1429790962516,7.13771124754599));
#6600=CARTESIAN_POINT('Ctrl Pts',(104.257968036482,-40.209732272004,7.34406573336754));
#6601=CARTESIAN_POINT('Ctrl Pts',(104.40502787582,-40.2633035241123,7.5100186542871));
#6602=CARTESIAN_POINT('Ctrl Pts',(104.564219524232,-40.3212896113862,7.68999941675442));
#6603=CARTESIAN_POINT('Ctrl Pts',(104.571264724916,-40.3238558677966,7.69796484756814));
#6604=CARTESIAN_POINT('Ctrl Pts',(104.578309833509,-40.3264221097551,7.70593036467268));
#6605=CARTESIAN_POINT('Ctrl Pts',(103.962010297605,-40.0321299549647,7.1));
#6606=CARTESIAN_POINT('Ctrl Pts',(104.002818453096,-40.0469829088785,7.14584622857835));
#6607=CARTESIAN_POINT('Ctrl Pts',(104.043626608586,-40.0618358627923,7.1916924571567));
#6608=CARTESIAN_POINT('Ctrl Pts',(104.227064368939,-40.1286017474011,7.39777698584928));
#6609=CARTESIAN_POINT('Ctrl Pts',(104.374274152672,-40.1821817268727,7.56351936473437));
#6610=CARTESIAN_POINT('Ctrl Pts',(104.533620584234,-40.240179084898,7.74328976889658));
#6611=CARTESIAN_POINT('Ctrl Pts',(104.540674167862,-40.2427463793834,7.75124743426215));
#6612=CARTESIAN_POINT('Ctrl Pts',(104.54772775149,-40.2453136738689,7.75920509962772));
#6613=CARTESIAN_POINT('',(104.638343719619,-40.488226614069,7.59809734904584));
#6614=CARTESIAN_POINT('Ctrl Pts',(104.638343719619,-40.4882266140689,7.59809734904584));
#6615=CARTESIAN_POINT('Ctrl Pts',(104.631692285594,-40.4857999262806,7.59054399726561));
#6616=CARTESIAN_POINT('Ctrl Pts',(104.625040500424,-40.4833731618885,7.58299075986333));
#6617=CARTESIAN_POINT('Ctrl Pts',(104.474148387965,-40.4283245296206,7.41166143838661));
#6618=CARTESIAN_POINT('Ctrl Pts',(104.334503798185,-40.3773678044526,7.2533407594066));
#6619=CARTESIAN_POINT('Ctrl Pts',(104.199034707555,-40.3279222372842,7.09999999790783));
#6620=CARTESIAN_POINT('',(104.468508827039,-40.2164803433781,7.66984883916257));
#6621=CARTESIAN_POINT('Ctrl Pts',(103.962010297605,-40.0321299549647,7.1));
#6622=CARTESIAN_POINT('Ctrl Pts',(104.002818453096,-40.0469829088785,7.14584622857835));
#6623=CARTESIAN_POINT('Ctrl Pts',(104.043626608586,-40.0618358627923,7.1916924571567));
#6624=CARTESIAN_POINT('Ctrl Pts',(104.208860353559,-40.1219760276586,7.37732554813696));
#6625=CARTESIAN_POINT('Ctrl Pts',(104.336774683694,-40.1685330363639,7.52130465383156));
#6626=CARTESIAN_POINT('Ctrl Pts',(104.4685088333,-40.216480345657,7.66984883287441));
#6627=CARTESIAN_POINT('',(104.638401599392,-40.485794814905,7.60124903857591));
#6628=CARTESIAN_POINT('Ctrl Pts',(104.468508780092,-40.216480326291,7.66984936240413));
#6629=CARTESIAN_POINT('Ctrl Pts',(104.497147195842,-40.2618558277152,7.65819783510794));
#6630=CARTESIAN_POINT('Ctrl Pts',(104.525785990085,-40.3072432010228,7.64659063687095));
#6631=CARTESIAN_POINT('Ctrl Pts',(104.554424547549,-40.3526413924079,7.63502789509447));
#6632=CARTESIAN_POINT('Ctrl Pts',(104.582361930287,-40.3969280730454,7.62374825075786));
#6633=CARTESIAN_POINT('Ctrl Pts',(104.610497759586,-40.4415400683776,7.61243088291678));
#6634=CARTESIAN_POINT('Ctrl Pts',(104.638401599392,-40.485794814905,7.60124903857591));
#6635=CARTESIAN_POINT('Ctrl Pts',(104.638401599392,-40.485794814905,7.60124903857591));
#6636=CARTESIAN_POINT('Ctrl Pts',(104.638382420308,-40.4866055242716,7.60019855532863));
#6637=CARTESIAN_POINT('Ctrl Pts',(104.638363127019,-40.4874161239912,7.59914799208893));
#6638=CARTESIAN_POINT('Ctrl Pts',(104.638343719619,-40.488226614069,7.59809734904587));
#6639=CARTESIAN_POINT('Ctrl Pts',(104.638401599392,-40.485794814905,7.60124903857591));
#6640=CARTESIAN_POINT('Ctrl Pts',(104.239240210106,-40.3398842798669,12.348940836266));
#6641=CARTESIAN_POINT('Ctrl Pts',(103.876351402681,-40.207071295197,16.6463669963452));
#6642=CARTESIAN_POINT('Ctrl Pts',(103.541072542597,-40.0841538262204,20.5960539619327));
#6643=CARTESIAN_POINT('Ctrl Pts',(104.584324858562,-40.3969529710858,7.59393596106846));
#6644=CARTESIAN_POINT('Ctrl Pts',(104.184293747571,-40.2509352126162,12.3415256795157));
#6645=CARTESIAN_POINT('Ctrl Pts',(103.820461946376,-40.1180231204901,16.6388386583764));
#6646=CARTESIAN_POINT('Ctrl Pts',(103.484146133494,-39.9950234129104,20.5883966601103));
#6647=CARTESIAN_POINT('Ctrl Pts',(104.530248117733,-40.3081111272665,7.58662288356101));
#6648=CARTESIAN_POINT('Ctrl Pts',(104.129341067324,-40.1619835648288,12.3341854332764));
#6649=CARTESIAN_POINT('Ctrl Pts',(103.764572837275,-40.0289746724778,16.6313104514243));
#6650=CARTESIAN_POINT('Ctrl Pts',(103.42721972439,-39.9058929996005,20.5807393582878));
#6651=CARTESIAN_POINT('Ctrl Pts',(104.476171376903,-40.2192692834472,7.57930980605355));
#6652=CARTESIAN_POINT('Ctrl Pts',(104.074394604789,-40.0730344975781,12.326770276526));
#6653=CARTESIAN_POINT('Ctrl Pts',(103.70868338097,-39.939926497771,16.6237821134554));
#6654=CARTESIAN_POINT('Ctrl Pts',(103.370293315286,-39.8167625862905,20.5730820564654));
#6655=CARTESIAN_POINT('Ctrl Pts',(103.541072542597,-40.0841538262204,20.5960539619327));
#6656=CARTESIAN_POINT('Ctrl Pts',(103.876351402681,-40.207071295197,16.6463669963452));
#6657=CARTESIAN_POINT('Ctrl Pts',(104.239240210106,-40.3398842798669,12.348940836266));
#6658=CARTESIAN_POINT('Ctrl Pts',(104.638401599392,-40.485794814905,7.60124903857591));
#6659=CARTESIAN_POINT('Ctrl Pts',(104.468508824399,-40.2164803424171,7.6698488389095));
#6660=CARTESIAN_POINT('Ctrl Pts',(104.072071194475,-40.072188845382,12.3539158234174));
#6661=CARTESIAN_POINT('Ctrl Pts',(103.710772939045,-39.9406870347131,16.5990616156999));
#6662=CARTESIAN_POINT('Ctrl Pts',(103.376184841507,-39.8189069264694,20.5043200208835));
#6663=CARTESIAN_POINT('Origin',(100.258243122153,-38.7904867256952,21.));
#6664=CARTESIAN_POINT('Ctrl Pts',(103.010753531455,-39.8987363614366,21.1));
#6665=CARTESIAN_POINT('Ctrl Pts',(103.012975344088,-39.8974730131193,21.0980529362285));
#6666=CARTESIAN_POINT('Ctrl Pts',(103.015197827742,-39.8962086179186,21.0961046592106));
#6667=CARTESIAN_POINT('',(102.500000138534,-39.500001774868,20.9));
#6668=CARTESIAN_POINT('',(100.292445136485,-38.6965174636167,20.9));
#6669=CARTESIAN_POINT('',(102.500000138534,-39.500001774868,20.9));
#6670=CARTESIAN_POINT('Origin',(101.360956458634,-39.808161992633,21.));
#6671=CARTESIAN_POINT('',(101.395158472967,-39.9021312547116,20.9));
#6672=CARTESIAN_POINT('Ctrl Pts',(103.541072523383,-38.9158497286742,20.5960539633616));
#6673=CARTESIAN_POINT('Ctrl Pts',(103.876351381072,-38.792932260786,16.6463669925692));
#6674=CARTESIAN_POINT('Ctrl Pts',(104.239240186024,-38.6601192771963,12.3489408316221));
#6675=CARTESIAN_POINT('Ctrl Pts',(104.638401572653,-38.5142087432782,7.60124903781176));
#6676=CARTESIAN_POINT('Ctrl Pts',(103.484146116428,-39.0049801418138,20.588396661802));
#6677=CARTESIAN_POINT('Ctrl Pts',(103.820461926782,-38.8819804352988,16.6388386548414));
#6678=CARTESIAN_POINT('Ctrl Pts',(104.184293725381,-38.7490683442375,12.3415256750942));
#6679=CARTESIAN_POINT('Ctrl Pts',(104.584324833604,-38.6030505868777,7.59393596051035));
#6680=CARTESIAN_POINT('Ctrl Pts',(103.427219709472,-39.0941105549535,20.5807393602424));
#6681=CARTESIAN_POINT('Ctrl Pts',(103.764572819696,-38.971028883117,16.6313104481302));
#6682=CARTESIAN_POINT('Ctrl Pts',(104.129341047028,-38.8380199918149,12.3341854290573));
#6683=CARTESIAN_POINT('Ctrl Pts',(104.530248094555,-38.6918924304771,7.58662288320894));
#6684=CARTESIAN_POINT('Ctrl Pts',(103.370293302516,-39.1832409680932,20.5730820586828));
#6685=CARTESIAN_POINT('Ctrl Pts',(103.708683365406,-39.0600770576298,16.6237821104023));
#6686=CARTESIAN_POINT('Ctrl Pts',(104.074394586386,-38.9269690588561,12.3267702725294));
#6687=CARTESIAN_POINT('Ctrl Pts',(104.476171355506,-38.7807342740766,7.57930980590753));
#6688=CARTESIAN_POINT('',(104.46850880571,-38.7835232141209,7.66984883881381));
#6689=CARTESIAN_POINT('Ctrl Pts',(103.376184828818,-39.1810966278851,20.5043200215051));
#6690=CARTESIAN_POINT('Ctrl Pts',(103.710772923562,-39.0593165206583,16.5990616115429));
#6691=CARTESIAN_POINT('Ctrl Pts',(104.072071176149,-38.9278147110244,12.3539158187749));
#6692=CARTESIAN_POINT('Ctrl Pts',(104.46850880307,-38.7835232150819,7.66984883856073));
#6693=CARTESIAN_POINT('Ctrl Pts',(104.468508758764,-38.783523231208,7.66984936205478));
#6694=CARTESIAN_POINT('Ctrl Pts',(104.496831409166,-38.7386480358534,7.65832630333604));
#6695=CARTESIAN_POINT('Ctrl Pts',(104.525154427162,-38.6937612332056,7.64684660135133));
#6696=CARTESIAN_POINT('Ctrl Pts',(104.553477182619,-38.6488638977169,7.63541039710049));
#6697=CARTESIAN_POINT('Ctrl Pts',(104.581732837706,-38.6040729299799,7.62400128673663));
#6698=CARTESIAN_POINT('Ctrl Pts',(104.610185474607,-38.5589587243623,7.61255601315504));
#6699=CARTESIAN_POINT('Ctrl Pts',(104.638401572653,-38.5142087432782,7.60124903781176));
#6700=CARTESIAN_POINT('Ctrl Pts',(104.639473970518,-38.5113645773565,7.59938089449509));
#6701=CARTESIAN_POINT('Ctrl Pts',(104.632445812925,-38.5139287139195,7.59139967492297));
#6702=CARTESIAN_POINT('Ctrl Pts',(104.625417379059,-38.5164928938387,7.5834187142237));
#6703=CARTESIAN_POINT('Ctrl Pts',(104.466535300206,-38.5744564347117,7.40301724405568));
#6704=CARTESIAN_POINT('Ctrl Pts',(104.319775350772,-38.6280102315459,7.23664323938521));
#6705=CARTESIAN_POINT('Ctrl Pts',(104.136962208829,-38.6947379930432,7.02974883066259));
#6706=CARTESIAN_POINT('Ctrl Pts',(104.096306721621,-38.7095748994918,6.98376151233802));
#6707=CARTESIAN_POINT('Ctrl Pts',(104.055639130947,-38.7244133292431,6.93778546092988));
#6708=CARTESIAN_POINT('Ctrl Pts',(104.608891889292,-38.5924730131838,7.65265562837363));
#6709=CARTESIAN_POINT('Ctrl Pts',(104.601855256667,-38.5950382022739,7.64468226053849));
#6710=CARTESIAN_POINT('Ctrl Pts',(104.594818439859,-38.5976034202681,7.63670906528541));
#6711=CARTESIAN_POINT('Ctrl Pts',(104.435781577872,-38.6555782318976,7.45651795339095));
#6712=CARTESIAN_POINT('Ctrl Pts',(104.288871684057,-38.7091407561011,7.29035449072402));
#6713=CARTESIAN_POINT('Ctrl Pts',(104.105850336268,-38.7758812264623,7.08373003909153));
#6714=CARTESIAN_POINT('Ctrl Pts',(104.065143959795,-38.7907234820046,7.03778975073927));
#6715=CARTESIAN_POINT('Ctrl Pts',(104.024429514059,-38.8055667531876,6.99185697395326));
#6716=CARTESIAN_POINT('Ctrl Pts',(104.578309808067,-38.6735814490112,7.70593036225217));
#6717=CARTESIAN_POINT('Ctrl Pts',(104.571264700409,-38.6761476906284,7.69796484615452));
#6718=CARTESIAN_POINT('Ctrl Pts',(104.56421950066,-38.6787139466976,7.68999941634764));
#6719=CARTESIAN_POINT('Ctrl Pts',(104.40502785423,-38.736700033239,7.51001865497249));
#6720=CARTESIAN_POINT('Ctrl Pts',(104.257968015923,-38.790271284961,7.34406573408028));
#6721=CARTESIAN_POINT('Ctrl Pts',(104.074738462872,-38.8570244601763,7.13771124835879));
#6722=CARTESIAN_POINT('Ctrl Pts',(104.033981197122,-38.8718720648232,7.09181798999261));
#6723=CARTESIAN_POINT('Ctrl Pts',(103.99321989717,-38.8867201771321,7.04592848697663));
#6724=CARTESIAN_POINT('Ctrl Pts',(104.547727726841,-38.7546898848386,7.75920509613071));
#6725=CARTESIAN_POINT('Ctrl Pts',(104.540674144151,-38.7572571789828,7.75124743177003));
#6726=CARTESIAN_POINT('Ctrl Pts',(104.53362056146,-38.759824473127,7.74328976740935));
#6727=CARTESIAN_POINT('Ctrl Pts',(104.374274131896,-38.8178218304249,7.56351936430777));
#6728=CARTESIAN_POINT('Ctrl Pts',(104.227064349209,-38.8714018095161,7.39777698541909));
#6729=CARTESIAN_POINT('Ctrl Pts',(104.043626590311,-38.9381676935954,7.19169245678774));
#6730=CARTESIAN_POINT('Ctrl Pts',(104.002818435296,-38.953020647336,7.14584622839387));
#6731=CARTESIAN_POINT('Ctrl Pts',(103.962010280282,-38.9678736010766,7.1));
#6732=CARTESIAN_POINT('Ctrl Pts',(104.468508811971,-38.783523211842,7.66984883252568));
#6733=CARTESIAN_POINT('Ctrl Pts',(104.336774663251,-38.8314705208128,7.52130465347702));
#6734=CARTESIAN_POINT('Ctrl Pts',(104.208860333986,-38.8780275292012,7.37732554772785));
#6735=CARTESIAN_POINT('Ctrl Pts',(104.043626590311,-38.9381676935954,7.19169245678774));
#6736=CARTESIAN_POINT('Ctrl Pts',(104.002818435296,-38.953020647336,7.14584622839387));
#6737=CARTESIAN_POINT('Ctrl Pts',(103.962010280282,-38.9678736010766,7.1));
#6738=CARTESIAN_POINT('Origin',(97.5000013515819,-39.5000018761493,7.1));
#6739=CARTESIAN_POINT('',(103.024952047683,-42.0108749329749,20.6019026509541));
#6740=CARTESIAN_POINT('Origin',(97.5000013515819,-39.5000018761493,20.6019026509541));
#6741=CARTESIAN_POINT('',(103.023798526169,-42.0146468626614,20.5960539633616));
#6742=CARTESIAN_POINT('Ctrl Pts',(103.023798526169,-42.0146468626614,20.5960539633617));
#6743=CARTESIAN_POINT('Ctrl Pts',(103.024183588593,-42.0133893906475,20.5980033186193));
#6744=CARTESIAN_POINT('Ctrl Pts',(103.0245680955,-42.0121320807521,20.5999528815287));
#6745=CARTESIAN_POINT('Ctrl Pts',(103.024952047683,-42.0108749329749,20.6019026509541));
#6746=CARTESIAN_POINT('',(104.174933851845,-42.2154800907421,7.6012490378118));
#6747=CARTESIAN_POINT('Ctrl Pts',(104.174933851845,-42.2154800907421,7.6012490378118));
#6748=CARTESIAN_POINT('Ctrl Pts',(103.756294683825,-42.142261626475,12.3489408319709));
#6749=CARTESIAN_POINT('Ctrl Pts',(103.375617268209,-42.0758366417433,16.6463669927377));
#6750=CARTESIAN_POINT('Ctrl Pts',(103.023798526169,-42.0146468626614,20.5960539633616));
#6751=CARTESIAN_POINT('',(104.176099625725,-42.2133451515083,7.59809734904588));
#6752=CARTESIAN_POINT('Ctrl Pts',(104.176099625725,-42.2133451515083,7.59809734904588));
#6753=CARTESIAN_POINT('Ctrl Pts',(104.175711188103,-42.2140567600381,7.59914799183621));
#6754=CARTESIAN_POINT('Ctrl Pts',(104.175322596837,-42.2147684064633,7.60019855482119));
#6755=CARTESIAN_POINT('Ctrl Pts',(104.174933851845,-42.2154800907421,7.60124903781181));
#6756=CARTESIAN_POINT('Origin',(97.5000013515819,-39.5000018761493,7.59809734904587));
#6757=CARTESIAN_POINT('Origin',(97.5000013515819,-39.5000018761493,20.8509513254771));
#6758=CARTESIAN_POINT('',(102.474405063488,-41.9144748316131,21.0961046601389));
#6759=CARTESIAN_POINT('Ctrl Pts',(102.474405063488,-41.9144748316131,21.0961046601389));
#6760=CARTESIAN_POINT('Ctrl Pts',(102.473112534026,-41.9122685919178,21.0980529367114));
#6761=CARTESIAN_POINT('Ctrl Pts',(102.471820062271,-41.9100635943986,21.1));
#6762=CARTESIAN_POINT('Ctrl Pts',(103.024952047683,-42.0108749329749,20.6019026509541));
#6763=CARTESIAN_POINT('Ctrl Pts',(102.971193789017,-42.0014560024065,20.6503199936945));
#6764=CARTESIAN_POINT('Ctrl Pts',(102.91767192959,-41.992076136823,20.6984826686429));
#6765=CARTESIAN_POINT('Ctrl Pts',(102.812427012396,-41.9736400898529,20.7930991371773));
#6766=CARTESIAN_POINT('Ctrl Pts',(102.760500272526,-41.9645462843234,20.8397371534418));
#6767=CARTESIAN_POINT('Ctrl Pts',(102.709240252611,-41.9555716704027,20.8857309423357));
#6768=CARTESIAN_POINT('Ctrl Pts',(102.662747869945,-41.9474317753077,20.9274469002506));
#6769=CARTESIAN_POINT('Ctrl Pts',(102.616803975774,-41.939389935208,20.9686328738785));
#6770=CARTESIAN_POINT('Ctrl Pts',(102.53879080756,-41.9257384077706,21.038501124366));
#6771=CARTESIAN_POINT('Ctrl Pts',(102.506465600996,-41.9200829088702,21.0674314351461));
#6772=CARTESIAN_POINT('Ctrl Pts',(102.474405063488,-41.9144748316118,21.0961046601382));
#6773=CARTESIAN_POINT('Origin',(102.500000138534,-39.500001774868,4.1));
#6774=CARTESIAN_POINT('',(102.500000138534,-39.500001774868,4.1));
#6775=CARTESIAN_POINT('Origin',(104.7054268766,-38.6972920883573,4.1));
#6776=CARTESIAN_POINT('Ctrl Pts',(102.438637727104,-43.0313206775292,20.5995795171805));
#6777=CARTESIAN_POINT('Ctrl Pts',(102.431560128041,-43.0228672742995,20.6093605258365));
#6778=CARTESIAN_POINT('Ctrl Pts',(102.42448184691,-43.014413360405,20.6191405908863));
#6779=CARTESIAN_POINT('Ctrl Pts',(102.299219446317,-42.8648123465896,20.792181749991));
#6780=CARTESIAN_POINT('Ctrl Pts',(102.18638774009,-42.730018041192,20.9475844766035));
#6781=CARTESIAN_POINT('Ctrl Pts',(102.078198235914,-42.6007252177519,21.0961046592111));
#6782=CARTESIAN_POINT('Ctrl Pts',(102.455526430213,-42.9494061527541,20.5405549264886));
#6783=CARTESIAN_POINT('Ctrl Pts',(102.448436443454,-42.9409442028158,20.550319431681));
#6784=CARTESIAN_POINT('Ctrl Pts',(102.441346001981,-42.932481912433,20.5600833078008));
#6785=CARTESIAN_POINT('Ctrl Pts',(102.31591997173,-42.7827922647098,20.7327787569611));
#6786=CARTESIAN_POINT('Ctrl Pts',(102.202931336228,-42.6479198432311,20.8878345675206));
#6787=CARTESIAN_POINT('Ctrl Pts',(102.094579438214,-42.5185526774775,21.0359879267035));
#6788=CARTESIAN_POINT('Ctrl Pts',(102.472415133322,-42.8674916279791,20.4815303357967));
#6789=CARTESIAN_POINT('Ctrl Pts',(102.465312758863,-42.8590211313284,20.4912783375199));
#6790=CARTESIAN_POINT('Ctrl Pts',(102.458210157049,-42.8505504644573,20.5010260247096));
#6791=CARTESIAN_POINT('Ctrl Pts',(102.332620492364,-42.7007721580506,20.6733757930161));
#6792=CARTESIAN_POINT('Ctrl Pts',(102.219474927055,-42.5658216191618,20.8280846885976));
#6793=CARTESIAN_POINT('Ctrl Pts',(102.110960640514,-42.4363801372031,20.9758711941959));
#6794=CARTESIAN_POINT('Ctrl Pts',(102.489303836431,-42.7855771032041,20.4225057451048));
#6795=CARTESIAN_POINT('Ctrl Pts',(102.482189074276,-42.7770980598447,20.4322372433644));
#6796=CARTESIAN_POINT('Ctrl Pts',(102.47507431212,-42.7686190164853,20.441968741624));
#6797=CARTESIAN_POINT('Ctrl Pts',(102.349321017777,-42.6187520761708,20.6139727999862));
#6798=CARTESIAN_POINT('Ctrl Pts',(102.236018523193,-42.4837234212008,20.7683347795146));
#6799=CARTESIAN_POINT('Ctrl Pts',(102.127341842815,-42.3542075969287,20.9157544616882));
#6800=CARTESIAN_POINT('',(102.078198235915,-42.6007252177524,21.0961046592106));
#6801=CARTESIAN_POINT('',(102.436956667291,-43.0293128446714,20.6019026509541));
#6802=CARTESIAN_POINT('Ctrl Pts',(102.078198235915,-42.6007252177524,21.0961046592106));
#6803=CARTESIAN_POINT('Ctrl Pts',(102.099085241146,-42.6256864180102,21.0674314357341));
#6804=CARTESIAN_POINT('Ctrl Pts',(102.120145649233,-42.6508531175518,21.0385011264928));
#6805=CARTESIAN_POINT('Ctrl Pts',(102.170974802265,-42.7115887386124,20.9686328775586));
#6806=CARTESIAN_POINT('Ctrl Pts',(102.200911187466,-42.7473563984382,20.9274469039125));
#6807=CARTESIAN_POINT('Ctrl Pts',(102.231206735035,-42.7835500357409,20.8857309459686));
#6808=CARTESIAN_POINT('Ctrl Pts',(102.264608989344,-42.8234552090931,20.839737156525));
#6809=CARTESIAN_POINT('Ctrl Pts',(102.298447826606,-42.8638781830753,20.7930991396832));
#6810=CARTESIAN_POINT('Ctrl Pts',(102.367036371702,-42.9458049333069,20.6984826699333));
#6811=CARTESIAN_POINT('Ctrl Pts',(102.401920504066,-42.9874662913775,20.6503199943263));
#6812=CARTESIAN_POINT('Ctrl Pts',(102.436956667291,-43.0293128446714,20.6019026509541));
#6813=CARTESIAN_POINT('',(102.439646494036,-43.0264279000889,20.5960539619327));
#6814=CARTESIAN_POINT('Ctrl Pts',(102.436956667291,-43.0293128446714,20.6019026509541));
#6815=CARTESIAN_POINT('Ctrl Pts',(102.437853413305,-43.0283517581666,20.5999528810449));
#6816=CARTESIAN_POINT('Ctrl Pts',(102.438750022352,-43.0273901102018,20.5980033176593));
#6817=CARTESIAN_POINT('Ctrl Pts',(102.439646494036,-43.0264279000888,20.5960539619327));
#6818=CARTESIAN_POINT('',(102.42947300468,-42.7142734945169,20.504320020697));
#6819=CARTESIAN_POINT('Ctrl Pts',(102.439646494036,-43.0264279000885,20.5960539619326));
#6820=CARTESIAN_POINT('Ctrl Pts',(102.437901682077,-42.9734286607449,20.5806643709007));
#6821=CARTESIAN_POINT('Ctrl Pts',(102.436149866043,-42.9199405167339,20.5650351395833));
#6822=CARTESIAN_POINT('Ctrl Pts',(102.432769342604,-42.8161970571609,20.5345410590602));
#6823=CARTESIAN_POINT('Ctrl Pts',(102.431116593015,-42.7652233696385,20.519471108836));
#6824=CARTESIAN_POINT('Ctrl Pts',(102.429473004685,-42.7142734946417,20.5043200207341));
#6825=CARTESIAN_POINT('',(102.138954042958,-42.368046478167,20.9));
#6826=CARTESIAN_POINT('Ctrl Pts',(102.42947300468,-42.7142734945169,20.504320020697));
#6827=CARTESIAN_POINT('Ctrl Pts',(102.413866226197,-42.6956740601898,20.5256491125499));
#6828=CARTESIAN_POINT('Ctrl Pts',(102.398377077658,-42.6772148117724,20.5468065422018));
#6829=CARTESIAN_POINT('Ctrl Pts',(102.348534947757,-42.6178152744004,20.6148530663572));
#6830=CARTESIAN_POINT('Ctrl Pts',(102.314557491714,-42.5773225190945,20.6611854568688));
#6831=CARTESIAN_POINT('Ctrl Pts',(102.281015204894,-42.5373483782731,20.7068687170779));
#6832=CARTESIAN_POINT('Ctrl Pts',(102.250592649083,-42.5010921880893,20.7483030277679));
#6833=CARTESIAN_POINT('Ctrl Pts',(102.220528092666,-42.4652626449693,20.789203320755));
#6834=CARTESIAN_POINT('Ctrl Pts',(102.173406145815,-42.4091048955191,20.8532342295663));
#6835=CARTESIAN_POINT('Ctrl Pts',(102.156122308497,-42.3885068203023,20.8767037939041));
#6836=CARTESIAN_POINT('Ctrl Pts',(102.138954042958,-42.368046478167,20.9));
#6837=CARTESIAN_POINT('Ctrl Pts',(102.138954042958,-42.368046478167,20.9));
#6838=CARTESIAN_POINT('Ctrl Pts',(102.128801526865,-42.4068050282105,20.9326907942735));
#6839=CARTESIAN_POINT('Ctrl Pts',(102.118662997792,-42.4455718183541,20.9653761705032));
#6840=CARTESIAN_POINT('Ctrl Pts',(102.098411134335,-42.5231314489495,21.0307443675262));
#6841=CARTESIAN_POINT('Ctrl Pts',(102.08829780284,-42.5619243091838,21.0634271988173));
#6842=CARTESIAN_POINT('Ctrl Pts',(102.078198235914,-42.6007252177519,21.0961046592111));
#6843=CARTESIAN_POINT('Ctrl Pts',(102.789556048379,-43.4494999904265,6.93778545735499));
#6844=CARTESIAN_POINT('Ctrl Pts',(102.817356000448,-43.482684243263,6.98376150896083));
#6845=CARTESIAN_POINT('Ctrl Pts',(102.845146232258,-43.5158611251463,7.02974882748623));
#6846=CARTESIAN_POINT('Ctrl Pts',(102.970103177509,-43.665055633889,7.23664323639134));
#6847=CARTESIAN_POINT('Ctrl Pts',(103.070424124223,-43.7848145579719,7.40301724114052));
#6848=CARTESIAN_POINT('Ctrl Pts',(103.179038271599,-43.9144534979101,7.58341871246958));
#6849=CARTESIAN_POINT('Ctrl Pts',(103.183842984552,-43.920188360554,7.59139967417961));
#6850=CARTESIAN_POINT('Ctrl Pts',(103.188647479924,-43.9259230475138,7.59938089476262));
#6851=CARTESIAN_POINT('Ctrl Pts',(102.803104438557,-43.3636142547784,6.99185697156999));
#6852=CARTESIAN_POINT('Ctrl Pts',(102.83094254759,-43.3968261279506,7.03778974854931));
#6853=CARTESIAN_POINT('Ctrl Pts',(102.858774176254,-43.4300330869197,7.08373003709695));
#6854=CARTESIAN_POINT('Ctrl Pts',(102.983905078647,-43.5793427047887,7.29035448887308));
#6855=CARTESIAN_POINT('Ctrl Pts',(103.084351517335,-43.6991841591876,7.45651795158779));
#6856=CARTESIAN_POINT('Ctrl Pts',(103.193094075477,-43.8289102514583,7.63670906461174));
#6857=CARTESIAN_POINT('Ctrl Pts',(103.197905529234,-43.8346502045733,7.64468226087362));
#6858=CARTESIAN_POINT('Ctrl Pts',(103.202716837937,-43.8403900405655,7.65265562971766));
#6859=CARTESIAN_POINT('Ctrl Pts',(102.816652828735,-43.2777285191303,7.045928485785));
#6860=CARTESIAN_POINT('Ctrl Pts',(102.844529094151,-43.3109680119504,7.09181798898987));
#6861=CARTESIAN_POINT('Ctrl Pts',(102.872402119675,-43.3442050480203,7.13771124754599));
#6862=CARTESIAN_POINT('Ctrl Pts',(102.99770698071,-43.4936297712512,7.34406573337229));
#6863=CARTESIAN_POINT('Ctrl Pts',(103.098278911393,-43.6135537561508,7.51001865428132));
#6864=CARTESIAN_POINT('Ctrl Pts',(103.207149879354,-43.743367005006,7.68999941675442));
#6865=CARTESIAN_POINT('Ctrl Pts',(103.211968073916,-43.7491120485922,7.69796484756815));
#6866=CARTESIAN_POINT('Ctrl Pts',(103.216786195951,-43.7548570336171,7.70593036467269));
#6867=CARTESIAN_POINT('Ctrl Pts',(102.830201218913,-43.1918427834822,7.1));
#6868=CARTESIAN_POINT('Ctrl Pts',(102.858115641292,-43.2251098966379,7.14584622857835));
#6869=CARTESIAN_POINT('Ctrl Pts',(102.886030063671,-43.2583770097937,7.1916924571567));
#6870=CARTESIAN_POINT('Ctrl Pts',(103.011508881849,-43.4079168421509,7.39777698585403));
#6871=CARTESIAN_POINT('Ctrl Pts',(103.112206304505,-43.5279233573664,7.56351936472859));
#6872=CARTESIAN_POINT('Ctrl Pts',(103.221205683231,-43.6578237585541,7.74328976889659));
#6873=CARTESIAN_POINT('Ctrl Pts',(103.226030618598,-43.6635738926115,7.75124743426216));
#6874=CARTESIAN_POINT('Ctrl Pts',(103.230855553965,-43.6693240266688,7.75920509962773));
#6875=CARTESIAN_POINT('',(103.187874814253,-43.9250007878546,7.59809734904586));
#6876=CARTESIAN_POINT('Ctrl Pts',(103.187874814253,-43.9250007878546,7.59809734904586));
#6877=CARTESIAN_POINT('Ctrl Pts',(103.18332784731,-43.9195734975701,7.59054399726562));
#6878=CARTESIAN_POINT('Ctrl Pts',(103.178780614568,-43.9141459653728,7.58299075986334));
#6879=CARTESIAN_POINT('Ctrl Pts',(103.075628528079,-43.7910263951516,7.41166143838091));
#6880=CARTESIAN_POINT('Ctrl Pts',(102.980171128418,-43.6770742817789,7.25334075940993));
#6881=CARTESIAN_POINT('Ctrl Pts',(102.887574238087,-43.5665186191892,7.09999999790785));
#6882=CARTESIAN_POINT('',(103.176666618175,-43.6047441677625,7.66984883916256));
#6883=CARTESIAN_POINT('Ctrl Pts',(102.830201218913,-43.1918427834822,7.1));
#6884=CARTESIAN_POINT('Ctrl Pts',(102.858115641292,-43.2251098966379,7.14584622857835));
#6885=CARTESIAN_POINT('Ctrl Pts',(102.886030063671,-43.2583770097937,7.1916924571567));
#6886=CARTESIAN_POINT('Ctrl Pts',(102.99905660195,-43.3930767928453,7.37732554814156));
#6887=CARTESIAN_POINT('Ctrl Pts',(103.086555156998,-43.4973535101709,7.52130465382917));
#6888=CARTESIAN_POINT('Ctrl Pts',(103.176666622458,-43.6047441728667,7.66984883287441));
#6889=CARTESIAN_POINT('',(103.189140839189,-43.9229237278882,7.60124903857588));
#6890=CARTESIAN_POINT('Ctrl Pts',(103.176666586062,-43.6047441294914,7.66984936240411));
#6891=CARTESIAN_POINT('Ctrl Pts',(103.178780430913,-43.658359674313,7.65819783510708));
#6892=CARTESIAN_POINT('Ctrl Pts',(103.180888667608,-43.7119856897332,7.64659063686942));
#6893=CARTESIAN_POINT('Ctrl Pts',(103.182991290206,-43.7656209554834,7.63502789509447));
#6894=CARTESIAN_POINT('Ctrl Pts',(103.185042433053,-43.817943037316,7.62374825076166));
#6895=CARTESIAN_POINT('Ctrl Pts',(103.187102778317,-43.870646073246,7.61243088291851));
#6896=CARTESIAN_POINT('Ctrl Pts',(103.189140839189,-43.9229237278882,7.60124903857588));
#6897=CARTESIAN_POINT('Ctrl Pts',(103.189140839189,-43.9229237278882,7.60124903857588));
#6898=CARTESIAN_POINT('Ctrl Pts',(103.188718874931,-43.9236162332525,7.60019855532861));
#6899=CARTESIAN_POINT('Ctrl Pts',(103.188296866593,-43.9243085865578,7.59914799208893));
#6900=CARTESIAN_POINT('Ctrl Pts',(103.187874814253,-43.9250007878546,7.59809734904589));
#6901=CARTESIAN_POINT('Ctrl Pts',(103.189140839189,-43.9229237278882,7.60124903857588));
#6902=CARTESIAN_POINT('Ctrl Pts',(102.916412203358,-43.5969808032001,12.3489408365918));
#6903=CARTESIAN_POINT('Ctrl Pts',(102.668547769721,-43.3005169808199,16.6463669965388));
#6904=CARTESIAN_POINT('Ctrl Pts',(102.439646494036,-43.0264279000889,20.5960539619327));
#6905=CARTESIAN_POINT('Ctrl Pts',(103.186729929786,-43.8189460638068,7.59393596106843));
#6906=CARTESIAN_POINT('Ctrl Pts',(102.913301704579,-43.4924754200505,12.3415256798414));
#6907=CARTESIAN_POINT('Ctrl Pts',(102.66467016811,-43.1954542712106,16.6388386585699));
#6908=CARTESIAN_POINT('Ctrl Pts',(102.434911984261,-42.9207754933607,20.5883966601102));
#6909=CARTESIAN_POINT('Ctrl Pts',(103.184319020383,-43.7149683997254,7.58662288356097));
#6910=CARTESIAN_POINT('Ctrl Pts',(102.910187111373,-43.3879646932343,12.3341854336021));
#6911=CARTESIAN_POINT('Ctrl Pts',(102.66079300384,-43.0903914985139,16.6313104516178));
#6912=CARTESIAN_POINT('Ctrl Pts',(102.430177474486,-42.8151230866325,20.5807393582878));
#6913=CARTESIAN_POINT('Ctrl Pts',(103.181908110981,-43.6109907356441,7.57930980605352));
#6914=CARTESIAN_POINT('Ctrl Pts',(102.907076612595,-43.2834593100847,12.3267702768518));
#6915=CARTESIAN_POINT('Ctrl Pts',(102.65691540223,-42.9853287889047,16.623782113649));
#6916=CARTESIAN_POINT('Ctrl Pts',(102.425442964711,-42.7094706799044,20.5730820564653));
#6917=CARTESIAN_POINT('Ctrl Pts',(102.439646494036,-43.0264279000889,20.5960539619327));
#6918=CARTESIAN_POINT('Ctrl Pts',(102.668547769721,-43.3005169808199,16.6463669965388));
#6919=CARTESIAN_POINT('Ctrl Pts',(102.916412203358,-43.5969808032001,12.3489408365918));
#6920=CARTESIAN_POINT('Ctrl Pts',(103.189140839189,-43.9229237278882,7.60124903857588));
#6921=CARTESIAN_POINT('Ctrl Pts',(103.176666616369,-43.6047441656101,7.66984883890949));
#6922=CARTESIAN_POINT('Ctrl Pts',(102.905487306338,-43.281565248644,12.3539158237346));
#6923=CARTESIAN_POINT('Ctrl Pts',(102.658344744135,-42.9870322122548,16.5990616158897));
#6924=CARTESIAN_POINT('Ctrl Pts',(102.429473005996,-42.7142734960842,20.5043200208836));
#6925=CARTESIAN_POINT('Origin',(100.243466369902,-40.2646646167715,21.));
#6926=CARTESIAN_POINT('Ctrl Pts',(102.073085490668,-42.6006921597094,21.1));
#6927=CARTESIAN_POINT('Ctrl Pts',(102.07564131101,-42.6007089742893,21.0980529362285));
#6928=CARTESIAN_POINT('Ctrl Pts',(102.078198235915,-42.6007252177524,21.0961046592106));
#6929=CARTESIAN_POINT('',(101.830127370615,-42.0000011819133,20.9));
#6930=CARTESIAN_POINT('',(100.320070814214,-40.2003858558028,20.9));
#6931=CARTESIAN_POINT('',(101.830127370615,-42.0000011819133,20.9));
#6932=CARTESIAN_POINT('Origin',(100.689606498919,-41.6973539189836,21.));
#6933=CARTESIAN_POINT('',(102.303277275223,-42.0834302760155,20.9));
#6934=CARTESIAN_POINT('',(100.672241681152,-41.7958346942848,20.9));
#6935=CARTESIAN_POINT('Ctrl Pts',(102.303277275223,-42.0834302760155,20.9));
#6936=CARTESIAN_POINT('Ctrl Pts',(102.331767885263,-42.0552576942972,20.9326919194125));
#6937=CARTESIAN_POINT('Ctrl Pts',(102.360272625927,-42.0270931061904,20.9653784204116));
#6938=CARTESIAN_POINT('Ctrl Pts',(102.417315303984,-41.970774663002,21.0307466169949));
#6939=CARTESIAN_POINT('Ctrl Pts',(102.445853258066,-41.942620799401,21.0634283238626));
#6940=CARTESIAN_POINT('Ctrl Pts',(102.474405063488,-41.9144748316118,21.0961046601381));
#6941=CARTESIAN_POINT('Ctrl Pts',(102.474405063488,-41.9144748316118,21.0961046601382));
#6942=CARTESIAN_POINT('Ctrl Pts',(102.640470685046,-41.9435232789572,20.947584476122));
#6943=CARTESIAN_POINT('Ctrl Pts',(102.813621830874,-41.9738412502447,20.7921817480753));
#6944=CARTESIAN_POINT('Ctrl Pts',(103.005811308059,-42.0075211641737,20.6191405888323));
#6945=CARTESIAN_POINT('Ctrl Pts',(103.01667175132,-42.0094241782414,20.6093605250474));
#6946=CARTESIAN_POINT('Ctrl Pts',(103.0275314113,-42.0113268569536,20.5995795176567));
#6947=CARTESIAN_POINT('Ctrl Pts',(102.411432157873,-41.9697476395062,21.0359879290926));
#6948=CARTESIAN_POINT('Ctrl Pts',(102.577643358683,-41.9988995528663,20.8878345684495));
#6949=CARTESIAN_POINT('Ctrl Pts',(102.750940619658,-42.029314370835,20.7327787564073));
#6950=CARTESIAN_POINT('Ctrl Pts',(102.943288670882,-42.0630916752332,20.5600833070584));
#6951=CARTESIAN_POINT('Ctrl Pts',(102.954162448563,-42.0650010322194,20.5503194321994));
#6952=CARTESIAN_POINT('Ctrl Pts',(102.965035704054,-42.0669101656349,20.540554928268));
#6953=CARTESIAN_POINT('Ctrl Pts',(102.348459252259,-42.0250204474007,20.9758711980471));
#6954=CARTESIAN_POINT('Ctrl Pts',(102.514816007054,-42.0542758352295,20.828084690937));
#6955=CARTESIAN_POINT('Ctrl Pts',(102.688259384593,-42.0847874996763,20.6733757938241));
#6956=CARTESIAN_POINT('Ctrl Pts',(102.8807660337,-42.1186621862918,20.5010260252789));
#6957=CARTESIAN_POINT('Ctrl Pts',(102.8916531458,-42.1205778861964,20.4912783393458));
#6958=CARTESIAN_POINT('Ctrl Pts',(102.902539996807,-42.1224934743162,20.4815303388793));
#6959=CARTESIAN_POINT('Ctrl Pts',(102.285486346645,-42.0802932552952,20.9157544670016));
#6960=CARTESIAN_POINT('Ctrl Pts',(102.451988680692,-42.1096521091387,20.7683347832645));
#6961=CARTESIAN_POINT('Ctrl Pts',(102.625578173377,-42.1402606202666,20.6139728021561));
#6962=CARTESIAN_POINT('Ctrl Pts',(102.818243396523,-42.1742326973513,20.441968743505));
#6963=CARTESIAN_POINT('Ctrl Pts',(102.829143843042,-42.1761547401744,20.4322372464978));
#6964=CARTESIAN_POINT('Ctrl Pts',(102.840044289561,-42.1780767829976,20.4225057494906));
#6965=CARTESIAN_POINT('',(102.748378142284,-42.1619135680149,20.5043200213185));
#6966=CARTESIAN_POINT('Ctrl Pts',(102.303277275223,-42.0834302760155,20.9));
#6967=CARTESIAN_POINT('Ctrl Pts',(102.329580583517,-42.0880682589495,20.8767037941092));
#6968=CARTESIAN_POINT('Ctrl Pts',(102.356060958042,-42.0927374634376,20.8532342299832));
#6969=CARTESIAN_POINT('Ctrl Pts',(102.428255968095,-42.1054673915824,20.7892033213557));
#6970=CARTESIAN_POINT('Ctrl Pts',(102.474317540377,-42.1135892895496,20.7483030283436));
#6971=CARTESIAN_POINT('Ctrl Pts',(102.520927599546,-42.1218079005534,20.7068687176398));
#6972=CARTESIAN_POINT('Ctrl Pts',(102.572317363293,-42.1308693024343,20.66118545793));
#6973=CARTESIAN_POINT('Ctrl Pts',(102.624373844948,-42.1400482646708,20.6148530679461));
#6974=CARTESIAN_POINT('Ctrl Pts',(102.700736417409,-42.1535130465121,20.5468065438443));
#6975=CARTESIAN_POINT('Ctrl Pts',(102.724467170081,-42.1576974184805,20.5256491136818));
#6976=CARTESIAN_POINT('Ctrl Pts',(102.748378142284,-42.1619135680149,20.5043200213185));
#6977=CARTESIAN_POINT('Ctrl Pts',(102.748378142394,-42.161913567956,20.5043200213557));
#6978=CARTESIAN_POINT('Ctrl Pts',(102.795149141187,-42.1368852454604,20.5200864206962));
#6979=CARTESIAN_POINT('Ctrl Pts',(102.841947431799,-42.1118526212133,20.5357649581405));
#6980=CARTESIAN_POINT('Ctrl Pts',(102.933473129092,-42.0629148842403,20.5662414536637));
#6981=CARTESIAN_POINT('Ctrl Pts',(102.978832591917,-42.0386709825323,20.5812583426609));
#6982=CARTESIAN_POINT('Ctrl Pts',(103.023798526169,-42.0146468626616,20.5960539633615));
#6983=CARTESIAN_POINT('Ctrl Pts',(103.023798526169,-42.0146468626614,20.5960539633616));
#6984=CARTESIAN_POINT('Ctrl Pts',(103.375617268209,-42.0758366417433,16.6463669927377));
#6985=CARTESIAN_POINT('Ctrl Pts',(103.756294683825,-42.142261626475,12.3489408319709));
#6986=CARTESIAN_POINT('Ctrl Pts',(104.174933851845,-42.2154800907421,7.6012490378118));
#6987=CARTESIAN_POINT('Ctrl Pts',(102.92993360503,-42.0633728612123,20.588396661802));
#6988=CARTESIAN_POINT('Ctrl Pts',(103.282691493734,-42.1250098958869,16.6388386550098));
#6989=CARTESIAN_POINT('Ctrl Pts',(103.66423511954,-42.1918205478544,12.341525675443));
#6990=CARTESIAN_POINT('Ctrl Pts',(104.083681100275,-42.2653810146939,7.59393596051038));
#6991=CARTESIAN_POINT('Ctrl Pts',(102.83606868389,-42.1120988597632,20.5807393602424));
#6992=CARTESIAN_POINT('Ctrl Pts',(103.189765883293,-42.174183560322,16.6313104482987));
#6993=CARTESIAN_POINT('Ctrl Pts',(103.572168880291,-42.2413785951883,12.3341854294061));
#6994=CARTESIAN_POINT('Ctrl Pts',(103.992428348706,-42.3152819386456,7.58662288320897));
#6995=CARTESIAN_POINT('Ctrl Pts',(102.74220376275,-42.1608248583141,20.5730820586828));
#6996=CARTESIAN_POINT('Ctrl Pts',(103.096840108818,-42.2233568144657,16.6237821105708));
#6997=CARTESIAN_POINT('Ctrl Pts',(103.480109316006,-42.2909375165676,12.3267702728781));
#6998=CARTESIAN_POINT('Ctrl Pts',(103.901175597136,-42.3651828625974,7.57930980590755));
#6999=CARTESIAN_POINT('',(103.893145164332,-42.3637668806274,7.6698488388138));
#7000=CARTESIAN_POINT('Ctrl Pts',(102.748378144298,-42.1619135683702,20.5043200215051));
#7001=CARTESIAN_POINT('Ctrl Pts',(103.09902998775,-42.2237429492058,16.5990616117084));
#7002=CARTESIAN_POINT('Ctrl Pts',(103.477674357634,-42.2905081677098,12.3539158191142));
#7003=CARTESIAN_POINT('Ctrl Pts',(103.893145161565,-42.3637668801395,7.66984883856072));
#7004=CARTESIAN_POINT('Ctrl Pts',(103.893145115132,-42.3637668719521,7.66984936205476));
#7005=CARTESIAN_POINT('Ctrl Pts',(103.939566119603,-42.3393516388866,7.65845995252897));
#7006=CARTESIAN_POINT('Ctrl Pts',(103.985993099478,-42.3149267679184,7.64711289983259));
#7007=CARTESIAN_POINT('Ctrl Pts',(104.032425069727,-42.2904928211539,7.63580832926487));
#7008=CARTESIAN_POINT('Ctrl Pts',(104.079839763075,-42.2655417349327,7.62426449978663));
#7009=CARTESIAN_POINT('Ctrl Pts',(104.127584151453,-42.240410375408,7.61268617076112));
#7010=CARTESIAN_POINT('Ctrl Pts',(104.174933851845,-42.2154800907421,7.6012490378118));
#7011=CARTESIAN_POINT('Ctrl Pts',(104.1772846586,-42.2135531697337,7.59938089449511));
#7012=CARTESIAN_POINT('Ctrl Pts',(104.169916027301,-42.2122596983397,7.59139967492298));
#7013=CARTESIAN_POINT('Ctrl Pts',(104.162547135065,-42.2109661263565,7.58341871422371));
#7014=CARTESIAN_POINT('Ctrl Pts',(103.995969448145,-42.181722985821,7.40301724406548));
#7015=CARTESIAN_POINT('Ctrl Pts',(103.842094705239,-42.1547219596279,7.23664323937339));
#7016=CARTESIAN_POINT('Ctrl Pts',(103.650409999434,-42.1211033252529,7.02974883066259));
#7017=CARTESIAN_POINT('Ctrl Pts',(103.607782861484,-42.1136247195468,6.98376151233803));
#7018=CARTESIAN_POINT('Ctrl Pts',(103.565144479974,-42.1061413813269,6.93778546092989));
#7019=CARTESIAN_POINT('Ctrl Pts',(104.110245581444,-42.2685040950087,7.65265562837365));
#7020=CARTESIAN_POINT('Ctrl Pts',(104.102869084289,-42.2672072976136,7.6446822605385));
#7021=CARTESIAN_POINT('Ctrl Pts',(104.095492413175,-42.2659104331591,7.63670906528542));
#7022=CARTESIAN_POINT('Ctrl Pts',(103.92877504475,-42.2365996618177,7.45651795340075));
#7023=CARTESIAN_POINT('Ctrl Pts',(103.774766082517,-42.2095312215576,7.29035449071221));
#7024=CARTESIAN_POINT('Ctrl Pts',(103.582894710727,-42.1758194904584,7.08373003909152));
#7025=CARTESIAN_POINT('Ctrl Pts',(103.540220826834,-42.1683200725709,7.03778975073927));
#7026=CARTESIAN_POINT('Ctrl Pts',(103.497539446934,-42.1608174996227,6.99185697395325));
#7027=CARTESIAN_POINT('Ctrl Pts',(104.043206504289,-42.3234550202837,7.70593036225219));
#7028=CARTESIAN_POINT('Ctrl Pts',(104.035822141276,-42.3221548968875,7.69796484615453));
#7029=CARTESIAN_POINT('Ctrl Pts',(104.028437691284,-42.3208547399616,7.68999941634765));
#7030=CARTESIAN_POINT('Ctrl Pts',(103.861580638145,-42.2914763407594,7.51001865498229));
#7031=CARTESIAN_POINT('Ctrl Pts',(103.707437456413,-42.2643404865061,7.34406573406848));
#7032=CARTESIAN_POINT('Ctrl Pts',(103.51537942115,-42.2305356555021,7.13771124835879));
#7033=CARTESIAN_POINT('Ctrl Pts',(103.472658791299,-42.2230154254368,7.09181798999261));
#7034=CARTESIAN_POINT('Ctrl Pts',(103.429934413894,-42.2154936179185,7.04592848697661));
#7035=CARTESIAN_POINT('Ctrl Pts',(103.976167427133,-42.3784059455587,7.75920509613074));
#7036=CARTESIAN_POINT('Ctrl Pts',(103.968775198264,-42.3771024961614,7.75124743177005));
#7037=CARTESIAN_POINT('Ctrl Pts',(103.961382969394,-42.3757990467641,7.74328976740937));
#7038=CARTESIAN_POINT('Ctrl Pts',(103.79438623475,-42.3463530167561,7.56351936431756));
#7039=CARTESIAN_POINT('Ctrl Pts',(103.64010883369,-42.3191497484358,7.39777698540729));
#7040=CARTESIAN_POINT('Ctrl Pts',(103.447864132443,-42.2852518207076,7.19169245678772));
#7041=CARTESIAN_POINT('Ctrl Pts',(103.405096756649,-42.2777107784609,7.14584622839385));
#7042=CARTESIAN_POINT('Ctrl Pts',(103.362329380854,-42.2701697362143,7.09999999999998));
#7043=CARTESIAN_POINT('Ctrl Pts',(103.893145170894,-42.3637668817844,7.66984883252565));
#7044=CARTESIAN_POINT('Ctrl Pts',(103.755086397074,-42.3394233950364,7.52130465348031));
#7045=CARTESIAN_POINT('Ctrl Pts',(103.621030834215,-42.3157857823903,7.3773255477168));
#7046=CARTESIAN_POINT('Ctrl Pts',(103.447864132443,-42.2852518207076,7.19169245678772));
#7047=CARTESIAN_POINT('Ctrl Pts',(103.405096756649,-42.2777107784609,7.14584622839385));
#7048=CARTESIAN_POINT('Ctrl Pts',(103.362329380854,-42.2701697362143,7.09999999999998));
#7049=CARTESIAN_POINT('Ctrl Pts',(103.715494675693,-42.1325183085309,7.09999999790785));
#7050=CARTESIAN_POINT('Ctrl Pts',(103.857537133091,-42.1574317365869,7.25334076034143));
#7051=CARTESIAN_POINT('Ctrl Pts',(104.003951257843,-42.1831242130024,7.41166144024039));
#7052=CARTESIAN_POINT('Ctrl Pts',(104.162151975644,-42.2108967551059,7.58299076170668));
#7053=CARTESIAN_POINT('Ctrl Pts',(104.169125971885,-42.2121210079227,7.59054399818733));
#7054=CARTESIAN_POINT('Ctrl Pts',(104.176099625725,-42.2133451515083,7.59809734904587));
#7055=CARTESIAN_POINT('Origin',(97.5000013515819,-39.5000018761493,7.34904867452294));
#7056=CARTESIAN_POINT('Origin',(104.14143779522,-42.4075475705641,4.1));
#7057=CARTESIAN_POINT('',(101.830127370615,-42.0000011819133,4.1));
#7058=CARTESIAN_POINT('Origin',(101.830127370615,-42.0000011819133,4.1));
#7059=CARTESIAN_POINT('Origin',(97.5000013515819,-39.5000018761493,7.34904867452294));
#7060=CARTESIAN_POINT('',(101.925000417472,-45.1878752188694,7.59809734904582));
#7061=CARTESIAN_POINT('Origin',(97.5000013515819,-39.5000018761493,7.59809734904587));
#7062=CARTESIAN_POINT('Ctrl Pts',(101.566518251124,-44.8875746445271,7.09999999790783));
#7063=CARTESIAN_POINT('Ctrl Pts',(101.677073913613,-44.9801715348132,7.2533407603336));
#7064=CARTESIAN_POINT('Ctrl Pts',(101.791026026915,-45.0756289344528,7.41166144023473));
#7065=CARTESIAN_POINT('Ctrl Pts',(101.91414559638,-45.1787810203462,7.58299076170667));
#7066=CARTESIAN_POINT('Ctrl Pts',(101.919573127882,-45.1833282525067,7.59054399818731));
#7067=CARTESIAN_POINT('Ctrl Pts',(101.925000417472,-45.1878752188694,7.59809734904584));
#7068=CARTESIAN_POINT('Origin',(97.5000013515819,-39.5000018761493,7.1));
#7069=CARTESIAN_POINT('',(101.029312480649,-44.4369570770886,20.6019026509541));
#7070=CARTESIAN_POINT('Origin',(97.5000013515819,-39.5000018761493,20.6019026509541));
#7071=CARTESIAN_POINT('',(101.026427536871,-44.4396469032617,20.5960539633617));
#7072=CARTESIAN_POINT('Ctrl Pts',(101.026427536871,-44.4396469032617,20.5960539633617));
#7073=CARTESIAN_POINT('Ctrl Pts',(101.027389746719,-44.4387504317652,20.5980033186189));
#7074=CARTESIAN_POINT('Ctrl Pts',(101.028351394416,-44.4378538229085,20.5999528815284));
#7075=CARTESIAN_POINT('Ctrl Pts',(101.029312480649,-44.4369570770886,20.6019026509541));
#7076=CARTESIAN_POINT('',(101.92292335806,-45.1891412435415,7.60124903781173));
#7077=CARTESIAN_POINT('Ctrl Pts',(101.92292335806,-45.1891412435415,7.60124903781173));
#7078=CARTESIAN_POINT('Ctrl Pts',(101.596980435718,-44.9164126094915,12.3489408312457));
#7079=CARTESIAN_POINT('Ctrl Pts',(101.300516615501,-44.6685481774489,16.6463669922113));
#7080=CARTESIAN_POINT('Ctrl Pts',(101.026427536871,-44.4396469032617,20.5960539633617));
#7081=CARTESIAN_POINT('Ctrl Pts',(101.925000417472,-45.1878752188695,7.59809734904588));
#7082=CARTESIAN_POINT('Ctrl Pts',(101.924308216358,-45.1882972711227,7.59914799183606));
#7083=CARTESIAN_POINT('Ctrl Pts',(101.923615863238,-45.1887192793726,7.60019855482103));
#7084=CARTESIAN_POINT('Ctrl Pts',(101.92292335806,-45.1891412435415,7.60124903781174));
#7085=CARTESIAN_POINT('Origin',(97.5000013515819,-39.5000018761493,20.8509513254771));
#7086=CARTESIAN_POINT('',(100.600724857037,-44.0781986482801,21.0961046601424));
#7087=CARTESIAN_POINT('Ctrl Pts',(100.600724857037,-44.0781986482801,21.0961046601424));
#7088=CARTESIAN_POINT('Ctrl Pts',(100.600708613537,-44.0756417239282,21.0980529367132));
#7089=CARTESIAN_POINT('Ctrl Pts',(100.600691798925,-44.0730859041861,21.1));
#7090=CARTESIAN_POINT('Ctrl Pts',(101.029312480649,-44.4369570770886,20.6019026509541));
#7091=CARTESIAN_POINT('Ctrl Pts',(100.987465928264,-44.4019209146059,20.6503199936957));
#7092=CARTESIAN_POINT('Ctrl Pts',(100.945804571134,-44.3670367830128,20.6984826686447));
#7093=CARTESIAN_POINT('Ctrl Pts',(100.863877822711,-44.2984482393951,20.7930991371778));
#7094=CARTESIAN_POINT('Ctrl Pts',(100.823454849614,-44.2646094028557,20.8397371534409));
#7095=CARTESIAN_POINT('Ctrl Pts',(100.78354967713,-44.2312071492543,20.8857309423336));
#7096=CARTESIAN_POINT('Ctrl Pts',(100.747356040207,-44.2009116019857,20.9274469002476));
#7097=CARTESIAN_POINT('Ctrl Pts',(100.711588380757,-44.1709752170814,20.9686328738747));
#7098=CARTESIAN_POINT('Ctrl Pts',(100.650852758971,-44.1201460634113,21.0385011243644));
#7099=CARTESIAN_POINT('Ctrl Pts',(100.625686058352,-44.0990856544088,21.0674314351471));
#7100=CARTESIAN_POINT('Ctrl Pts',(100.600724857037,-44.0781986482801,21.0961046601424));
#7101=CARTESIAN_POINT('Ctrl Pts',(101.925922676933,-45.1886478843746,7.59938089449508));
#7102=CARTESIAN_POINT('Ctrl Pts',(101.920187990734,-45.1838433896389,7.59139967492296));
#7103=CARTESIAN_POINT('Ctrl Pts',(101.914453128851,-45.1790386773217,7.5834187142237));
#7104=CARTESIAN_POINT('Ctrl Pts',(101.784814190538,-45.0704245312675,7.40301724405905));
#7105=CARTESIAN_POINT('Ctrl Pts',(101.665055267276,-44.9701035852019,7.23664323936444));
#7106=CARTESIAN_POINT('Ctrl Pts',(101.515860759725,-44.8451466408952,7.02974883066257));
#7107=CARTESIAN_POINT('Ctrl Pts',(101.482683878223,-44.8173564093938,6.98376151233799));
#7108=CARTESIAN_POINT('Ctrl Pts',(101.44949962577,-44.7895564576356,6.93778546092984));
#7109=CARTESIAN_POINT('Ctrl Pts',(101.840389670433,-45.2027172430464,7.65265562837362));
#7110=CARTESIAN_POINT('Ctrl Pts',(101.834649835203,-45.1979059349809,7.64468226053848));
#7111=CARTESIAN_POINT('Ctrl Pts',(101.82890988285,-45.193094481861,7.63670906528541));
#7112=CARTESIAN_POINT('Ctrl Pts',(101.699183792208,-45.0843519250583,7.45651795339432));
#7113=CARTESIAN_POINT('Ctrl Pts',(101.579342338631,-44.9839054870343,7.29035449070325));
#7114=CARTESIAN_POINT('Ctrl Pts',(101.430032721959,-44.8587745856074,7.08373003909152));
#7115=CARTESIAN_POINT('Ctrl Pts',(101.396825763373,-44.8309429572567,7.03778975073926));
#7116=CARTESIAN_POINT('Ctrl Pts',(101.363613890585,-44.80310484854,6.99185697395323));
#7117=CARTESIAN_POINT('Ctrl Pts',(101.754856663932,-45.2167866017182,7.70593036225216));
#7118=CARTESIAN_POINT('Ctrl Pts',(101.74911167967,-45.2119684803226,7.69796484615451));
#7119=CARTESIAN_POINT('Ctrl Pts',(101.743366636847,-45.2071502864,7.68999941634763));
#7120=CARTESIAN_POINT('Ctrl Pts',(101.613553389624,-45.0982793197947,7.51001865497585));
#7121=CARTESIAN_POINT('Ctrl Pts',(101.49362940555,-44.9977073897907,7.34406573405954));
#7122=CARTESIAN_POINT('Ctrl Pts',(101.344204683519,-44.8724025297444,7.1377112483588));
#7123=CARTESIAN_POINT('Ctrl Pts',(101.310967647835,-44.8445295045398,7.09181798999261));
#7124=CARTESIAN_POINT('Ctrl Pts',(101.277728155401,-44.8166532394444,7.04592848697661));
#7125=CARTESIAN_POINT('Ctrl Pts',(101.669323657432,-45.23085596039,7.7592050961307));
#7126=CARTESIAN_POINT('Ctrl Pts',(101.663573524139,-45.2260310256646,7.75124743177002));
#7127=CARTESIAN_POINT('Ctrl Pts',(101.657823390846,-45.2212060909393,7.74328976740935));
#7128=CARTESIAN_POINT('Ctrl Pts',(101.527922991294,-45.1122067135855,7.56351936431113));
#7129=CARTESIAN_POINT('Ctrl Pts',(101.407916476905,-45.0115092916231,7.39777698539835));
#7130=CARTESIAN_POINT('Ctrl Pts',(101.258376645752,-44.8860304744566,7.19169245678775));
#7131=CARTESIAN_POINT('Ctrl Pts',(101.225109532985,-44.8581160524027,7.14584622839388));
#7132=CARTESIAN_POINT('Ctrl Pts',(101.191842420217,-44.8302016303488,7.1));
#7133=CARTESIAN_POINT('',(101.604743801232,-45.1766670268715,7.66984883881378));
#7134=CARTESIAN_POINT('Ctrl Pts',(101.604743806336,-45.1766670311544,7.66984883252564));
#7135=CARTESIAN_POINT('Ctrl Pts',(101.497353144363,-45.0865555663004,7.52130465347488));
#7136=CARTESIAN_POINT('Ctrl Pts',(101.39307642773,-44.9990570118337,7.37732554770972));
#7137=CARTESIAN_POINT('Ctrl Pts',(101.258376645752,-44.8860304744566,7.19169245678775));
#7138=CARTESIAN_POINT('Ctrl Pts',(101.225109532985,-44.8581160524027,7.14584622839388));
#7139=CARTESIAN_POINT('Ctrl Pts',(101.191842420217,-44.8302016303488,7.1));
#7140=CARTESIAN_POINT('Ctrl Pts',(101.92292335806,-45.1891412435415,7.60124903781173));
#7141=CARTESIAN_POINT('Ctrl Pts',(101.870060688581,-45.1870803763798,7.61255601315896));
#7142=CARTESIAN_POINT('Ctrl Pts',(101.816764321968,-45.1849967728261,7.62400128674623));
#7143=CARTESIAN_POINT('Ctrl Pts',(101.763846378549,-45.1829221415906,7.63541039710047));
#7144=CARTESIAN_POINT('Ctrl Pts',(101.710802767709,-45.1808425836037,7.64684660135478));
#7145=CARTESIAN_POINT('Ctrl Pts',(101.657768147332,-45.1787575318318,7.65832630333753));
#7146=CARTESIAN_POINT('Ctrl Pts',(101.604743762961,-45.1766669947582,7.66984936205474));
#7147=CARTESIAN_POINT('Ctrl Pts',(100.600724857037,-44.0781986482801,21.0961046601424));
#7148=CARTESIAN_POINT('Ctrl Pts',(100.730017680336,-44.1863881524069,20.9475844761179));
#7149=CARTESIAN_POINT('Ctrl Pts',(100.864811985664,-44.2992198586391,20.7921817480823));
#7150=CARTESIAN_POINT('Ctrl Pts',(101.014412998288,-44.4244822582962,20.6191405888323));
#7151=CARTESIAN_POINT('Ctrl Pts',(101.022866911015,-44.4315605384536,20.6093605250474));
#7152=CARTESIAN_POINT('Ctrl Pts',(101.031320313078,-44.4386381365432,20.5995795176567));
#7153=CARTESIAN_POINT('Ctrl Pts',(100.518552317078,-44.094579851248,21.0359879290969));
#7154=CARTESIAN_POINT('Ctrl Pts',(100.6479194827,-44.2029317491979,20.8878345684454));
#7155=CARTESIAN_POINT('Ctrl Pts',(100.782791904116,-44.3159203846895,20.7327787564143));
#7156=CARTESIAN_POINT('Ctrl Pts',(100.932481550651,-44.4413464139865,20.5600833070584));
#7157=CARTESIAN_POINT('Ctrl Pts',(100.940943839865,-44.448436854482,20.5503194321994));
#7158=CARTESIAN_POINT('Ctrl Pts',(100.949405788634,-44.4555268402646,20.540554928268));
#7159=CARTESIAN_POINT('Ctrl Pts',(100.436379777118,-44.1109610542159,20.9758711980514));
#7160=CARTESIAN_POINT('Ctrl Pts',(100.565821258955,-44.2194753406771,20.828084690933));
#7161=CARTESIAN_POINT('Ctrl Pts',(100.700771797789,-44.332620905961,20.6733757938311));
#7162=CARTESIAN_POINT('Ctrl Pts',(100.850550103011,-44.4582105696736,20.5010260252789));
#7163=CARTESIAN_POINT('Ctrl Pts',(100.859020768711,-44.4653131705071,20.4912783393458));
#7164=CARTESIAN_POINT('Ctrl Pts',(100.867491264191,-44.4724155439859,20.4815303388793));
#7165=CARTESIAN_POINT('Ctrl Pts',(100.354207237159,-44.1273422571839,20.9157544670058));
#7166=CARTESIAN_POINT('Ctrl Pts',(100.483723061319,-44.2360189374681,20.7683347832605));
#7167=CARTESIAN_POINT('Ctrl Pts',(100.618751716241,-44.3493214320114,20.6139728021631));
#7168=CARTESIAN_POINT('Ctrl Pts',(100.768618655374,-44.4750747253639,20.4419687435051));
#7169=CARTESIAN_POINT('Ctrl Pts',(100.777097697561,-44.4821894865355,20.4322372464978));
#7170=CARTESIAN_POINT('Ctrl Pts',(100.785576739748,-44.4893042477072,20.4225057494906));
#7171=CARTESIAN_POINT('',(100.368046122909,-44.1389544611123,20.9));
#7172=CARTESIAN_POINT('Ctrl Pts',(100.600724857037,-44.0781986482801,21.0961046601424));
#7173=CARTESIAN_POINT('Ctrl Pts',(100.561925201021,-44.0882978903714,21.0634282537117));
#7174=CARTESIAN_POINT('Ctrl Pts',(100.523133612272,-44.0984108910819,21.030746493106));
#7175=CARTESIAN_POINT('Ctrl Pts',(100.445573988777,-44.1186627530019,20.9653783018251));
#7176=CARTESIAN_POINT('Ctrl Pts',(100.406805935523,-44.1288016130904,20.9326918601113));
#7177=CARTESIAN_POINT('Ctrl Pts',(100.368046122909,-44.1389544611123,20.9));
#7178=CARTESIAN_POINT('',(100.714273135029,-44.4294734192866,20.5043200213186));
#7179=CARTESIAN_POINT('Ctrl Pts',(100.368046122909,-44.1389544611123,20.9));
#7180=CARTESIAN_POINT('Ctrl Pts',(100.388506464629,-44.1561227263034,20.8767037941076));
#7181=CARTESIAN_POINT('Ctrl Pts',(100.409104539426,-44.1734065632691,20.8532342299804));
#7182=CARTESIAN_POINT('Ctrl Pts',(100.465262288087,-44.2205285094581,20.7892033213519));
#7183=CARTESIAN_POINT('Ctrl Pts',(100.501091830837,-44.250593065565,20.7483030283405));
#7184=CARTESIAN_POINT('Ctrl Pts',(100.537348020646,-44.2810156210618,20.7068687176377));
#7185=CARTESIAN_POINT('Ctrl Pts',(100.577322160604,-44.3145579071572,20.6611854579291));
#7186=CARTESIAN_POINT('Ctrl Pts',(100.61781491503,-44.3485353624608,20.6148530679466));
#7187=CARTESIAN_POINT('Ctrl Pts',(100.677214451759,-44.3983774918223,20.5468065438453));
#7188=CARTESIAN_POINT('Ctrl Pts',(100.695673700439,-44.4138666405817,20.5256491136824));
#7189=CARTESIAN_POINT('Ctrl Pts',(100.714273135029,-44.4294734192866,20.5043200213186));
#7190=CARTESIAN_POINT('Ctrl Pts',(100.714273135154,-44.4294734192906,20.5043200213557));
#7191=CARTESIAN_POINT('Ctrl Pts',(100.767294443327,-44.4311838289427,20.5200870968644));
#7192=CARTESIAN_POINT('Ctrl Pts',(100.820341539995,-44.4329041599285,20.5357663029406));
#7193=CARTESIAN_POINT('Ctrl Pts',(100.924073976525,-44.4362856862937,20.5662427794953));
#7194=CARTESIAN_POINT('Ctrl Pts',(100.975476084014,-44.4379695082693,20.5812589955505));
#7195=CARTESIAN_POINT('Ctrl Pts',(101.026427536871,-44.4396469032617,20.5960539633616));
#7196=CARTESIAN_POINT('Ctrl Pts',(100.106141036577,-45.5651449237106,6.937785457355));
#7197=CARTESIAN_POINT('Ctrl Pts',(100.113624374875,-45.6077833057073,6.98376150896084));
#7198=CARTESIAN_POINT('Ctrl Pts',(100.121102980657,-45.6504104441415,7.02974882748622));
#7199=CARTESIAN_POINT('Ctrl Pts',(100.154721615254,-45.8420951514539,7.2366432364029));
#7200=CARTESIAN_POINT('Ctrl Pts',(100.181722641596,-45.9959698953797,7.40301724113393));
#7201=CARTESIAN_POINT('Ctrl Pts',(100.210965782466,-46.1625475843803,7.58341871246958));
#7202=CARTESIAN_POINT('Ctrl Pts',(100.21225935462,-46.1699164775936,7.5913996741796));
#7203=CARTESIAN_POINT('Ctrl Pts',(100.213552826184,-46.1772851098692,7.5993808947626));
#7204=CARTESIAN_POINT('Ctrl Pts',(100.160817154475,-45.4975398899056,6.99185697157));
#7205=CARTESIAN_POINT('Ctrl Pts',(100.168319727505,-45.5402212702963,7.03778974854931));
#7206=CARTESIAN_POINT('Ctrl Pts',(100.175819145473,-45.5828951546783,7.08373003709694));
#7207=CARTESIAN_POINT('Ctrl Pts',(100.209530876811,-45.7747665279896,7.29035448888463));
#7208=CARTESIAN_POINT('Ctrl Pts',(100.236599317232,-45.9287754912524,7.45651795158121));
#7209=CARTESIAN_POINT('Ctrl Pts',(100.265910088921,-46.0954928617695,7.63670906461174));
#7210=CARTESIAN_POINT('Ctrl Pts',(100.267206953546,-46.1028695338624,7.64468226087361));
#7211=CARTESIAN_POINT('Ctrl Pts',(100.268503751113,-46.1102460319967,7.65265562971764));
#7212=CARTESIAN_POINT('Ctrl Pts',(100.215493272374,-45.4299348561007,7.045928485785));
#7213=CARTESIAN_POINT('Ctrl Pts',(100.223015079977,-45.4726592339998,7.09181798898987));
#7214=CARTESIAN_POINT('Ctrl Pts',(100.230535310126,-45.515379864345,7.13771124754598));
#7215=CARTESIAN_POINT('Ctrl Pts',(100.264340141387,-45.7074379011446,7.34406573338383));
#7216=CARTESIAN_POINT('Ctrl Pts',(100.291475995813,-45.8615810839151,7.51001865427475));
#7217=CARTESIAN_POINT('Ctrl Pts',(100.320854395375,-46.0284381391582,7.68999941675442));
#7218=CARTESIAN_POINT('Ctrl Pts',(100.322154552473,-46.0358225901307,7.69796484756813));
#7219=CARTESIAN_POINT('Ctrl Pts',(100.323454676042,-46.0432069541242,7.70593036467267));
#7220=CARTESIAN_POINT('Ctrl Pts',(100.270169390273,-45.3623298222957,7.1));
#7221=CARTESIAN_POINT('Ctrl Pts',(100.277710432607,-45.4050971985888,7.14584622857835));
#7222=CARTESIAN_POINT('Ctrl Pts',(100.285251474942,-45.4478645748818,7.19169245715669));
#7223=CARTESIAN_POINT('Ctrl Pts',(100.319149402943,-45.6401092776802,7.39777698586555));
#7224=CARTESIAN_POINT('Ctrl Pts',(100.346352671448,-45.7943866797878,7.56351936472202));
#7225=CARTESIAN_POINT('Ctrl Pts',(100.37579870183,-45.9613834165474,7.74328976889658));
#7226=CARTESIAN_POINT('Ctrl Pts',(100.3771021514,-45.9687756463996,7.75124743426214));
#7227=CARTESIAN_POINT('Ctrl Pts',(100.378405600971,-45.9761678762518,7.7592050996277));
#7228=CARTESIAN_POINT('',(100.213344807914,-46.1761000767402,7.59809734904588));
#7229=CARTESIAN_POINT('Ctrl Pts',(100.213344807914,-46.1761000767402,7.59809734904591));
#7230=CARTESIAN_POINT('Ctrl Pts',(100.212120664173,-46.1691264220085,7.59054399726566));
#7231=CARTESIAN_POINT('Ctrl Pts',(100.210896411201,-46.1621524248751,7.58299075986336));
#7232=CARTESIAN_POINT('Ctrl Pts',(100.183123868957,-46.0039517061093,7.41166143837411));
#7233=CARTESIAN_POINT('Ctrl Pts',(100.15743139256,-45.8575375812974,7.25334075941868));
#7234=CARTESIAN_POINT('Ctrl Pts',(100.132517964515,-45.715495123789,7.09999999790784));
#7235=CARTESIAN_POINT('',(100.363766535426,-45.8931456099712,7.66984883916255));
#7236=CARTESIAN_POINT('Ctrl Pts',(100.270169390273,-45.3623298222957,7.1));
#7237=CARTESIAN_POINT('Ctrl Pts',(100.277710432607,-45.4050971985888,7.14584622857835));
#7238=CARTESIAN_POINT('Ctrl Pts',(100.285251474942,-45.4478645748818,7.19169245715669));
#7239=CARTESIAN_POINT('Ctrl Pts',(100.315785436868,-45.6210312780377,7.37732554815206));
#7240=CARTESIAN_POINT('Ctrl Pts',(100.33942304967,-45.7550868417778,7.52130465382765));
#7241=CARTESIAN_POINT('Ctrl Pts',(100.363766536583,-45.893145616533,7.6698488328744));
#7242=CARTESIAN_POINT('',(100.215479747653,-46.1749343025119,7.60124903857584));
#7243=CARTESIAN_POINT('Ctrl Pts',(100.36376652675,-45.8931455607709,7.6698493624041));
#7244=CARTESIAN_POINT('Ctrl Pts',(100.33878939768,-45.9406349070506,7.65819783510691));
#7245=CARTESIAN_POINT('Ctrl Pts',(100.313802176503,-45.9881305170587,7.64659063686842));
#7246=CARTESIAN_POINT('Ctrl Pts',(100.288805468215,-46.0356313310325,7.63502789509448));
#7247=CARTESIAN_POINT('Ctrl Pts',(100.264420769106,-46.0819691545103,7.62374825075961));
#7248=CARTESIAN_POINT('Ctrl Pts',(100.239853562482,-46.1286414951102,7.61243088291732));
#7249=CARTESIAN_POINT('Ctrl Pts',(100.215479747653,-46.1749343025119,7.60124903857584));
#7250=CARTESIAN_POINT('Ctrl Pts',(100.215479747653,-46.1749343025119,7.60124903857584));
#7251=CARTESIAN_POINT('Ctrl Pts',(100.214768063205,-46.1753230476209,7.60019855532857));
#7252=CARTESIAN_POINT('Ctrl Pts',(100.214056416611,-46.1757116390028,7.59914799208892));
#7253=CARTESIAN_POINT('Ctrl Pts',(100.213344807914,-46.1761000767402,7.59809734904588));
#7254=CARTESIAN_POINT('Ctrl Pts',(100.215479747653,-46.1749343025119,7.60124903857584));
#7255=CARTESIAN_POINT('Ctrl Pts',(100.14226128301,-45.7562951315288,12.3489408377692));
#7256=CARTESIAN_POINT('Ctrl Pts',(100.07583629798,-45.3756177132484,16.6463669974548));
#7257=CARTESIAN_POINT('Ctrl Pts',(100.014646518658,-45.0237989686746,20.5960539619327));
#7258=CARTESIAN_POINT('Ctrl Pts',(100.265380670905,-46.0836815492899,7.59393596106837));
#7259=CARTESIAN_POINT('Ctrl Pts',(100.191820203624,-45.6642355654996,12.3415256810188));
#7260=CARTESIAN_POINT('Ctrl Pts',(100.125009551284,-45.2826919369312,16.6388386594859));
#7261=CARTESIAN_POINT('Ctrl Pts',(100.063372516282,-44.9299340455895,20.5883966601103));
#7262=CARTESIAN_POINT('Ctrl Pts',(100.315281594157,-45.9924287960679,7.58662288356091));
#7263=CARTESIAN_POINT('Ctrl Pts',(100.241378250193,-45.5721693245051,12.3341854347794));
#7264=CARTESIAN_POINT('Ctrl Pts',(100.17418321488,-45.1897663246486,16.6313104525338));
#7265=CARTESIAN_POINT('Ctrl Pts',(100.112098513906,-44.8360691225043,20.5807393582878));
#7266=CARTESIAN_POINT('Ctrl Pts',(100.365182517408,-45.9011760428459,7.57930980605344));
#7267=CARTESIAN_POINT('Ctrl Pts',(100.290937170807,-45.4801097584758,12.3267702780291));
#7268=CARTESIAN_POINT('Ctrl Pts',(100.223356468184,-45.0968405483314,16.623782114565));
#7269=CARTESIAN_POINT('Ctrl Pts',(100.160824511531,-44.7422041994192,20.5730820564654));
#7270=CARTESIAN_POINT('',(100.014646518658,-45.0237989686746,20.5960539619327));
#7271=CARTESIAN_POINT('Ctrl Pts',(100.014646518658,-45.0237989686746,20.5960539619327));
#7272=CARTESIAN_POINT('Ctrl Pts',(100.07583629798,-45.3756177132484,16.6463669974548));
#7273=CARTESIAN_POINT('Ctrl Pts',(100.14226128301,-45.7562951315288,12.3489408377692));
#7274=CARTESIAN_POINT('Ctrl Pts',(100.215479747653,-46.1749343025119,7.60124903857584));
#7275=CARTESIAN_POINT('',(100.161913221217,-44.7483785788683,20.504320020697));
#7276=CARTESIAN_POINT('Ctrl Pts',(100.363766534938,-45.8931456072042,7.66984883890948));
#7277=CARTESIAN_POINT('Ctrl Pts',(100.290507821936,-45.4776748000264,12.353915824882));
#7278=CARTESIAN_POINT('Ctrl Pts',(100.223742602909,-45.0990304271803,16.5990616167852));
#7279=CARTESIAN_POINT('Ctrl Pts',(100.161913221572,-44.7483785808831,20.5043200208835));
#7280=CARTESIAN_POINT('Ctrl Pts',(100.161913221158,-44.7483785789784,20.5043200207341));
#7281=CARTESIAN_POINT('Ctrl Pts',(100.13785913752,-44.7933289971462,20.5194727059836));
#7282=CARTESIAN_POINT('Ctrl Pts',(100.113801080664,-44.8383046235103,20.5345442362484));
#7283=CARTESIAN_POINT('Ctrl Pts',(100.06485698785,-44.9298393309147,20.5650382703322));
#7284=CARTESIAN_POINT('Ctrl Pts',(100.039632584077,-44.9770325594778,20.5806659122705));
#7285=CARTESIAN_POINT('Ctrl Pts',(100.014646518658,-45.0237989686744,20.5960539619326));
#7286=CARTESIAN_POINT('Ctrl Pts',(100.011326512148,-45.0275318547668,20.5995795171805));
#7287=CARTESIAN_POINT('Ctrl Pts',(100.009423833176,-45.01667219329,20.6093605258365));
#7288=CARTESIAN_POINT('Ctrl Pts',(100.007520818849,-45.0058117485304,20.6191405908864));
#7289=CARTESIAN_POINT('Ctrl Pts',(99.9738409047053,-44.8136222698429,20.7921817499865));
#7290=CARTESIAN_POINT('Ctrl Pts',(99.9435229334573,-44.6404711239593,20.9475844766084));
#7291=CARTESIAN_POINT('Ctrl Pts',(99.9144744861391,-44.4744055022507,21.0961046592111));
#7292=CARTESIAN_POINT('Ctrl Pts',(100.066909820465,-44.9650361469273,20.5405549264886));
#7293=CARTESIAN_POINT('Ctrl Pts',(100.065000686788,-44.9541628899355,20.550319431681));
#7294=CARTESIAN_POINT('Ctrl Pts',(100.06309132954,-44.9432891107535,20.5600833078008));
#7295=CARTESIAN_POINT('Ctrl Pts',(100.029314024909,-44.750941058021,20.7327787569566));
#7296=CARTESIAN_POINT('Ctrl Pts',(99.9988992069634,-44.5776437969893,20.8878345675254));
#7297=CARTESIAN_POINT('Ctrl Pts',(99.9697472936128,-44.4114325960296,21.0359879267035));
#7298=CARTESIAN_POINT('Ctrl Pts',(100.122493128782,-44.9025404390878,20.4815303357967));
#7299=CARTESIAN_POINT('Ctrl Pts',(100.120577540399,-44.8916535865761,20.4912783375199));
#7300=CARTESIAN_POINT('Ctrl Pts',(100.11866184023,-44.8807664729716,20.5010260247096));
#7301=CARTESIAN_POINT('Ctrl Pts',(100.084787153364,-44.68825982235,20.6733757930116));
#7302=CARTESIAN_POINT('Ctrl Pts',(100.054275488924,-44.514816444753,20.8280846886025));
#7303=CARTESIAN_POINT('Ctrl Pts',(100.025020101086,-44.3484596898086,20.9758711941959));
#7304=CARTESIAN_POINT('Ctrl Pts',(100.178076437099,-44.8400447312483,20.4225057451048));
#7305=CARTESIAN_POINT('Ctrl Pts',(100.17615439401,-44.8291442832215,20.4322372433644));
#7306=CARTESIAN_POINT('Ctrl Pts',(100.174232350921,-44.8182438351947,20.441968741624));
#7307=CARTESIAN_POINT('Ctrl Pts',(100.140260273568,-44.6255786105281,20.6139727999817));
#7308=CARTESIAN_POINT('Ctrl Pts',(100.10965176243,-44.451989117783,20.7683347795195));
#7309=CARTESIAN_POINT('Ctrl Pts',(100.08029290856,-44.2854867835875,20.9157544616882));
#7310=CARTESIAN_POINT('',(99.9144744861392,-44.4744055022513,21.0961046592106));
#7311=CARTESIAN_POINT('',(100.010874588074,-45.024952490599,20.6019026509541));
#7312=CARTESIAN_POINT('Ctrl Pts',(99.9144744861392,-44.4744055022513,21.0961046592106));
#7313=CARTESIAN_POINT('Ctrl Pts',(99.9200825631491,-44.5064660383976,21.0674314357354));
#7314=CARTESIAN_POINT('Ctrl Pts',(99.9257380617963,-44.538791243573,21.0385011264949));
#7315=CARTESIAN_POINT('Ctrl Pts',(99.939389589044,-44.6168044108414,20.9686328775611));
#7316=CARTESIAN_POINT('Ctrl Pts',(99.9474314292127,-44.6627483054856,20.9274469039144));
#7317=CARTESIAN_POINT('Ctrl Pts',(99.9555713243782,-44.7092406886306,20.8857309459698));
#7318=CARTESIAN_POINT('Ctrl Pts',(99.9645459384777,-44.7605007096516,20.8397371565253));
#7319=CARTESIAN_POINT('Ctrl Pts',(99.9736397441901,-44.8124274506487,20.7930991396825));
#7320=CARTESIAN_POINT('Ctrl Pts',(99.9920757915357,-44.9176723701475,20.6984826699317));
#7321=CARTESIAN_POINT('Ctrl Pts',(100.001455657317,-44.9711942307744,20.6503199943252));
#7322=CARTESIAN_POINT('Ctrl Pts',(100.010874588074,-45.0249524905989,20.6019026509541));
#7323=CARTESIAN_POINT('Ctrl Pts',(100.010874588074,-45.0249524905989,20.6019026509541));
#7324=CARTESIAN_POINT('Ctrl Pts',(100.012131736155,-45.0245685382774,20.599952881044));
#7325=CARTESIAN_POINT('Ctrl Pts',(100.01338904635,-45.024184031234,20.5980033176585));
#7326=CARTESIAN_POINT('Ctrl Pts',(100.014646518658,-45.0237989686746,20.5960539619327));
#7327=CARTESIAN_POINT('',(100.083429928259,-44.3032777063714,20.9));
#7328=CARTESIAN_POINT('Ctrl Pts',(100.161913221217,-44.7483785788682,20.504320020697));
#7329=CARTESIAN_POINT('Ctrl Pts',(100.157697071742,-44.7244676070036,20.5256491125493));
#7330=CARTESIAN_POINT('Ctrl Pts',(100.153512699833,-44.7007368546704,20.5468065422008));
#7331=CARTESIAN_POINT('Ctrl Pts',(100.140047917846,-44.6243742813825,20.6148530663565));
#7332=CARTESIAN_POINT('Ctrl Pts',(100.13086895541,-44.5723177985958,20.6611854568691));
#7333=CARTESIAN_POINT('Ctrl Pts',(100.121807553334,-44.5209280337392,20.7068687170791));
#7334=CARTESIAN_POINT('Ctrl Pts',(100.113588942245,-44.4743179740892,20.7483030277698));
#7335=CARTESIAN_POINT('Ctrl Pts',(100.105467044194,-44.4282564013319,20.7892033207575));
#7336=CARTESIAN_POINT('Ctrl Pts',(100.09273711587,-44.3560613902638,20.8532342295682));
#7337=CARTESIAN_POINT('Ctrl Pts',(100.088067911287,-44.3295810151992,20.8767037939052));
#7338=CARTESIAN_POINT('Ctrl Pts',(100.083429928259,-44.3032777063714,20.9));
#7339=CARTESIAN_POINT('Ctrl Pts',(100.083429928259,-44.3032777063714,20.9));
#7340=CARTESIAN_POINT('Ctrl Pts',(100.055258439448,-44.3317672128278,20.9326906514731));
#7341=CARTESIAN_POINT('Ctrl Pts',(100.027094943632,-44.3602708488066,20.96537588495));
#7342=CARTESIAN_POINT('Ctrl Pts',(99.9707764999693,-44.4173135272349,21.0307440820645));
#7343=CARTESIAN_POINT('Ctrl Pts',(99.9426215448695,-44.4458525885103,21.0634270561108));
#7344=CARTESIAN_POINT('Ctrl Pts',(99.9144744861391,-44.4744055022507,21.0961046592111));
#7345=CARTESIAN_POINT('Origin',(99.4935803815304,-41.5339517440159,21.));
#7346=CARTESIAN_POINT('Ctrl Pts',(99.9100632478945,-44.4718205005232,21.1));
#7347=CARTESIAN_POINT('Ctrl Pts',(99.9122682459476,-44.4731129725472,21.0980529362285));
#7348=CARTESIAN_POINT('Ctrl Pts',(99.9144744861392,-44.4744055022513,21.0961046592106));
#7349=CARTESIAN_POINT('',(100.00000083277,-43.8301277939008,20.9));
#7350=CARTESIAN_POINT('',(99.5920611568316,-41.5165869262492,20.9));
#7351=CARTESIAN_POINT('',(100.00000083277,-43.8301277939008,20.9));
#7352=CARTESIAN_POINT('Origin',(99.1636044158,-42.9977671399698,21.));
#7353=CARTESIAN_POINT('',(99.0993256548313,-43.0743715842817,20.9));
#7354=CARTESIAN_POINT('Ctrl Pts',(101.026427536871,-44.4396469032617,20.5960539633617));
#7355=CARTESIAN_POINT('Ctrl Pts',(101.300516615501,-44.6685481774489,16.6463669922113));
#7356=CARTESIAN_POINT('Ctrl Pts',(101.596980435718,-44.9164126094915,12.3489408312457));
#7357=CARTESIAN_POINT('Ctrl Pts',(101.92292335806,-45.1891412435415,7.60124903781173));
#7358=CARTESIAN_POINT('Ctrl Pts',(100.920775131365,-44.4349123952617,20.5883966618021));
#7359=CARTESIAN_POINT('Ctrl Pts',(101.195453907067,-44.6646705774865,16.6388386544834));
#7360=CARTESIAN_POINT('Ctrl Pts',(101.492475053697,-44.9133021122478,12.3415256747178));
#7361=CARTESIAN_POINT('Ctrl Pts',(101.818945695059,-45.1867303355711,7.59393596051032));
#7362=CARTESIAN_POINT('Ctrl Pts',(100.815122725858,-44.4301778872617,20.5807393602424));
#7363=CARTESIAN_POINT('Ctrl Pts',(101.090391135546,-44.6607934148642,16.6313104477722));
#7364=CARTESIAN_POINT('Ctrl Pts',(101.38796432801,-44.9101875205769,12.334185428681));
#7365=CARTESIAN_POINT('Ctrl Pts',(101.714968032059,-45.1843194276008,7.58662288320891));
#7366=CARTESIAN_POINT('Ctrl Pts',(100.709470320351,-44.4254433792617,20.5730820586828));
#7367=CARTESIAN_POINT('Ctrl Pts',(100.985328427112,-44.6569158149017,16.6237821100444));
#7368=CARTESIAN_POINT('Ctrl Pts',(101.283458945988,-44.9070770233332,12.326770272153));
#7369=CARTESIAN_POINT('Ctrl Pts',(101.610990369058,-45.1819085196304,7.5793098059075));
#7370=CARTESIAN_POINT('Ctrl Pts',(100.714273136597,-44.4294734206017,20.5043200215051));
#7371=CARTESIAN_POINT('Ctrl Pts',(100.987031850527,-44.6583451568611,16.5990616111934));
#7372=CARTESIAN_POINT('Ctrl Pts',(101.281564884608,-44.9054877171281,12.3539158184078));
#7373=CARTESIAN_POINT('Ctrl Pts',(101.60474379908,-45.1766670250654,7.6698488385607));
#7374=CARTESIAN_POINT('Origin',(100.00000083277,-43.8301277939008,4.1));
#7375=CARTESIAN_POINT('',(100.00000083277,-43.8301277939008,4.1));
#7376=CARTESIAN_POINT('Origin',(97.5000013515819,-39.5000018761493,7.34904867452294));
#7377=CARTESIAN_POINT('',(98.4882262830049,-46.6383442173982,7.59809734904587));
#7378=CARTESIAN_POINT('Origin',(97.5000013515819,-39.5000018761493,7.59809734904587));
#7379=CARTESIAN_POINT('Ctrl Pts',(98.3279219073149,-46.1990352080726,7.09999999790784));
#7380=CARTESIAN_POINT('Ctrl Pts',(98.3773674761416,-46.3345043033344,7.2533407656741));
#7381=CARTESIAN_POINT('Ctrl Pts',(98.4283242013644,-46.4741488933506,7.41166144593024));
#7382=CARTESIAN_POINT('Ctrl Pts',(98.4833728314476,-46.6250409999042,7.58299076170668));
#7383=CARTESIAN_POINT('Ctrl Pts',(98.4857995955281,-46.6316927842232,7.59054399818732));
#7384=CARTESIAN_POINT('Ctrl Pts',(98.4882262830049,-46.6383442173982,7.59809734904585));
#7385=CARTESIAN_POINT('Origin',(97.5000013515819,-39.5000018761493,7.1));
#7386=CARTESIAN_POINT('',(98.0879968467434,-45.5401860620419,20.6019026509541));
#7387=CARTESIAN_POINT('Origin',(97.5000013515819,-39.5000018761493,20.6019026509541));
#7388=CARTESIAN_POINT('',(98.0841534990571,-45.5410730479509,20.5960539633616));
#7389=CARTESIAN_POINT('Ctrl Pts',(98.0841534990571,-45.5410730479509,20.5960539633616));
#7390=CARTESIAN_POINT('Ctrl Pts',(98.0854350329773,-45.5407777857849,20.5980033186191));
#7391=CARTESIAN_POINT('Ctrl Pts',(98.0867161487404,-45.5404821235861,20.5999528815285));
#7392=CARTESIAN_POINT('Ctrl Pts',(98.0879968467434,-45.5401860620419,20.6019026509541));
#7393=CARTESIAN_POINT('',(98.485794484453,-46.6384020972201,7.60124903781178));
#7394=CARTESIAN_POINT('Ctrl Pts',(98.485794484453,-46.6384020972201,7.60124903781178));
#7395=CARTESIAN_POINT('Ctrl Pts',(98.3398839055195,-46.2392405874438,12.3489422963546));
#7396=CARTESIAN_POINT('Ctrl Pts',(98.207070929013,-45.8763518021736,16.6463682114334));
#7397=CARTESIAN_POINT('Ctrl Pts',(98.0841534990571,-45.5410730479509,20.5960539633616));
#7398=CARTESIAN_POINT('Ctrl Pts',(98.4882262830049,-46.6383442173982,7.59809734904588));
#7399=CARTESIAN_POINT('Ctrl Pts',(98.4874157931296,-46.6383636248146,7.59914799183614));
#7400=CARTESIAN_POINT('Ctrl Pts',(98.486605193614,-46.6383829181195,7.60019855482112));
#7401=CARTESIAN_POINT('Ctrl Pts',(98.485794484453,-46.6384020972201,7.60124903781179));
#7402=CARTESIAN_POINT('Origin',(97.5000013515819,-39.5000018761493,20.8509513254771));
#7403=CARTESIAN_POINT('',(97.8962082913521,-45.015198337066,21.0961046601424));
#7404=CARTESIAN_POINT('Ctrl Pts',(97.8962082913521,-45.015198337066,21.0961046601424));
#7405=CARTESIAN_POINT('Ctrl Pts',(97.8974726862325,-45.0129758538925,21.0980529366949));
#7406=CARTESIAN_POINT('Ctrl Pts',(97.8987360342342,-45.0107540417415,21.1));
#7407=CARTESIAN_POINT('Ctrl Pts',(98.0879968467434,-45.5401860620419,20.6019026509541));
#7408=CARTESIAN_POINT('Ctrl Pts',(98.0692746061095,-45.4889201835527,20.6503203672567));
#7409=CARTESIAN_POINT('Ctrl Pts',(98.0506367524029,-45.4378786161684,20.6984833670083));
#7410=CARTESIAN_POINT('Ctrl Pts',(98.0139802418552,-45.3375154459194,20.7931001878585));
#7411=CARTESIAN_POINT('Ctrl Pts',(97.9958923148003,-45.2879986024696,20.8397382643552));
#7412=CARTESIAN_POINT('Ctrl Pts',(97.9780345661687,-45.2391188645705,20.8857320069145));
#7413=CARTESIAN_POINT('Ctrl Pts',(97.9618377339944,-45.1947853414706,20.9274479558095));
#7414=CARTESIAN_POINT('Ctrl Pts',(97.9458302623177,-45.1509759449084,20.9686338319017));
#7415=CARTESIAN_POINT('Ctrl Pts',(97.9186464027006,-45.0765892197711,21.0385016832375));
#7416=CARTESIAN_POINT('Ctrl Pts',(97.9073817063591,-45.0457672972501,21.0674317337887));
#7417=CARTESIAN_POINT('Ctrl Pts',(97.8962082913522,-45.015198337066,21.0961046601424));
#7418=CARTESIAN_POINT('Origin',(101.797881182185,-45.3387285319958,4.1));
#7419=CARTESIAN_POINT('Ctrl Pts',(98.4886386503747,-46.639474495085,7.5993808944951));
#7420=CARTESIAN_POINT('Ctrl Pts',(98.4860745138117,-46.6324463374921,7.59139967492298));
#7421=CARTESIAN_POINT('Ctrl Pts',(98.4835103338925,-46.6254179036261,7.58341871422371));
#7422=CARTESIAN_POINT('Ctrl Pts',(98.425546795049,-46.4665358303362,7.40301725037213));
#7423=CARTESIAN_POINT('Ctrl Pts',(98.3719929980808,-46.319775880532,7.23664324526229));
#7424=CARTESIAN_POINT('Ctrl Pts',(98.305265234688,-46.1369627333965,7.02974883066258));
#7425=CARTESIAN_POINT('Ctrl Pts',(98.2904283282394,-46.0963072461881,6.98376151233802));
#7426=CARTESIAN_POINT('Ctrl Pts',(98.2755898984881,-46.0556396555147,6.93778546092988));
#7427=CARTESIAN_POINT('Ctrl Pts',(98.4075302145474,-46.6088924138595,7.65265562837364));
#7428=CARTESIAN_POINT('Ctrl Pts',(98.4049650254573,-46.6018557812343,7.64468226053849));
#7429=CARTESIAN_POINT('Ctrl Pts',(98.4023998074632,-46.5948189644269,7.63670906528542));
#7430=CARTESIAN_POINT('Ctrl Pts',(98.3444249978635,-46.4357821080076,7.45651795969999));
#7431=CARTESIAN_POINT('Ctrl Pts',(98.2908624735259,-46.2888722138227,7.29035449659308));
#7432=CARTESIAN_POINT('Ctrl Pts',(98.2241220012689,-46.1058508608352,7.08373003909153));
#7433=CARTESIAN_POINT('Ctrl Pts',(98.2092797457266,-46.065144484362,7.03778975073927));
#7434=CARTESIAN_POINT('Ctrl Pts',(98.1944364745436,-46.0244300386262,6.99185697395325));
#7435=CARTESIAN_POINT('Ctrl Pts',(98.32642177872,-46.578310332634,7.70593036225217));
#7436=CARTESIAN_POINT('Ctrl Pts',(98.3238555371027,-46.571265224976,7.69796484615452));
#7437=CARTESIAN_POINT('Ctrl Pts',(98.3212892810336,-46.5642200252272,7.68999941634764));
#7438=CARTESIAN_POINT('Ctrl Pts',(98.2633031965225,-46.4050283843716,7.51001866127409));
#7439=CARTESIAN_POINT('Ctrl Pts',(98.2097319446662,-46.2579685456951,7.34406573994131));
#7440=CARTESIAN_POINT('Ctrl Pts',(98.1429787675549,-46.0747389874395,7.13771124835879));
#7441=CARTESIAN_POINT('Ctrl Pts',(98.128131162908,-46.0339817216898,7.09181798999261));
#7442=CARTESIAN_POINT('Ctrl Pts',(98.1132830505991,-45.9932204217376,7.04592848697662));
#7443=CARTESIAN_POINT('Ctrl Pts',(98.2453133428926,-46.5477282514085,7.75920509613071));
#7444=CARTESIAN_POINT('Ctrl Pts',(98.2427460487484,-46.5406746687182,7.75124743177003));
#7445=CARTESIAN_POINT('Ctrl Pts',(98.2401787546042,-46.5336210860279,7.74328976740935));
#7446=CARTESIAN_POINT('Ctrl Pts',(98.1821813993369,-46.374274662043,7.56351937060195));
#7447=CARTESIAN_POINT('Ctrl Pts',(98.1286014201113,-46.2270648789858,7.39777699127211));
#7448=CARTESIAN_POINT('Ctrl Pts',(98.0618355341358,-46.0436271148782,7.19169245678774));
#7449=CARTESIAN_POINT('Ctrl Pts',(98.0469825803952,-46.0028189598637,7.14584622839387));
#7450=CARTESIAN_POINT('Ctrl Pts',(98.0321296266546,-45.9620108048491,7.1));
#7451=CARTESIAN_POINT('',(98.2164800136103,-46.4685093302777,7.66984883881382));
#7452=CARTESIAN_POINT('Ctrl Pts',(98.2164800158892,-46.4685093365389,7.66984883252568));
#7453=CARTESIAN_POINT('Ctrl Pts',(98.1685327084508,-46.3367751920281,7.52130465822418));
#7454=CARTESIAN_POINT('Ctrl Pts',(98.1219756999725,-46.2088608625167,7.37732555218028));
#7455=CARTESIAN_POINT('Ctrl Pts',(98.0618355341358,-46.0436271148782,7.19169245678774));
#7456=CARTESIAN_POINT('Ctrl Pts',(98.0469825803952,-46.0028189598637,7.14584622839387));
#7457=CARTESIAN_POINT('Ctrl Pts',(98.0321296266546,-45.9620108048491,7.1));
#7458=CARTESIAN_POINT('Ctrl Pts',(98.485794484453,-46.6384020972201,7.60124903781179));
#7459=CARTESIAN_POINT('Ctrl Pts',(98.4410445033822,-46.6101859991831,7.6125560131517));
#7460=CARTESIAN_POINT('Ctrl Pts',(98.39593029778,-46.5817333622911,7.62400128672854));
#7461=CARTESIAN_POINT('Ctrl Pts',(98.3511393300167,-46.5534777071878,7.63541039709921));
#7462=CARTESIAN_POINT('Ctrl Pts',(98.3062419945248,-46.5251549517291,7.64684660135096));
#7463=CARTESIAN_POINT('Ctrl Pts',(98.2613551918778,-46.4968319337338,7.65832630333584));
#7464=CARTESIAN_POINT('Ctrl Pts',(98.2164799965232,-46.4685092833312,7.66984936205531));
#7465=CARTESIAN_POINT('Ctrl Pts',(97.8962082913522,-45.015198337066,21.0961046601424));
#7466=CARTESIAN_POINT('Ctrl Pts',(97.9540839512075,-45.1735383558201,20.9475856503617));
#7467=CARTESIAN_POINT('Ctrl Pts',(98.0144033491302,-45.3386505171318,20.7921830388923));
#7468=CARTESIAN_POINT('Ctrl Pts',(98.0813309259117,-45.5219328108796,20.6191405888323));
#7469=CARTESIAN_POINT('Ctrl Pts',(98.0851130890162,-45.5322897376746,20.6093605250474));
#7470=CARTESIAN_POINT('Ctrl Pts',(98.0888951509059,-45.5426458184493,20.5995795176567));
#7471=CARTESIAN_POINT('Ctrl Pts',(97.8168541827699,-44.9882986050011,21.0359879290969));
#7472=CARTESIAN_POINT('Ctrl Pts',(97.8747130281846,-45.1468164306861,20.8878357397939));
#7473=CARTESIAN_POINT('Ctrl Pts',(97.9350216119106,-45.3121035548163,20.7327800446211));
#7474=CARTESIAN_POINT('Ctrl Pts',(98.0019441330443,-45.4955718743025,20.5600833070584));
#7475=CARTESIAN_POINT('Ctrl Pts',(98.0057274702299,-45.5059435205024,20.5503194321994));
#7476=CARTESIAN_POINT('Ctrl Pts',(98.0095107399384,-45.5163146026873,20.540554928268));
#7477=CARTESIAN_POINT('Ctrl Pts',(97.7375000741876,-44.9613988729362,20.9758711980514));
#7478=CARTESIAN_POINT('Ctrl Pts',(97.7953420852143,-45.1200944879008,20.8280858593713));
#7479=CARTESIAN_POINT('Ctrl Pts',(97.8556398556276,-45.2855565759751,20.6733770794208));
#7480=CARTESIAN_POINT('Ctrl Pts',(97.9225573401754,-45.4692109377206,20.5010260252789));
#7481=CARTESIAN_POINT('Ctrl Pts',(97.926341851442,-45.4795973033255,20.4912783393458));
#7482=CARTESIAN_POINT('Ctrl Pts',(97.9301263289709,-45.4899833869253,20.4815303388793));
#7483=CARTESIAN_POINT('Ctrl Pts',(97.6581459656053,-44.9344991408713,20.9157544670058));
#7484=CARTESIAN_POINT('Ctrl Pts',(97.7159711621913,-45.0933725627668,20.7683359488035));
#7485=CARTESIAN_POINT('Ctrl Pts',(97.776258118408,-45.2590096136597,20.6139740851497));
#7486=CARTESIAN_POINT('Ctrl Pts',(97.843170547308,-45.4428500011434,20.441968743505));
#7487=CARTESIAN_POINT('Ctrl Pts',(97.8469562326557,-45.4532510861533,20.4322372464978));
#7488=CARTESIAN_POINT('Ctrl Pts',(97.8507419180034,-45.4636521711633,20.4225057494906));
#7489=CARTESIAN_POINT('',(97.6643246902604,-44.9514750473421,20.9));
#7490=CARTESIAN_POINT('Ctrl Pts',(97.8962082913521,-45.015198337066,21.0961046601424));
#7491=CARTESIAN_POINT('Ctrl Pts',(97.8575572180912,-45.0045447190678,21.0634282837683));
#7492=CARTESIAN_POINT('Ctrl Pts',(97.8189062520276,-44.9939070500006,21.0307465532713));
#7493=CARTESIAN_POINT('Ctrl Pts',(97.7416117169171,-44.9726658651193,20.9653783620984));
#7494=CARTESIAN_POINT('Ctrl Pts',(97.7029681322687,-44.9620623391025,20.9326918902517));
#7495=CARTESIAN_POINT('Ctrl Pts',(97.6643246902604,-44.9514750473421,20.9));
#7496=CARTESIAN_POINT('',(97.8189065991463,-45.3761853514624,20.5043200213185));
#7497=CARTESIAN_POINT('Ctrl Pts',(97.6643246902604,-44.9514750473421,20.9));
#7498=CARTESIAN_POINT('Ctrl Pts',(97.6734596224542,-44.9765730672728,20.8767040769515));
#7499=CARTESIAN_POINT('Ctrl Pts',(97.6826560589861,-45.0018400689837,20.8532347708701));
#7500=CARTESIAN_POINT('Ctrl Pts',(97.7077289625207,-45.0707273052853,20.7892042726512));
#7501=CARTESIAN_POINT('Ctrl Pts',(97.7237259411053,-45.1146786427259,20.7483040766462));
#7502=CARTESIAN_POINT('Ctrl Pts',(97.7399134415345,-45.1591534346324,20.706869775031));
#7503=CARTESIAN_POINT('Ctrl Pts',(97.7577609014902,-45.2081889278553,20.6611865614858));
#7504=CARTESIAN_POINT('Ctrl Pts',(97.775839951527,-45.2578607095967,20.6148541118334));
#7505=CARTESIAN_POINT('Ctrl Pts',(97.8023605660184,-45.3307254990619,20.5468071489546));
#7506=CARTESIAN_POINT('Ctrl Pts',(97.8106022815142,-45.3533694262843,20.5256494325152));
#7507=CARTESIAN_POINT('Ctrl Pts',(97.8189065991463,-45.3761853514624,20.5043200213185));
#7508=CARTESIAN_POINT('Ctrl Pts',(97.8189065992525,-45.3761853515283,20.5043200213557));
#7509=CARTESIAN_POINT('Ctrl Pts',(97.8639682127973,-45.4041766541697,20.5200867534627));
#7510=CARTESIAN_POINT('Ctrl Pts',(97.90904719841,-45.4321894422493,20.5357656199647));
#7511=CARTESIAN_POINT('Ctrl Pts',(97.9971913656868,-45.4869841506056,20.5662421062004));
#7512=CARTESIAN_POINT('Ctrl Pts',(98.0408659739642,-45.5141440513794,20.5812586639943));
#7513=CARTESIAN_POINT('Ctrl Pts',(98.0841534990568,-45.5410730479508,20.5960539633615));
#7514=CARTESIAN_POINT('Ctrl Pts',(96.7244130008175,-46.0556396754213,6.93778545735498));
#7515=CARTESIAN_POINT('Ctrl Pts',(96.7095745708904,-46.0963072665558,6.98376150896083));
#7516=CARTESIAN_POINT('Ctrl Pts',(96.6947376642659,-46.1369627542218,7.02974882748622));
#7517=CARTESIAN_POINT('Ctrl Pts',(96.6280099003153,-46.3197759027641,7.23664324228145));
#7518=CARTESIAN_POINT('Ctrl Pts',(96.5744561029602,-46.4665358535403,7.40301724744612));
#7519=CARTESIAN_POINT('Ctrl Pts',(96.5164925633683,-46.6254179287945,7.58341871246958));
#7520=CARTESIAN_POINT('Ctrl Pts',(96.513928383108,-46.6324463635917,7.5913996741796));
#7521=CARTESIAN_POINT('Ctrl Pts',(96.5113642462038,-46.6394745221155,7.5993808947626));
#7522=CARTESIAN_POINT('Ctrl Pts',(96.8055664248005,-46.0244300576718,6.99185697156999));
#7523=CARTESIAN_POINT('Ctrl Pts',(96.7907231534426,-46.0651445038736,7.0377897485493));
#7524=CARTESIAN_POINT('Ctrl Pts',(96.7758808977253,-46.1058508808105,7.08373003709694));
#7525=CARTESIAN_POINT('Ctrl Pts',(96.709140424918,-46.2888722352261,7.29035449475516));
#7526=CARTESIAN_POINT('Ctrl Pts',(96.6555779001994,-46.4357821303972,7.45651795788598));
#7527=CARTESIAN_POINT('Ctrl Pts',(96.5976030898566,-46.5948189887971,7.63670906461174));
#7528=CARTESIAN_POINT('Ctrl Pts',(96.5950378715212,-46.6018558065378,7.6446822608736));
#7529=CARTESIAN_POINT('Ctrl Pts',(96.59247268209,-46.6088924400962,7.65265562971763));
#7530=CARTESIAN_POINT('Ctrl Pts',(96.8867198487835,-45.9932204399223,7.04592848578499));
#7531=CARTESIAN_POINT('Ctrl Pts',(96.8718717363005,-46.0339817403454,7.09181798898987));
#7532=CARTESIAN_POINT('Ctrl Pts',(96.8570241314796,-46.0747390065647,7.13771124754599));
#7533=CARTESIAN_POINT('Ctrl Pts',(96.7902709538255,-46.2579685662698,7.34406573924632));
#7534=CARTESIAN_POINT('Ctrl Pts',(96.736699701594,-46.4050284059467,7.51001866057209));
#7535=CARTESIAN_POINT('Ctrl Pts',(96.678713616345,-46.5642200487991,7.68999941675441));
#7536=CARTESIAN_POINT('Ctrl Pts',(96.6761473599346,-46.5712652494834,7.69796484756813));
#7537=CARTESIAN_POINT('Ctrl Pts',(96.6735811179762,-46.5783103580768,7.70593036467266));
#7538=CARTESIAN_POINT('Ctrl Pts',(96.9678732727665,-45.9620108221729,7.1));
#7539=CARTESIAN_POINT('Ctrl Pts',(96.9530203188528,-46.0028189776632,7.14584622857835));
#7540=CARTESIAN_POINT('Ctrl Pts',(96.938167364939,-46.0436271331535,7.19169245715671));
#7541=CARTESIAN_POINT('Ctrl Pts',(96.8714014784281,-46.2270648987318,7.39777699172003));
#7542=CARTESIAN_POINT('Ctrl Pts',(96.8178214988333,-46.3742746828036,7.56351937101195));
#7543=CARTESIAN_POINT('Ctrl Pts',(96.7598241428332,-46.5336211088017,7.74328976889658));
#7544=CARTESIAN_POINT('Ctrl Pts',(96.7572568483478,-46.5406746924296,7.75124743426214));
#7545=CARTESIAN_POINT('Ctrl Pts',(96.7546895538623,-46.5477282760574,7.7592050996277));
#7546=CARTESIAN_POINT('',(96.7835228843531,-46.4685093516064,7.66984883916255));
#7547=CARTESIAN_POINT('Ctrl Pts',(96.9678732727665,-45.9620108221729,7.1));
#7548=CARTESIAN_POINT('Ctrl Pts',(96.9530203188528,-46.0028189776632,7.14584622857835));
#7549=CARTESIAN_POINT('Ctrl Pts',(96.938167364939,-46.0436271331535,7.19169245715671));
#7550=CARTESIAN_POINT('Ctrl Pts',(96.8780271986247,-46.208860882104,7.37732555260614));
#7551=CARTESIAN_POINT('Ctrl Pts',(96.831470189837,-46.3367752124658,7.52130465857266));
#7552=CARTESIAN_POINT('Ctrl Pts',(96.7835228820742,-46.4685093578676,7.6698488328744));
#7553=CARTESIAN_POINT('Ctrl Pts',(96.7835229014403,-46.4685093046598,7.66984936240463));
#7554=CARTESIAN_POINT('Ctrl Pts',(96.7386451904478,-46.4968335436206,7.65832565780106));
#7555=CARTESIAN_POINT('Ctrl Pts',(96.6937558708374,-46.5251581502295,7.64684531480159));
#7556=CARTESIAN_POINT('Ctrl Pts',(96.6488560172119,-46.5534824942679,7.63540847440288));
#7557=CARTESIAN_POINT('Ctrl Pts',(96.6040675850794,-46.5817365498657,7.62400001516199));
#7558=CARTESIAN_POINT('Ctrl Pts',(96.5589559041876,-46.6101875949278,7.61255538472649));
#7559=CARTESIAN_POINT('Ctrl Pts',(96.5142084128262,-46.6384021239594,7.60124903857584));
#7560=CARTESIAN_POINT('Ctrl Pts',(96.5142084128262,-46.6384021239594,7.60124903857583));
#7561=CARTESIAN_POINT('Ctrl Pts',(96.6601189929738,-46.2392406112699,12.3489423040499));
#7562=CARTESIAN_POINT('Ctrl Pts',(96.792931970534,-45.876351823597,16.6463682173908));
#7563=CARTESIAN_POINT('Ctrl Pts',(96.9158494015109,-45.5410730671649,20.5960539619327));
#7564=CARTESIAN_POINT('Ctrl Pts',(96.6030502566454,-46.5843253831298,7.59393596106837));
#7565=CARTESIAN_POINT('Ctrl Pts',(96.7490680602582,-46.184294148467,12.3415271472683));
#7566=CARTESIAN_POINT('Ctrl Pts',(96.8819801452668,-45.8204623669731,16.6388398793824));
#7567=CARTESIAN_POINT('Ctrl Pts',(97.0049798148208,-45.484146658061,20.5883966601102));
#7568=CARTESIAN_POINT('Ctrl Pts',(96.6918921004647,-46.5302486423001,7.5866228835609));
#7569=CARTESIAN_POINT('Ctrl Pts',(96.8380197080786,-46.1293414679461,12.3341869010199));
#7570=CARTESIAN_POINT('Ctrl Pts',(96.9710285933032,-45.764573257549,16.6313116723898));
#7571=CARTESIAN_POINT('Ctrl Pts',(97.0941102281307,-45.4272202489571,20.5807393582878));
#7572=CARTESIAN_POINT('Ctrl Pts',(96.780733944284,-46.4761719014705,7.57930980605343));
#7573=CARTESIAN_POINT('Ctrl Pts',(96.926968775363,-46.0743950051432,12.3267717442383));
#7574=CARTESIAN_POINT('Ctrl Pts',(97.060076768036,-45.7086838009251,16.6237833343814));
#7575=CARTESIAN_POINT('Ctrl Pts',(97.1832406414407,-45.3702938398532,20.5730820564653));
#7576=CARTESIAN_POINT('',(97.1810963019616,-45.3761853641518,20.504320020697));
#7577=CARTESIAN_POINT('Ctrl Pts',(96.7835228853141,-46.468509348966,7.66984883890948));
#7578=CARTESIAN_POINT('Ctrl Pts',(96.9278144264279,-46.0720715979376,12.3539172543114));
#7579=CARTESIAN_POINT('Ctrl Pts',(97.0593162302194,-45.710773361403,16.5990628086854));
#7580=CARTESIAN_POINT('Ctrl Pts',(97.1810963012618,-45.3761853660744,20.5043200208835));
#7581=CARTESIAN_POINT('Ctrl Pts',(97.1810963018554,-45.3761853642177,20.5043200207342));
#7582=CARTESIAN_POINT('Ctrl Pts',(97.1378072790164,-45.403075572743,20.5194665360657));
#7583=CARTESIAN_POINT('Ctrl Pts',(97.0945022242388,-45.4299856094385,20.5345319624883));
#7584=CARTESIAN_POINT('Ctrl Pts',(97.0063479335055,-45.4847849968248,20.5650261759556));
#7585=CARTESIAN_POINT('Ctrl Pts',(96.9608885948101,-45.51305436374,20.5806599578194));
#7586=CARTESIAN_POINT('Ctrl Pts',(96.9158494015111,-45.5410730671647,20.5960539619326));
#7587=CARTESIAN_POINT('Ctrl Pts',(96.9111077484864,-45.5426458380952,20.5995795171805));
#7588=CARTESIAN_POINT('Ctrl Pts',(96.9148898109002,-45.532289755894,20.6093605258365));
#7589=CARTESIAN_POINT('Ctrl Pts',(96.9186719745287,-45.5219328276721,20.6191405908864));
#7590=CARTESIAN_POINT('Ctrl Pts',(96.9855995518709,-45.3386505325279,20.7921830407915));
#7591=CARTESIAN_POINT('Ctrl Pts',(97.0459189498648,-45.1735383711633,20.9475856508593));
#7592=CARTESIAN_POINT('Ctrl Pts',(97.1037946098145,-45.0151983523046,21.0961046592153));
#7593=CARTESIAN_POINT('Ctrl Pts',(96.9904921594351,-45.5163146216372,20.5405549264886));
#7594=CARTESIAN_POINT('Ctrl Pts',(96.9942754296675,-45.5059435380219,20.550319431681));
#7595=CARTESIAN_POINT('Ctrl Pts',(96.9980587673769,-45.4955718903912,20.5600833078008));
#7596=CARTESIAN_POINT('Ctrl Pts',(97.064981289059,-45.3121035694946,20.7327800451586));
#7597=CARTESIAN_POINT('Ctrl Pts',(97.1252898728424,-45.1468164453018,20.887835738881));
#7598=CARTESIAN_POINT('Ctrl Pts',(97.1831487183357,-44.9882986195039,21.0359879267077));
#7599=CARTESIAN_POINT('Ctrl Pts',(97.0698765703838,-45.4899834051793,20.4815303357967));
#7600=CARTESIAN_POINT('Ctrl Pts',(97.0736610484363,-45.4795973201451,20.4912783375199));
#7601=CARTESIAN_POINT('Ctrl Pts',(97.0774455602267,-45.4692109531056,20.5010260247095));
#7602=CARTESIAN_POINT('Ctrl Pts',(97.1443630453105,-45.2855565899354,20.6733770785964));
#7603=CARTESIAN_POINT('Ctrl Pts',(97.2046608157674,-45.1200945017889,20.8280858570478));
#7604=CARTESIAN_POINT('Ctrl Pts',(97.2625028268569,-44.9613988867032,20.9758711942001));
#7605=CARTESIAN_POINT('Ctrl Pts',(97.1492609813325,-45.4636521887213,20.4225057451047));
#7606=CARTESIAN_POINT('Ctrl Pts',(97.1530466672037,-45.453251102273,20.4322372433644));
#7607=CARTESIAN_POINT('Ctrl Pts',(97.1568323530749,-45.4428500158247,20.441968741624));
#7608=CARTESIAN_POINT('Ctrl Pts',(97.2237447824986,-45.2590096269021,20.6139740829634));
#7609=CARTESIAN_POINT('Ctrl Pts',(97.2840317387451,-45.0933725759274,20.7683359450695));
#7610=CARTESIAN_POINT('Ctrl Pts',(97.3418569353782,-44.9344991539024,20.9157544616924));
#7611=CARTESIAN_POINT('',(97.3356782127357,-44.9514750548438,20.9));
#7612=CARTESIAN_POINT('Ctrl Pts',(97.1810963019615,-45.3761853641518,20.504320020697));
#7613=CARTESIAN_POINT('Ctrl Pts',(97.1894006194755,-45.3533694392983,20.5256494313811));
#7614=CARTESIAN_POINT('Ctrl Pts',(97.1976423348535,-45.3307255123995,20.5468071473084));
#7615=CARTESIAN_POINT('Ctrl Pts',(97.224162949632,-45.2578607221457,20.6148541102412));
#7616=CARTESIAN_POINT('Ctrl Pts',(97.2422420000628,-45.2081889393217,20.6611865604249));
#7617=CARTESIAN_POINT('Ctrl Pts',(97.2600894604047,-45.1591534450378,20.7068697744725));
#7618=CARTESIAN_POINT('Ctrl Pts',(97.2762769610017,-45.1146786526701,20.7483040760765));
#7619=CARTESIAN_POINT('Ctrl Pts',(97.292273939752,-45.0707273147742,20.7892042720586));
#7620=CARTESIAN_POINT('Ctrl Pts',(97.3173468436387,-45.0018400775053,20.8532347704595));
#7621=CARTESIAN_POINT('Ctrl Pts',(97.3265432803572,-44.9765730752817,20.8767040767499));
#7622=CARTESIAN_POINT('Ctrl Pts',(97.3356782127357,-44.9514750548438,20.9));
#7623=CARTESIAN_POINT('Ctrl Pts',(97.3356782127357,-44.9514750548438,20.9));
#7624=CARTESIAN_POINT('Ctrl Pts',(97.297035582628,-44.9620621253768,20.9326912029789));
#7625=CARTESIAN_POINT('Ctrl Pts',(97.2583928098894,-44.9726654294797,20.965376987779));
#7626=CARTESIAN_POINT('Ctrl Pts',(97.1810982742101,-44.9939066155788,21.0307451790699));
#7627=CARTESIAN_POINT('Ctrl Pts',(97.1424464956516,-45.004544509132,21.0634275962835));
#7628=CARTESIAN_POINT('Ctrl Pts',(97.1037946098144,-45.0151983523046,21.0961046592153));
#7629=CARTESIAN_POINT('Origin',(98.209516502036,-42.25824364672,21.));
#7630=CARTESIAN_POINT('',(97.5000014528632,-44.5000006631017,20.9));
#7631=CARTESIAN_POINT('',(98.3034857641146,-42.2924456610526,20.9));
#7632=CARTESIAN_POINT('',(97.5000014528632,-44.5000006631017,20.9));
#7633=CARTESIAN_POINT('Origin',(97.1918412350982,-43.3609569832017,21.));
#7634=CARTESIAN_POINT('',(97.0978719730196,-43.3951589975343,20.9));
#7635=CARTESIAN_POINT('Ctrl Pts',(98.0841534990571,-45.5410730479509,20.5960539633616));
#7636=CARTESIAN_POINT('Ctrl Pts',(98.207070929013,-45.8763518021736,16.6463682114334));
#7637=CARTESIAN_POINT('Ctrl Pts',(98.3398839055195,-46.2392405874438,12.3489422963546));
#7638=CARTESIAN_POINT('Ctrl Pts',(98.485794484453,-46.6384020972201,7.60124903781178));
#7639=CARTESIAN_POINT('Ctrl Pts',(97.9950230859174,-45.4841466409951,20.588396661802));
#7640=CARTESIAN_POINT('Ctrl Pts',(98.1180227544742,-45.8204623475647,16.638839873666));
#7641=CARTESIAN_POINT('Ctrl Pts',(98.2509348384446,-46.1842941265345,12.3415271397954));
#7642=CARTESIAN_POINT('Ctrl Pts',(98.3969526408536,-46.5843253581713,7.59393596051038));
#7643=CARTESIAN_POINT('Ctrl Pts',(97.9058926727777,-45.4272202340394,20.5807393602424));
#7644=CARTESIAN_POINT('Ctrl Pts',(98.0289743066319,-45.7645732401556,16.6313116669143));
#7645=CARTESIAN_POINT('Ctrl Pts',(98.1619831908346,-46.1293414479088,12.3341868937496));
#7646=CARTESIAN_POINT('Ctrl Pts',(98.3081107972541,-46.5302486191225,7.58662288320897));
#7647=CARTESIAN_POINT('Ctrl Pts',(97.816762259638,-45.3702938270836,20.5730820586828));
#7648=CARTESIAN_POINT('Ctrl Pts',(97.9399261320931,-45.7086837855467,16.6237833291469));
#7649=CARTESIAN_POINT('Ctrl Pts',(98.0730341237597,-46.0743949869995,12.3267717371905));
#7650=CARTESIAN_POINT('Ctrl Pts',(98.2192689536546,-46.4761718800737,7.57930980590757));
#7651=CARTESIAN_POINT('Ctrl Pts',(97.8189065998461,-45.376185353385,20.504320021505));
#7652=CARTESIAN_POINT('Ctrl Pts',(97.9406866699377,-45.7107733461013,16.5990628023941));
#7653=CARTESIAN_POINT('Ctrl Pts',(98.0721884727202,-46.0720715798637,12.3539172466963));
#7654=CARTESIAN_POINT('Ctrl Pts',(98.2164800126493,-46.4685093276373,7.66984883856076));
#7655=CARTESIAN_POINT('Origin',(97.5000014528632,-44.5000006631017,4.1));
#7656=CARTESIAN_POINT('',(97.5000014528632,-44.5000006631017,4.1));
#7657=CARTESIAN_POINT('Origin',(98.302711139374,-46.7054274011675,4.1));
#7658=UNCERTAINTY_MEASURE_WITH_UNIT(LENGTH_MEASURE(0.01),#7662,
'DISTANCE_ACCURACY_VALUE',
'Maximum model space distance between geometric entities at asserted c
onnectivities');
#7659=UNCERTAINTY_MEASURE_WITH_UNIT(LENGTH_MEASURE(0.01),#7662,
'DISTANCE_ACCURACY_VALUE',
'Maximum model space distance between geometric entities at asserted c
onnectivities');
#7660=(
GEOMETRIC_REPRESENTATION_CONTEXT(3)
GLOBAL_UNCERTAINTY_ASSIGNED_CONTEXT((#7658))
GLOBAL_UNIT_ASSIGNED_CONTEXT((#7662,#7663,#7664))
REPRESENTATION_CONTEXT('','3D')
);
#7661=(
GEOMETRIC_REPRESENTATION_CONTEXT(3)
GLOBAL_UNCERTAINTY_ASSIGNED_CONTEXT((#7659))
GLOBAL_UNIT_ASSIGNED_CONTEXT((#7662,#7663,#7664))
REPRESENTATION_CONTEXT('','3D')
);
#7662=(
LENGTH_UNIT()
NAMED_UNIT(*)
SI_UNIT(.MILLI.,.METRE.)
);
#7663=(
NAMED_UNIT(*)
PLANE_ANGLE_UNIT()
SI_UNIT($,.RADIAN.)
);
#7664=(
NAMED_UNIT(*)
SI_UNIT($,.STERADIAN.)
SOLID_ANGLE_UNIT()
);
#7665=SHAPE_DEFINITION_REPRESENTATION(#7666,#7667);
#7666=PRODUCT_DEFINITION_SHAPE('',$,#7669);
#7667=SHAPE_REPRESENTATION('',(#2958),#7660);
#7668=PRODUCT_DEFINITION_CONTEXT('part definition',#7673,'design');
#7669=PRODUCT_DEFINITION('Low Profile Numpad V1',
'Low Profile Numpad V1 v19',#7670,#7668);
#7670=PRODUCT_DEFINITION_FORMATION('',$,#7675);
#7671=PRODUCT_RELATED_PRODUCT_CATEGORY('Low Profile Numpad V1 v19',
'Low Profile Numpad V1 v19',(#7675));
#7672=APPLICATION_PROTOCOL_DEFINITION('international standard',
'ap242_managed_model_based_3d_engineering',2011,#7673);
#7673=APPLICATION_CONTEXT('Managed model based 3d engineering');
#7674=PRODUCT_CONTEXT('part definition',#7673,'mechanical');
#7675=PRODUCT('Low Profile Numpad V1','Low Profile Numpad V1 v19',$,(#7674));
#7676=PRESENTATION_STYLE_ASSIGNMENT((#7683));
#7677=PRESENTATION_STYLE_ASSIGNMENT((#7684));
#7678=PRESENTATION_STYLE_ASSIGNMENT((#7685));
#7679=PRESENTATION_STYLE_ASSIGNMENT((#7686));
#7680=PRESENTATION_STYLE_ASSIGNMENT((#7687));
#7681=PRESENTATION_STYLE_ASSIGNMENT((#7688));
#7682=PRESENTATION_STYLE_ASSIGNMENT((#7689));
#7683=SURFACE_STYLE_USAGE(.BOTH.,#7690);
#7684=SURFACE_STYLE_USAGE(.BOTH.,#7691);
#7685=SURFACE_STYLE_USAGE(.BOTH.,#7692);
#7686=SURFACE_STYLE_USAGE(.BOTH.,#7693);
#7687=SURFACE_STYLE_USAGE(.BOTH.,#7694);
#7688=SURFACE_STYLE_USAGE(.BOTH.,#7695);
#7689=SURFACE_STYLE_USAGE(.BOTH.,#7696);
#7690=SURFACE_SIDE_STYLE('',(#7697));
#7691=SURFACE_SIDE_STYLE('',(#7698));
#7692=SURFACE_SIDE_STYLE('',(#7699));
#7693=SURFACE_SIDE_STYLE('',(#7700));
#7694=SURFACE_SIDE_STYLE('',(#7701));
#7695=SURFACE_SIDE_STYLE('',(#7702));
#7696=SURFACE_SIDE_STYLE('',(#7703));
#7697=SURFACE_STYLE_FILL_AREA(#7704);
#7698=SURFACE_STYLE_FILL_AREA(#7705);
#7699=SURFACE_STYLE_FILL_AREA(#7706);
#7700=SURFACE_STYLE_FILL_AREA(#7707);
#7701=SURFACE_STYLE_FILL_AREA(#7708);
#7702=SURFACE_STYLE_FILL_AREA(#7709);
#7703=SURFACE_STYLE_FILL_AREA(#7710);
#7704=FILL_AREA_STYLE('Stainless Steel - Satin',(#7711));
#7705=FILL_AREA_STYLE('Steel - Satin',(#7712));
#7706=FILL_AREA_STYLE('Opaque(10,10,10)',(#7713));
#7707=FILL_AREA_STYLE('Black',(#7714));
#7708=FILL_AREA_STYLE('Opaque(44,44,44)',(#7715));
#7709=FILL_AREA_STYLE('Paint - Metallic (Blue)',(#7716));
#7710=FILL_AREA_STYLE('Plastic - Glossy (Black)',(#7717));
#7711=FILL_AREA_STYLE_COLOUR('Stainless Steel - Satin',#7718);
#7712=FILL_AREA_STYLE_COLOUR('Steel - Satin',#7719);
#7713=FILL_AREA_STYLE_COLOUR('Opaque(10,10,10)',#7720);
#7714=FILL_AREA_STYLE_COLOUR('Black',#7721);
#7715=FILL_AREA_STYLE_COLOUR('Opaque(44,44,44)',#7722);
#7716=FILL_AREA_STYLE_COLOUR('Paint - Metallic (Blue)',#7723);
#7717=FILL_AREA_STYLE_COLOUR('Plastic - Glossy (Black)',#7724);
#7718=COLOUR_RGB('Stainless Steel - Satin',0.796078431372549,0.796078431372549,
0.796078431372549);
#7719=COLOUR_RGB('Steel - Satin',0.627450980392157,0.627450980392157,0.627450980392157);
#7720=COLOUR_RGB('Opaque(10,10,10)',0.0392156862745098,0.0392156862745098,
0.0392156862745098);
#7721=COLOUR_RGB('Black',0.172549019607843,0.172549019607843,0.172549019607843);
#7722=COLOUR_RGB('Opaque(44,44,44)',0.172549019607843,0.172549019607843,
0.172549019607843);
#7723=COLOUR_RGB('Paint - Metallic (Blue)',0.188235294117647,0.231372549019608,
0.588235294117647);
#7724=COLOUR_RGB('Plastic - Glossy (Black)',0.0980392156862745,0.0980392156862745,
0.0980392156862745);
ENDSEC;
END-ISO-10303-21;
