ISO-10303-21;
HEADER;
/* Generated by software containing ST-Developer
 * from STEP Tools, Inc. (www.steptools.com) 
 */

FILE_DESCRIPTION(
/* description */ ('',
'CAx-IF Rec.Pracs.---Representation and Presentation of Product Manufa
cturing Information (PMI)---4.0---2014-10-13'),
/* implementation_level */ '2;1');

FILE_NAME(
/* name */ 'Low Profile Numpad Case.step',
/* time_stamp */ '2025-02-12T17:50:38+01:00',
/* author */ (''),
/* organization */ (''),
/* preprocessor_version */ 'ST-DEVELOPER v20',
/* originating_system */ 'Autodesk Translation Framework v13.20.0.188',

/* authorisation */ '');

FILE_SCHEMA (('AP242_MANAGED_MODEL_BASED_3D_ENGINEERING_MIM_LF { 1 0 10303 442 1 1 4 }'));
ENDSEC;

DATA;
#10=MECHANICAL_DESIGN_GEOMETRIC_PRESENTATION_REPRESENTATION('',(#13),#2829);
#11=SHAPE_REPRESENTATION_RELATIONSHIP('SRR','None',#2835,#12);
#12=ADVANCED_BREP_SHAPE_REPRESENTATION('',(#14),#2828);
#13=STYLED_ITEM('',(#2848),#14);
#14=MANIFOLD_SOLID_BREP('Case Bottom',#1574);
#15=ELLIPSE('',#1613,3.00178271929014,3.);
#16=ELLIPSE('',#1617,3.00178271929014,3.);
#17=ELLIPSE('',#1633,2.01491935280385,1.4);
#18=ELLIPSE('',#1637,2.01491935280383,1.39999999999999);
#19=ELLIPSE('',#1669,2.01491935280383,1.39999999999999);
#20=ELLIPSE('',#1670,2.01491935280385,1.4);
#21=ELLIPSE('',#1672,3.00178271929014,3.);
#22=ELLIPSE('',#1680,3.00178271929014,3.);
#23=FACE_BOUND('',#222,.T.);
#24=FACE_BOUND('',#242,.T.);
#25=FACE_BOUND('',#245,.T.);
#26=FACE_BOUND('',#246,.T.);
#27=FACE_BOUND('',#247,.T.);
#28=FACE_BOUND('',#248,.T.);
#29=FACE_BOUND('',#260,.T.);
#30=FACE_BOUND('',#261,.T.);
#31=FACE_BOUND('',#262,.T.);
#32=FACE_BOUND('',#263,.T.);
#33=FACE_BOUND('',#268,.T.);
#34=FACE_BOUND('',#276,.T.);
#35=FACE_BOUND('',#279,.T.);
#36=FACE_BOUND('',#299,.T.);
#37=FACE_BOUND('',#302,.T.);
#38=B_SPLINE_CURVE_WITH_KNOTS('',3,(#2248,#2249,#2250,#2251,#2252,#2253,
#2254,#2255,#2256,#2257),.UNSPECIFIED.,.T.,.F.,(4,1,1,1,1,1,1,4),(-3.14159265358979,
-2.24399475256414,-1.34639685153848,-0.448798950512828,0.448798950512828,
1.34639685153848,2.24399475256414,3.14159265358979),.UNSPECIFIED.);
#39=B_SPLINE_CURVE_WITH_KNOTS('',3,(#2259,#2260,#2261,#2262,#2263),
 .UNSPECIFIED.,.F.,.F.,(4,1,4),(1.58064143012076,2.24399475256414,3.14159265358979),
 .UNSPECIFIED.);
#40=B_SPLINE_CURVE_WITH_KNOTS('',3,(#2264,#2265,#2266,#2267,#2268,#2269,
#2270,#2271,#2272),.UNSPECIFIED.,.F.,.F.,(4,1,1,1,1,1,4),(-3.14159265358979,
-2.24399475256414,-1.34639685153848,-0.448798950512828,0.448798950512828,
1.34639685153848,1.58064143012076),.UNSPECIFIED.);
#41=B_SPLINE_CURVE_WITH_KNOTS('',3,(#2319,#2320,#2321,#2322),
 .UNSPECIFIED.,.F.,.F.,(4,4),(0.,1.),.UNSPECIFIED.);
#42=B_SPLINE_CURVE_WITH_KNOTS('',3,(#2323,#2324,#2325,#2326,#2327,#2328,
#2329,#2330,#2331,#2332),.UNSPECIFIED.,.T.,.F.,(4,1,1,1,1,1,1,4),(-3.14159265358979,
-2.24399475256414,-1.34639685153848,-0.448798950512828,0.448798950512828,
1.34639685153848,2.24399475256414,3.14159265358979),.UNSPECIFIED.);
#43=B_SPLINE_CURVE_WITH_KNOTS('',3,(#2334,#2335,#2336,#2337,#2338),
 .UNSPECIFIED.,.F.,.F.,(4,1,4),(1.58064143012076,2.24399475256414,3.14159265358979),
 .UNSPECIFIED.);
#44=B_SPLINE_CURVE_WITH_KNOTS('',3,(#2339,#2340,#2341,#2342,#2343,#2344,
#2345,#2346,#2347),.UNSPECIFIED.,.F.,.F.,(4,1,1,1,1,1,4),(-3.14159265358979,
-2.24399475256414,-1.34639685153848,-0.448798950512828,0.448798950512828,
1.34639685153848,1.58064143012076),.UNSPECIFIED.);
#45=B_SPLINE_CURVE_WITH_KNOTS('',3,(#2592,#2593,#2594,#2595,#2596,#2597,
#2598,#2599,#2600),.UNSPECIFIED.,.F.,.F.,(4,1,1,1,1,1,4),(-3.14159265358979,
-2.24399475256414,-1.34639685153848,-0.448798950512828,0.448798950512828,
1.34639685153848,1.58064143012076),.UNSPECIFIED.);
#46=B_SPLINE_CURVE_WITH_KNOTS('',3,(#2601,#2602,#2603,#2604,#2605),
 .UNSPECIFIED.,.F.,.F.,(4,1,4),(1.58064143012076,2.24399475256414,3.14159265358979),
 .UNSPECIFIED.);
#47=B_SPLINE_CURVE_WITH_KNOTS('',3,(#2606,#2607,#2608,#2609,#2610,#2611,
#2612,#2613,#2614,#2615),.UNSPECIFIED.,.T.,.F.,(4,1,1,1,1,1,1,4),(-3.14159265358979,
-2.24399475256414,-1.34639685153848,-0.448798950512828,0.448798950512828,
1.34639685153848,2.24399475256414,3.14159265358979),.UNSPECIFIED.);
#48=B_SPLINE_CURVE_WITH_KNOTS('',3,(#2625,#2626,#2627,#2628,#2629,#2630,
#2631,#2632,#2633,#2634),.UNSPECIFIED.,.T.,.F.,(4,1,1,1,1,1,1,4),(-3.14159265358979,
-2.24399475256414,-1.34639685153848,-0.448798950512828,0.448798950512828,
1.34639685153848,2.24399475256414,3.14159265358979),.UNSPECIFIED.);
#49=B_SPLINE_CURVE_WITH_KNOTS('',3,(#2682,#2683,#2684,#2685,#2686,#2687,
#2688,#2689,#2690),.UNSPECIFIED.,.F.,.F.,(4,1,1,1,1,1,4),(-3.14159265358979,
-2.24399475256414,-1.34639685153848,-0.448798950512828,0.448798950512828,
1.34639685153848,1.58064143012076),.UNSPECIFIED.);
#50=B_SPLINE_CURVE_WITH_KNOTS('',3,(#2691,#2692,#2693,#2694,#2695),
 .UNSPECIFIED.,.F.,.F.,(4,1,4),(1.58064143012076,2.24399475256414,3.14159265358979),
 .UNSPECIFIED.);
#51=B_SPLINE_SURFACE_WITH_KNOTS('',3,3,((#2205,#2206,#2207,#2208,#2209,
#2210,#2211,#2212,#2213,#2214),(#2215,#2216,#2217,#2218,#2219,#2220,#2221,
#2222,#2223,#2224),(#2225,#2226,#2227,#2228,#2229,#2230,#2231,#2232,#2233,
#2234),(#2235,#2236,#2237,#2238,#2239,#2240,#2241,#2242,#2243,#2244)),
 .UNSPECIFIED.,.F.,.T.,.F.,(4,4),(4,1,1,1,1,1,1,4),(0.,1.),(-3.14159265358979,
-2.24399475256414,-1.34639685153848,-0.448798950512828,0.448798950512828,
1.34639685153848,2.24399475256414,3.14159265358979),.UNSPECIFIED.);
#52=B_SPLINE_SURFACE_WITH_KNOTS('',3,3,((#2277,#2278,#2279,#2280,#2281,
#2282,#2283,#2284,#2285,#2286),(#2287,#2288,#2289,#2290,#2291,#2292,#2293,
#2294,#2295,#2296),(#2297,#2298,#2299,#2300,#2301,#2302,#2303,#2304,#2305,
#2306),(#2307,#2308,#2309,#2310,#2311,#2312,#2313,#2314,#2315,#2316)),
 .UNSPECIFIED.,.F.,.T.,.F.,(4,4),(4,1,1,1,1,1,1,4),(0.,1.),(-3.14159265358979,
-2.24399475256414,-1.34639685153848,-0.448798950512828,0.448798950512828,
1.34639685153848,2.24399475256414,3.14159265358979),.UNSPECIFIED.);
#53=B_SPLINE_SURFACE_WITH_KNOTS('',3,3,((#2548,#2549,#2550,#2551,#2552,
#2553,#2554,#2555,#2556,#2557),(#2558,#2559,#2560,#2561,#2562,#2563,#2564,
#2565,#2566,#2567),(#2568,#2569,#2570,#2571,#2572,#2573,#2574,#2575,#2576,
#2577),(#2578,#2579,#2580,#2581,#2582,#2583,#2584,#2585,#2586,#2587)),
 .UNSPECIFIED.,.F.,.T.,.F.,(4,4),(4,1,1,1,1,1,1,4),(0.,1.),(-3.14159265358979,
-2.24399475256414,-1.34639685153848,-0.448798950512828,0.448798950512828,
1.34639685153848,2.24399475256414,3.14159265358979),.UNSPECIFIED.);
#54=B_SPLINE_SURFACE_WITH_KNOTS('',3,3,((#2639,#2640,#2641,#2642,#2643,
#2644,#2645,#2646,#2647,#2648),(#2649,#2650,#2651,#2652,#2653,#2654,#2655,
#2656,#2657,#2658),(#2659,#2660,#2661,#2662,#2663,#2664,#2665,#2666,#2667,
#2668),(#2669,#2670,#2671,#2672,#2673,#2674,#2675,#2676,#2677,#2678)),
 .UNSPECIFIED.,.F.,.T.,.F.,(4,4),(4,1,1,1,1,1,1,4),(0.,1.),(-3.14159265358979,
-2.24399475256414,-1.34639685153848,-0.448798950512828,0.448798950512828,
1.34639685153848,2.24399475256414,3.14159265358979),.UNSPECIFIED.);
#55=PLANE('',#1579);
#56=PLANE('',#1583);
#57=PLANE('',#1587);
#58=PLANE('',#1591);
#59=PLANE('',#1592);
#60=PLANE('',#1596);
#61=PLANE('',#1600);
#62=PLANE('',#1601);
#63=PLANE('',#1602);
#64=PLANE('',#1603);
#65=PLANE('',#1608);
#66=PLANE('',#1609);
#67=PLANE('',#1610);
#68=PLANE('',#1611);
#69=PLANE('',#1615);
#70=PLANE('',#1619);
#71=PLANE('',#1620);
#72=PLANE('',#1624);
#73=PLANE('',#1628);
#74=PLANE('',#1629);
#75=PLANE('',#1638);
#76=PLANE('',#1639);
#77=PLANE('',#1640);
#78=PLANE('',#1641);
#79=PLANE('',#1642);
#80=PLANE('',#1643);
#81=PLANE('',#1647);
#82=PLANE('',#1651);
#83=PLANE('',#1652);
#84=PLANE('',#1653);
#85=PLANE('',#1654);
#86=PLANE('',#1655);
#87=PLANE('',#1658);
#88=PLANE('',#1659);
#89=PLANE('',#1664);
#90=PLANE('',#1665);
#91=PLANE('',#1666);
#92=PLANE('',#1667);
#93=PLANE('',#1668);
#94=PLANE('',#1674);
#95=PLANE('',#1675);
#96=PLANE('',#1681);
#97=PLANE('',#1684);
#98=PLANE('',#1685);
#99=PLANE('',#1686);
#100=PLANE('',#1688);
#101=PLANE('',#1690);
#102=PLANE('',#1691);
#103=PLANE('',#1692);
#104=PLANE('',#1696);
#105=PLANE('',#1698);
#106=PLANE('',#1699);
#107=PLANE('',#1700);
#108=PLANE('',#1701);
#109=PLANE('',#1702);
#110=PLANE('',#1703);
#111=PLANE('',#1704);
#112=PLANE('',#1705);
#113=PLANE('',#1706);
#114=FACE_OUTER_BOUND('',#201,.T.);
#115=FACE_OUTER_BOUND('',#202,.T.);
#116=FACE_OUTER_BOUND('',#203,.T.);
#117=FACE_OUTER_BOUND('',#204,.T.);
#118=FACE_OUTER_BOUND('',#205,.T.);
#119=FACE_OUTER_BOUND('',#206,.T.);
#120=FACE_OUTER_BOUND('',#207,.T.);
#121=FACE_OUTER_BOUND('',#208,.T.);
#122=FACE_OUTER_BOUND('',#209,.T.);
#123=FACE_OUTER_BOUND('',#210,.T.);
#124=FACE_OUTER_BOUND('',#211,.T.);
#125=FACE_OUTER_BOUND('',#212,.T.);
#126=FACE_OUTER_BOUND('',#213,.T.);
#127=FACE_OUTER_BOUND('',#214,.T.);
#128=FACE_OUTER_BOUND('',#215,.T.);
#129=FACE_OUTER_BOUND('',#216,.T.);
#130=FACE_OUTER_BOUND('',#217,.T.);
#131=FACE_OUTER_BOUND('',#218,.T.);
#132=FACE_OUTER_BOUND('',#219,.T.);
#133=FACE_OUTER_BOUND('',#220,.T.);
#134=FACE_OUTER_BOUND('',#221,.T.);
#135=FACE_OUTER_BOUND('',#223,.T.);
#136=FACE_OUTER_BOUND('',#224,.T.);
#137=FACE_OUTER_BOUND('',#225,.T.);
#138=FACE_OUTER_BOUND('',#226,.T.);
#139=FACE_OUTER_BOUND('',#227,.T.);
#140=FACE_OUTER_BOUND('',#228,.T.);
#141=FACE_OUTER_BOUND('',#229,.T.);
#142=FACE_OUTER_BOUND('',#230,.T.);
#143=FACE_OUTER_BOUND('',#231,.T.);
#144=FACE_OUTER_BOUND('',#232,.T.);
#145=FACE_OUTER_BOUND('',#233,.T.);
#146=FACE_OUTER_BOUND('',#234,.T.);
#147=FACE_OUTER_BOUND('',#235,.T.);
#148=FACE_OUTER_BOUND('',#236,.T.);
#149=FACE_OUTER_BOUND('',#237,.T.);
#150=FACE_OUTER_BOUND('',#238,.T.);
#151=FACE_OUTER_BOUND('',#239,.T.);
#152=FACE_OUTER_BOUND('',#240,.T.);
#153=FACE_OUTER_BOUND('',#241,.T.);
#154=FACE_OUTER_BOUND('',#243,.T.);
#155=FACE_OUTER_BOUND('',#244,.T.);
#156=FACE_OUTER_BOUND('',#249,.T.);
#157=FACE_OUTER_BOUND('',#250,.T.);
#158=FACE_OUTER_BOUND('',#251,.T.);
#159=FACE_OUTER_BOUND('',#252,.T.);
#160=FACE_OUTER_BOUND('',#253,.T.);
#161=FACE_OUTER_BOUND('',#254,.T.);
#162=FACE_OUTER_BOUND('',#255,.T.);
#163=FACE_OUTER_BOUND('',#256,.T.);
#164=FACE_OUTER_BOUND('',#257,.T.);
#165=FACE_OUTER_BOUND('',#258,.T.);
#166=FACE_OUTER_BOUND('',#259,.T.);
#167=FACE_OUTER_BOUND('',#264,.T.);
#168=FACE_OUTER_BOUND('',#265,.T.);
#169=FACE_OUTER_BOUND('',#266,.T.);
#170=FACE_OUTER_BOUND('',#267,.T.);
#171=FACE_OUTER_BOUND('',#269,.T.);
#172=FACE_OUTER_BOUND('',#270,.T.);
#173=FACE_OUTER_BOUND('',#271,.T.);
#174=FACE_OUTER_BOUND('',#272,.T.);
#175=FACE_OUTER_BOUND('',#273,.T.);
#176=FACE_OUTER_BOUND('',#274,.T.);
#177=FACE_OUTER_BOUND('',#275,.T.);
#178=FACE_OUTER_BOUND('',#277,.T.);
#179=FACE_OUTER_BOUND('',#278,.T.);
#180=FACE_OUTER_BOUND('',#280,.T.);
#181=FACE_OUTER_BOUND('',#281,.T.);
#182=FACE_OUTER_BOUND('',#282,.T.);
#183=FACE_OUTER_BOUND('',#283,.T.);
#184=FACE_OUTER_BOUND('',#284,.T.);
#185=FACE_OUTER_BOUND('',#285,.T.);
#186=FACE_OUTER_BOUND('',#286,.T.);
#187=FACE_OUTER_BOUND('',#287,.T.);
#188=FACE_OUTER_BOUND('',#288,.T.);
#189=FACE_OUTER_BOUND('',#289,.T.);
#190=FACE_OUTER_BOUND('',#290,.T.);
#191=FACE_OUTER_BOUND('',#291,.T.);
#192=FACE_OUTER_BOUND('',#292,.T.);
#193=FACE_OUTER_BOUND('',#293,.T.);
#194=FACE_OUTER_BOUND('',#294,.T.);
#195=FACE_OUTER_BOUND('',#295,.T.);
#196=FACE_OUTER_BOUND('',#296,.T.);
#197=FACE_OUTER_BOUND('',#297,.T.);
#198=FACE_OUTER_BOUND('',#298,.T.);
#199=FACE_OUTER_BOUND('',#300,.T.);
#200=FACE_OUTER_BOUND('',#301,.T.);
#201=EDGE_LOOP('',(#1025,#1026,#1027,#1028));
#202=EDGE_LOOP('',(#1029));
#203=EDGE_LOOP('',(#1030,#1031,#1032,#1033));
#204=EDGE_LOOP('',(#1034));
#205=EDGE_LOOP('',(#1035,#1036,#1037,#1038));
#206=EDGE_LOOP('',(#1039));
#207=EDGE_LOOP('',(#1040,#1041,#1042,#1043));
#208=EDGE_LOOP('',(#1044));
#209=EDGE_LOOP('',(#1045,#1046,#1047,#1048));
#210=EDGE_LOOP('',(#1049,#1050,#1051,#1052));
#211=EDGE_LOOP('',(#1053));
#212=EDGE_LOOP('',(#1054,#1055,#1056,#1057));
#213=EDGE_LOOP('',(#1058));
#214=EDGE_LOOP('',(#1059,#1060,#1061,#1062));
#215=EDGE_LOOP('',(#1063,#1064,#1065,#1066));
#216=EDGE_LOOP('',(#1067,#1068,#1069,#1070));
#217=EDGE_LOOP('',(#1071,#1072,#1073,#1074,#1075));
#218=EDGE_LOOP('',(#1076,#1077,#1078,#1079,#1080));
#219=EDGE_LOOP('',(#1081,#1082,#1083,#1084,#1085));
#220=EDGE_LOOP('',(#1086,#1087,#1088,#1089,#1090));
#221=EDGE_LOOP('',(#1091));
#222=EDGE_LOOP('',(#1092));
#223=EDGE_LOOP('',(#1093,#1094,#1095,#1096,#1097));
#224=EDGE_LOOP('',(#1098,#1099,#1100,#1101));
#225=EDGE_LOOP('',(#1102,#1103,#1104,#1105,#1106));
#226=EDGE_LOOP('',(#1107,#1108,#1109,#1110));
#227=EDGE_LOOP('',(#1111,#1112,#1113,#1114));
#228=EDGE_LOOP('',(#1115,#1116,#1117,#1118));
#229=EDGE_LOOP('',(#1119,#1120,#1121,#1122,#1123));
#230=EDGE_LOOP('',(#1124,#1125,#1126,#1127));
#231=EDGE_LOOP('',(#1128,#1129,#1130,#1131));
#232=EDGE_LOOP('',(#1132,#1133,#1134,#1135));
#233=EDGE_LOOP('',(#1136,#1137,#1138,#1139));
#234=EDGE_LOOP('',(#1140,#1141,#1142,#1143));
#235=EDGE_LOOP('',(#1144,#1145,#1146,#1147,#1148,#1149));
#236=EDGE_LOOP('',(#1150,#1151,#1152,#1153,#1154,#1155,#1156));
#237=EDGE_LOOP('',(#1157,#1158,#1159,#1160));
#238=EDGE_LOOP('',(#1161,#1162,#1163,#1164));
#239=EDGE_LOOP('',(#1165,#1166,#1167,#1168,#1169,#1170));
#240=EDGE_LOOP('',(#1171,#1172,#1173,#1174));
#241=EDGE_LOOP('',(#1175));
#242=EDGE_LOOP('',(#1176));
#243=EDGE_LOOP('',(#1177,#1178,#1179,#1180));
#244=EDGE_LOOP('',(#1181,#1182,#1183,#1184));
#245=EDGE_LOOP('',(#1185));
#246=EDGE_LOOP('',(#1186));
#247=EDGE_LOOP('',(#1187));
#248=EDGE_LOOP('',(#1188));
#249=EDGE_LOOP('',(#1189,#1190,#1191,#1192));
#250=EDGE_LOOP('',(#1193));
#251=EDGE_LOOP('',(#1194,#1195,#1196,#1197));
#252=EDGE_LOOP('',(#1198));
#253=EDGE_LOOP('',(#1199,#1200,#1201,#1202));
#254=EDGE_LOOP('',(#1203,#1204,#1205,#1206));
#255=EDGE_LOOP('',(#1207,#1208,#1209,#1210));
#256=EDGE_LOOP('',(#1211,#1212,#1213,#1214,#1215,#1216,#1217,#1218,#1219,
#1220,#1221,#1222,#1223,#1224,#1225,#1226,#1227,#1228,#1229,#1230,#1231,
#1232,#1233,#1234,#1235,#1236,#1237,#1238));
#257=EDGE_LOOP('',(#1239,#1240,#1241,#1242));
#258=EDGE_LOOP('',(#1243,#1244,#1245,#1246,#1247));
#259=EDGE_LOOP('',(#1248,#1249,#1250,#1251,#1252,#1253));
#260=EDGE_LOOP('',(#1254));
#261=EDGE_LOOP('',(#1255));
#262=EDGE_LOOP('',(#1256));
#263=EDGE_LOOP('',(#1257));
#264=EDGE_LOOP('',(#1258,#1259,#1260,#1261,#1262));
#265=EDGE_LOOP('',(#1263,#1264,#1265,#1266,#1267));
#266=EDGE_LOOP('',(#1268,#1269,#1270,#1271,#1272));
#267=EDGE_LOOP('',(#1273));
#268=EDGE_LOOP('',(#1274));
#269=EDGE_LOOP('',(#1275,#1276,#1277,#1278,#1279));
#270=EDGE_LOOP('',(#1280,#1281,#1282,#1283));
#271=EDGE_LOOP('',(#1284,#1285,#1286,#1287,#1288));
#272=EDGE_LOOP('',(#1289,#1290,#1291,#1292,#1293,#1294,#1295,#1296,#1297,
#1298,#1299,#1300,#1301,#1302));
#273=EDGE_LOOP('',(#1303,#1304,#1305,#1306));
#274=EDGE_LOOP('',(#1307,#1308,#1309,#1310));
#275=EDGE_LOOP('',(#1311,#1312,#1313,#1314,#1315,#1316,#1317,#1318));
#276=EDGE_LOOP('',(#1319,#1320,#1321,#1322,#1323,#1324,#1325,#1326,#1327,
#1328,#1329,#1330,#1331,#1332,#1333,#1334,#1335,#1336,#1337,#1338));
#277=EDGE_LOOP('',(#1339,#1340,#1341,#1342));
#278=EDGE_LOOP('',(#1343,#1344,#1345,#1346));
#279=EDGE_LOOP('',(#1347,#1348,#1349,#1350,#1351,#1352,#1353,#1354,#1355,
#1356));
#280=EDGE_LOOP('',(#1357,#1358,#1359,#1360,#1361));
#281=EDGE_LOOP('',(#1362,#1363,#1364,#1365));
#282=EDGE_LOOP('',(#1366,#1367,#1368,#1369));
#283=EDGE_LOOP('',(#1370,#1371,#1372,#1373));
#284=EDGE_LOOP('',(#1374,#1375,#1376,#1377));
#285=EDGE_LOOP('',(#1378,#1379,#1380,#1381));
#286=EDGE_LOOP('',(#1382,#1383,#1384,#1385));
#287=EDGE_LOOP('',(#1386,#1387,#1388,#1389,#1390));
#288=EDGE_LOOP('',(#1391,#1392,#1393,#1394,#1395,#1396));
#289=EDGE_LOOP('',(#1397,#1398,#1399,#1400,#1401,#1402,#1403));
#290=EDGE_LOOP('',(#1404,#1405,#1406,#1407,#1408,#1409));
#291=EDGE_LOOP('',(#1410,#1411,#1412,#1413));
#292=EDGE_LOOP('',(#1414,#1415,#1416,#1417));
#293=EDGE_LOOP('',(#1418,#1419,#1420,#1421,#1422,#1423,#1424,#1425,#1426));
#294=EDGE_LOOP('',(#1427,#1428,#1429,#1430,#1431,#1432));
#295=EDGE_LOOP('',(#1433,#1434,#1435,#1436));
#296=EDGE_LOOP('',(#1437,#1438,#1439,#1440));
#297=EDGE_LOOP('',(#1441,#1442,#1443,#1444));
#298=EDGE_LOOP('',(#1445,#1446,#1447,#1448,#1449,#1450,#1451,#1452));
#299=EDGE_LOOP('',(#1453,#1454,#1455,#1456));
#300=EDGE_LOOP('',(#1457,#1458,#1459,#1460));
#301=EDGE_LOOP('',(#1461));
#302=EDGE_LOOP('',(#1462));
#303=LINE('',#2134,#461);
#304=LINE('',#2141,#462);
#305=LINE('',#2148,#463);
#306=LINE('',#2155,#464);
#307=LINE('',#2161,#465);
#308=LINE('',#2163,#466);
#309=LINE('',#2165,#467);
#310=LINE('',#2166,#468);
#311=LINE('',#2171,#469);
#312=LINE('',#2178,#470);
#313=LINE('',#2184,#471);
#314=LINE('',#2186,#472);
#315=LINE('',#2188,#473);
#316=LINE('',#2189,#474);
#317=LINE('',#2192,#475);
#318=LINE('',#2194,#476);
#319=LINE('',#2195,#477);
#320=LINE('',#2199,#478);
#321=LINE('',#2201,#479);
#322=LINE('',#2203,#480);
#323=LINE('',#2204,#481);
#324=LINE('',#2247,#482);
#325=LINE('',#2275,#483);
#326=LINE('',#2350,#484);
#327=LINE('',#2356,#485);
#328=LINE('',#2358,#486);
#329=LINE('',#2360,#487);
#330=LINE('',#2362,#488);
#331=LINE('',#2363,#489);
#332=LINE('',#2366,#490);
#333=LINE('',#2368,#491);
#334=LINE('',#2369,#492);
#335=LINE('',#2372,#493);
#336=LINE('',#2374,#494);
#337=LINE('',#2375,#495);
#338=LINE('',#2381,#496);
#339=LINE('',#2384,#497);
#340=LINE('',#2387,#498);
#341=LINE('',#2389,#499);
#342=LINE('',#2390,#500);
#343=LINE('',#2395,#501);
#344=LINE('',#2399,#502);
#345=LINE('',#2401,#503);
#346=LINE('',#2402,#504);
#347=LINE('',#2406,#505);
#348=LINE('',#2408,#506);
#349=LINE('',#2410,#507);
#350=LINE('',#2411,#508);
#351=LINE('',#2417,#509);
#352=LINE('',#2419,#510);
#353=LINE('',#2420,#511);
#354=LINE('',#2425,#512);
#355=LINE('',#2428,#513);
#356=LINE('',#2429,#514);
#357=LINE('',#2432,#515);
#358=LINE('',#2434,#516);
#359=LINE('',#2436,#517);
#360=LINE('',#2438,#518);
#361=LINE('',#2445,#519);
#362=LINE('',#2448,#520);
#363=LINE('',#2451,#521);
#364=LINE('',#2457,#522);
#365=LINE('',#2460,#523);
#366=LINE('',#2462,#524);
#367=LINE('',#2463,#525);
#368=LINE('',#2465,#526);
#369=LINE('',#2467,#527);
#370=LINE('',#2469,#528);
#371=LINE('',#2470,#529);
#372=LINE('',#2472,#530);
#373=LINE('',#2477,#531);
#374=LINE('',#2479,#532);
#375=LINE('',#2481,#533);
#376=LINE('',#2482,#534);
#377=LINE('',#2484,#535);
#378=LINE('',#2485,#536);
#379=LINE('',#2490,#537);
#380=LINE('',#2497,#538);
#381=LINE('',#2503,#539);
#382=LINE('',#2505,#540);
#383=LINE('',#2507,#541);
#384=LINE('',#2508,#542);
#385=LINE('',#2511,#543);
#386=LINE('',#2513,#544);
#387=LINE('',#2514,#545);
#388=LINE('',#2518,#546);
#389=LINE('',#2520,#547);
#390=LINE('',#2522,#548);
#391=LINE('',#2523,#549);
#392=LINE('',#2526,#550);
#393=LINE('',#2529,#551);
#394=LINE('',#2530,#552);
#395=LINE('',#2532,#553);
#396=LINE('',#2534,#554);
#397=LINE('',#2536,#555);
#398=LINE('',#2538,#556);
#399=LINE('',#2540,#557);
#400=LINE('',#2542,#558);
#401=LINE('',#2544,#559);
#402=LINE('',#2547,#560);
#403=LINE('',#2590,#561);
#404=LINE('',#2619,#562);
#405=LINE('',#2621,#563);
#406=LINE('',#2622,#564);
#407=LINE('',#2623,#565);
#408=LINE('',#2637,#566);
#409=LINE('',#2680,#567);
#410=LINE('',#2698,#568);
#411=LINE('',#2703,#569);
#412=LINE('',#2705,#570);
#413=LINE('',#2707,#571);
#414=LINE('',#2708,#572);
#415=LINE('',#2710,#573);
#416=LINE('',#2711,#574);
#417=LINE('',#2714,#575);
#418=LINE('',#2715,#576);
#419=LINE('',#2718,#577);
#420=LINE('',#2722,#578);
#421=LINE('',#2725,#579);
#422=LINE('',#2731,#580);
#423=LINE('',#2734,#581);
#424=LINE('',#2737,#582);
#425=LINE('',#2739,#583);
#426=LINE('',#2740,#584);
#427=LINE('',#2743,#585);
#428=LINE('',#2745,#586);
#429=LINE('',#2747,#587);
#430=LINE('',#2749,#588);
#431=LINE('',#2752,#589);
#432=LINE('',#2756,#590);
#433=LINE('',#2757,#591);
#434=LINE('',#2761,#592);
#435=LINE('',#2763,#593);
#436=LINE('',#2766,#594);
#437=LINE('',#2770,#595);
#438=LINE('',#2774,#596);
#439=LINE('',#2775,#597);
#440=LINE('',#2776,#598);
#441=LINE('',#2778,#599);
#442=LINE('',#2781,#600);
#443=LINE('',#2782,#601);
#444=LINE('',#2785,#602);
#445=LINE('',#2787,#603);
#446=LINE('',#2790,#604);
#447=LINE('',#2795,#605);
#448=LINE('',#2796,#606);
#449=LINE('',#2799,#607);
#450=LINE('',#2802,#608);
#451=LINE('',#2803,#609);
#452=LINE('',#2806,#610);
#453=LINE('',#2807,#611);
#454=LINE('',#2809,#612);
#455=LINE('',#2813,#613);
#456=LINE('',#2814,#614);
#457=LINE('',#2816,#615);
#458=LINE('',#2819,#616);
#459=LINE('',#2821,#617);
#460=LINE('',#2823,#618);
#461=VECTOR('',#1713,5.50000000000001);
#462=VECTOR('',#1722,5.5);
#463=VECTOR('',#1731,5.5);
#464=VECTOR('',#1740,5.50000000000001);
#465=VECTOR('',#1747,10.);
#466=VECTOR('',#1748,10.);
#467=VECTOR('',#1749,10.);
#468=VECTOR('',#1750,10.);
#469=VECTOR('',#1755,1.5);
#470=VECTOR('',#1764,1.5);
#471=VECTOR('',#1771,10.);
#472=VECTOR('',#1772,10.);
#473=VECTOR('',#1773,10.);
#474=VECTOR('',#1774,10.);
#475=VECTOR('',#1777,10.);
#476=VECTOR('',#1778,10.);
#477=VECTOR('',#1779,10.);
#478=VECTOR('',#1782,10.);
#479=VECTOR('',#1783,10.);
#480=VECTOR('',#1784,10.);
#481=VECTOR('',#1785,10.);
#482=VECTOR('',#1786,10.);
#483=VECTOR('',#1789,3.5);
#484=VECTOR('',#1794,3.5);
#485=VECTOR('',#1801,10.);
#486=VECTOR('',#1802,10.);
#487=VECTOR('',#1803,10.);
#488=VECTOR('',#1804,10.);
#489=VECTOR('',#1805,10.);
#490=VECTOR('',#1808,10.);
#491=VECTOR('',#1809,10.);
#492=VECTOR('',#1810,10.);
#493=VECTOR('',#1813,10.);
#494=VECTOR('',#1814,10.);
#495=VECTOR('',#1815,10.);
#496=VECTOR('',#1820,10.);
#497=VECTOR('',#1823,10.);
#498=VECTOR('',#1826,10.);
#499=VECTOR('',#1827,10.);
#500=VECTOR('',#1828,10.);
#501=VECTOR('',#1833,10.);
#502=VECTOR('',#1838,10.);
#503=VECTOR('',#1839,10.);
#504=VECTOR('',#1840,10.);
#505=VECTOR('',#1843,10.);
#506=VECTOR('',#1844,10.);
#507=VECTOR('',#1845,10.);
#508=VECTOR('',#1846,10.);
#509=VECTOR('',#1855,10.);
#510=VECTOR('',#1856,10.);
#511=VECTOR('',#1857,10.);
#512=VECTOR('',#1862,10.);
#513=VECTOR('',#1867,10.);
#514=VECTOR('',#1868,10.);
#515=VECTOR('',#1871,10.);
#516=VECTOR('',#1872,10.);
#517=VECTOR('',#1873,10.);
#518=VECTOR('',#1874,10.);
#519=VECTOR('',#1881,10.);
#520=VECTOR('',#1884,10.);
#521=VECTOR('',#1887,10.);
#522=VECTOR('',#1892,10.);
#523=VECTOR('',#1895,10.);
#524=VECTOR('',#1898,10.);
#525=VECTOR('',#1899,10.);
#526=VECTOR('',#1902,10.);
#527=VECTOR('',#1903,10.);
#528=VECTOR('',#1904,10.);
#529=VECTOR('',#1905,10.);
#530=VECTOR('',#1908,10.);
#531=VECTOR('',#1913,10.);
#532=VECTOR('',#1914,10.);
#533=VECTOR('',#1915,10.);
#534=VECTOR('',#1916,10.);
#535=VECTOR('',#1919,10.);
#536=VECTOR('',#1920,10.);
#537=VECTOR('',#1925,1.5);
#538=VECTOR('',#1934,1.5);
#539=VECTOR('',#1941,10.);
#540=VECTOR('',#1942,10.);
#541=VECTOR('',#1943,10.);
#542=VECTOR('',#1944,10.);
#543=VECTOR('',#1947,10.);
#544=VECTOR('',#1948,10.);
#545=VECTOR('',#1949,10.);
#546=VECTOR('',#1952,10.);
#547=VECTOR('',#1953,10.);
#548=VECTOR('',#1954,10.);
#549=VECTOR('',#1955,10.);
#550=VECTOR('',#1958,10.);
#551=VECTOR('',#1961,10.);
#552=VECTOR('',#1962,10.);
#553=VECTOR('',#1963,10.);
#554=VECTOR('',#1964,10.);
#555=VECTOR('',#1965,10.);
#556=VECTOR('',#1966,10.);
#557=VECTOR('',#1967,10.);
#558=VECTOR('',#1968,10.);
#559=VECTOR('',#1969,10.);
#560=VECTOR('',#1974,10.);
#561=VECTOR('',#1975,10.);
#562=VECTOR('',#1978,10.);
#563=VECTOR('',#1979,10.);
#564=VECTOR('',#1980,10.);
#565=VECTOR('',#1981,10.);
#566=VECTOR('',#1984,3.5);
#567=VECTOR('',#1987,10.);
#568=VECTOR('',#1990,3.5);
#569=VECTOR('',#1997,10.);
#570=VECTOR('',#1998,10.);
#571=VECTOR('',#1999,10.);
#572=VECTOR('',#2000,10.);
#573=VECTOR('',#2003,10.);
#574=VECTOR('',#2004,10.);
#575=VECTOR('',#2007,10.);
#576=VECTOR('',#2008,10.);
#577=VECTOR('',#2011,10.);
#578=VECTOR('',#2014,10.);
#579=VECTOR('',#2017,10.);
#580=VECTOR('',#2022,10.);
#581=VECTOR('',#2025,10.);
#582=VECTOR('',#2028,10.);
#583=VECTOR('',#2029,10.);
#584=VECTOR('',#2030,10.);
#585=VECTOR('',#2033,10.);
#586=VECTOR('',#2036,10.);
#587=VECTOR('',#2037,10.);
#588=VECTOR('',#2038,10.);
#589=VECTOR('',#2041,10.);
#590=VECTOR('',#2044,10.);
#591=VECTOR('',#2045,10.);
#592=VECTOR('',#2050,10.);
#593=VECTOR('',#2053,10.);
#594=VECTOR('',#2054,10.);
#595=VECTOR('',#2057,10.);
#596=VECTOR('',#2060,10.);
#597=VECTOR('',#2061,10.);
#598=VECTOR('',#2062,10.);
#599=VECTOR('',#2065,10.);
#600=VECTOR('',#2070,10.);
#601=VECTOR('',#2071,10.);
#602=VECTOR('',#2076,10.);
#603=VECTOR('',#2079,10.);
#604=VECTOR('',#2084,10.);
#605=VECTOR('',#2089,10.);
#606=VECTOR('',#2090,10.);
#607=VECTOR('',#2093,10.);
#608=VECTOR('',#2096,10.);
#609=VECTOR('',#2097,10.);
#610=VECTOR('',#2100,10.);
#611=VECTOR('',#2101,10.);
#612=VECTOR('',#2104,10.);
#613=VECTOR('',#2109,10.);
#614=VECTOR('',#2110,10.);
#615=VECTOR('',#2113,10.);
#616=VECTOR('',#2118,10.);
#617=VECTOR('',#2121,10.);
#618=VECTOR('',#2124,10.);
#619=CIRCLE('',#1577,5.50000000000001);
#620=CIRCLE('',#1578,5.50000000000001);
#621=CIRCLE('',#1581,5.5);
#622=CIRCLE('',#1582,5.5);
#623=CIRCLE('',#1585,5.5);
#624=CIRCLE('',#1586,5.5);
#625=CIRCLE('',#1589,5.50000000000001);
#626=CIRCLE('',#1590,5.50000000000001);
#627=CIRCLE('',#1594,1.5);
#628=CIRCLE('',#1595,1.5);
#629=CIRCLE('',#1598,1.5);
#630=CIRCLE('',#1599,1.5);
#631=CIRCLE('',#1605,3.5);
#632=CIRCLE('',#1607,3.5);
#633=CIRCLE('',#1614,3.);
#634=CIRCLE('',#1618,3.);
#635=CIRCLE('',#1622,2.99804646372593);
#636=CIRCLE('',#1623,2.99804646372593);
#637=CIRCLE('',#1626,2.99804646373491);
#638=CIRCLE('',#1627,2.99804646373491);
#639=CIRCLE('',#1630,1.4);
#640=CIRCLE('',#1632,1.4);
#641=CIRCLE('',#1634,1.4);
#642=CIRCLE('',#1636,1.39999999999999);
#643=CIRCLE('',#1645,1.5);
#644=CIRCLE('',#1646,1.5);
#645=CIRCLE('',#1649,1.5);
#646=CIRCLE('',#1650,1.5);
#647=CIRCLE('',#1656,2.99804646373491);
#648=CIRCLE('',#1657,2.99804646372593);
#649=CIRCLE('',#1661,3.5);
#650=CIRCLE('',#1663,3.5);
#651=CIRCLE('',#1673,3.);
#652=CIRCLE('',#1676,3.);
#653=CIRCLE('',#1677,2.99804646373491);
#654=CIRCLE('',#1678,2.99804646372593);
#655=CIRCLE('',#1682,1.4);
#656=CIRCLE('',#1683,1.39999999999999);
#657=CIRCLE('',#1693,1.4);
#658=CIRCLE('',#1695,1.4);
#659=VERTEX_POINT('',#2131);
#660=VERTEX_POINT('',#2133);
#661=VERTEX_POINT('',#2138);
#662=VERTEX_POINT('',#2140);
#663=VERTEX_POINT('',#2145);
#664=VERTEX_POINT('',#2147);
#665=VERTEX_POINT('',#2152);
#666=VERTEX_POINT('',#2154);
#667=VERTEX_POINT('',#2159);
#668=VERTEX_POINT('',#2160);
#669=VERTEX_POINT('',#2162);
#670=VERTEX_POINT('',#2164);
#671=VERTEX_POINT('',#2168);
#672=VERTEX_POINT('',#2170);
#673=VERTEX_POINT('',#2175);
#674=VERTEX_POINT('',#2177);
#675=VERTEX_POINT('',#2182);
#676=VERTEX_POINT('',#2183);
#677=VERTEX_POINT('',#2185);
#678=VERTEX_POINT('',#2187);
#679=VERTEX_POINT('',#2191);
#680=VERTEX_POINT('',#2193);
#681=VERTEX_POINT('',#2197);
#682=VERTEX_POINT('',#2198);
#683=VERTEX_POINT('',#2200);
#684=VERTEX_POINT('',#2202);
#685=VERTEX_POINT('',#2245);
#686=VERTEX_POINT('',#2246);
#687=VERTEX_POINT('',#2258);
#688=VERTEX_POINT('',#2274);
#689=VERTEX_POINT('',#2317);
#690=VERTEX_POINT('',#2318);
#691=VERTEX_POINT('',#2333);
#692=VERTEX_POINT('',#2349);
#693=VERTEX_POINT('',#2354);
#694=VERTEX_POINT('',#2355);
#695=VERTEX_POINT('',#2357);
#696=VERTEX_POINT('',#2359);
#697=VERTEX_POINT('',#2361);
#698=VERTEX_POINT('',#2365);
#699=VERTEX_POINT('',#2367);
#700=VERTEX_POINT('',#2371);
#701=VERTEX_POINT('',#2373);
#702=VERTEX_POINT('',#2377);
#703=VERTEX_POINT('',#2378);
#704=VERTEX_POINT('',#2380);
#705=VERTEX_POINT('',#2382);
#706=VERTEX_POINT('',#2386);
#707=VERTEX_POINT('',#2388);
#708=VERTEX_POINT('',#2392);
#709=VERTEX_POINT('',#2394);
#710=VERTEX_POINT('',#2398);
#711=VERTEX_POINT('',#2400);
#712=VERTEX_POINT('',#2404);
#713=VERTEX_POINT('',#2405);
#714=VERTEX_POINT('',#2407);
#715=VERTEX_POINT('',#2409);
#716=VERTEX_POINT('',#2416);
#717=VERTEX_POINT('',#2418);
#718=VERTEX_POINT('',#2422);
#719=VERTEX_POINT('',#2424);
#720=VERTEX_POINT('',#2431);
#721=VERTEX_POINT('',#2433);
#722=VERTEX_POINT('',#2435);
#723=VERTEX_POINT('',#2437);
#724=VERTEX_POINT('',#2441);
#725=VERTEX_POINT('',#2442);
#726=VERTEX_POINT('',#2444);
#727=VERTEX_POINT('',#2447);
#728=VERTEX_POINT('',#2449);
#729=VERTEX_POINT('',#2453);
#730=VERTEX_POINT('',#2454);
#731=VERTEX_POINT('',#2456);
#732=VERTEX_POINT('',#2458);
#733=VERTEX_POINT('',#2466);
#734=VERTEX_POINT('',#2468);
#735=VERTEX_POINT('',#2475);
#736=VERTEX_POINT('',#2476);
#737=VERTEX_POINT('',#2478);
#738=VERTEX_POINT('',#2480);
#739=VERTEX_POINT('',#2487);
#740=VERTEX_POINT('',#2489);
#741=VERTEX_POINT('',#2494);
#742=VERTEX_POINT('',#2496);
#743=VERTEX_POINT('',#2501);
#744=VERTEX_POINT('',#2502);
#745=VERTEX_POINT('',#2504);
#746=VERTEX_POINT('',#2506);
#747=VERTEX_POINT('',#2510);
#748=VERTEX_POINT('',#2512);
#749=VERTEX_POINT('',#2516);
#750=VERTEX_POINT('',#2517);
#751=VERTEX_POINT('',#2519);
#752=VERTEX_POINT('',#2521);
#753=VERTEX_POINT('',#2525);
#754=VERTEX_POINT('',#2527);
#755=VERTEX_POINT('',#2531);
#756=VERTEX_POINT('',#2533);
#757=VERTEX_POINT('',#2535);
#758=VERTEX_POINT('',#2537);
#759=VERTEX_POINT('',#2539);
#760=VERTEX_POINT('',#2541);
#761=VERTEX_POINT('',#2543);
#762=VERTEX_POINT('',#2588);
#763=VERTEX_POINT('',#2589);
#764=VERTEX_POINT('',#2591);
#765=VERTEX_POINT('',#2617);
#766=VERTEX_POINT('',#2618);
#767=VERTEX_POINT('',#2620);
#768=VERTEX_POINT('',#2624);
#769=VERTEX_POINT('',#2636);
#770=VERTEX_POINT('',#2679);
#771=VERTEX_POINT('',#2681);
#772=VERTEX_POINT('',#2697);
#773=VERTEX_POINT('',#2702);
#774=VERTEX_POINT('',#2704);
#775=VERTEX_POINT('',#2706);
#776=VERTEX_POINT('',#2713);
#777=VERTEX_POINT('',#2717);
#778=VERTEX_POINT('',#2719);
#779=VERTEX_POINT('',#2721);
#780=VERTEX_POINT('',#2723);
#781=VERTEX_POINT('',#2727);
#782=VERTEX_POINT('',#2728);
#783=VERTEX_POINT('',#2730);
#784=VERTEX_POINT('',#2732);
#785=VERTEX_POINT('',#2736);
#786=VERTEX_POINT('',#2738);
#787=VERTEX_POINT('',#2742);
#788=VERTEX_POINT('',#2746);
#789=VERTEX_POINT('',#2748);
#790=VERTEX_POINT('',#2750);
#791=VERTEX_POINT('',#2753);
#792=VERTEX_POINT('',#2755);
#793=VERTEX_POINT('',#2759);
#794=VERTEX_POINT('',#2764);
#795=VERTEX_POINT('',#2765);
#796=VERTEX_POINT('',#2767);
#797=VERTEX_POINT('',#2769);
#798=VERTEX_POINT('',#2771);
#799=VERTEX_POINT('',#2773);
#800=VERTEX_POINT('',#2792);
#801=VERTEX_POINT('',#2794);
#802=VERTEX_POINT('',#2798);
#803=VERTEX_POINT('',#2800);
#804=VERTEX_POINT('',#2805);
#805=VERTEX_POINT('',#2812);
#806=EDGE_CURVE('',#659,#659,#619,.T.);
#807=EDGE_CURVE('',#659,#660,#303,.T.);
#808=EDGE_CURVE('',#660,#660,#620,.T.);
#809=EDGE_CURVE('',#661,#661,#621,.T.);
#810=EDGE_CURVE('',#661,#662,#304,.T.);
#811=EDGE_CURVE('',#662,#662,#622,.T.);
#812=EDGE_CURVE('',#663,#663,#623,.T.);
#813=EDGE_CURVE('',#663,#664,#305,.T.);
#814=EDGE_CURVE('',#664,#664,#624,.T.);
#815=EDGE_CURVE('',#665,#665,#625,.T.);
#816=EDGE_CURVE('',#665,#666,#306,.T.);
#817=EDGE_CURVE('',#666,#666,#626,.T.);
#818=EDGE_CURVE('',#667,#668,#307,.T.);
#819=EDGE_CURVE('',#667,#669,#308,.T.);
#820=EDGE_CURVE('',#669,#670,#309,.T.);
#821=EDGE_CURVE('',#670,#668,#310,.T.);
#822=EDGE_CURVE('',#671,#671,#627,.T.);
#823=EDGE_CURVE('',#671,#672,#311,.T.);
#824=EDGE_CURVE('',#672,#672,#628,.T.);
#825=EDGE_CURVE('',#673,#673,#629,.T.);
#826=EDGE_CURVE('',#673,#674,#312,.T.);
#827=EDGE_CURVE('',#674,#674,#630,.T.);
#828=EDGE_CURVE('',#675,#676,#313,.T.);
#829=EDGE_CURVE('',#677,#676,#314,.T.);
#830=EDGE_CURVE('',#678,#677,#315,.T.);
#831=EDGE_CURVE('',#675,#678,#316,.T.);
#832=EDGE_CURVE('',#678,#679,#317,.T.);
#833=EDGE_CURVE('',#680,#679,#318,.T.);
#834=EDGE_CURVE('',#680,#675,#319,.T.);
#835=EDGE_CURVE('',#681,#682,#320,.T.);
#836=EDGE_CURVE('',#683,#682,#321,.T.);
#837=EDGE_CURVE('',#684,#683,#322,.T.);
#838=EDGE_CURVE('',#681,#684,#323,.T.);
#839=EDGE_CURVE('',#685,#686,#324,.T.);
#840=EDGE_CURVE('',#685,#685,#38,.T.);
#841=EDGE_CURVE('',#687,#686,#39,.T.);
#842=EDGE_CURVE('',#686,#687,#40,.T.);
#843=EDGE_CURVE('',#687,#688,#325,.T.);
#844=EDGE_CURVE('',#688,#688,#631,.T.);
#845=EDGE_CURVE('',#689,#690,#41,.T.);
#846=EDGE_CURVE('',#689,#689,#42,.T.);
#847=EDGE_CURVE('',#691,#690,#43,.T.);
#848=EDGE_CURVE('',#690,#691,#44,.T.);
#849=EDGE_CURVE('',#691,#692,#326,.T.);
#850=EDGE_CURVE('',#692,#692,#632,.T.);
#851=EDGE_CURVE('',#693,#694,#327,.T.);
#852=EDGE_CURVE('',#695,#694,#328,.T.);
#853=EDGE_CURVE('',#695,#696,#329,.T.);
#854=EDGE_CURVE('',#696,#697,#330,.T.);
#855=EDGE_CURVE('',#693,#697,#331,.T.);
#856=EDGE_CURVE('',#694,#698,#332,.T.);
#857=EDGE_CURVE('',#699,#698,#333,.T.);
#858=EDGE_CURVE('',#699,#695,#334,.T.);
#859=EDGE_CURVE('',#700,#699,#335,.T.);
#860=EDGE_CURVE('',#701,#700,#336,.T.);
#861=EDGE_CURVE('',#696,#701,#337,.T.);
#862=EDGE_CURVE('',#702,#703,#15,.T.);
#863=EDGE_CURVE('',#704,#702,#338,.T.);
#864=EDGE_CURVE('',#705,#704,#633,.T.);
#865=EDGE_CURVE('',#703,#705,#339,.T.);
#866=EDGE_CURVE('',#702,#706,#340,.T.);
#867=EDGE_CURVE('',#706,#707,#341,.T.);
#868=EDGE_CURVE('',#707,#704,#342,.T.);
#869=EDGE_CURVE('',#708,#706,#16,.T.);
#870=EDGE_CURVE('',#709,#708,#343,.T.);
#871=EDGE_CURVE('',#707,#709,#634,.T.);
#872=EDGE_CURVE('',#693,#710,#344,.T.);
#873=EDGE_CURVE('',#711,#710,#345,.T.);
#874=EDGE_CURVE('',#698,#711,#346,.T.);
#875=EDGE_CURVE('',#712,#713,#347,.T.);
#876=EDGE_CURVE('',#713,#714,#348,.T.);
#877=EDGE_CURVE('',#714,#715,#349,.T.);
#878=EDGE_CURVE('',#712,#715,#350,.T.);
#879=EDGE_CURVE('',#713,#680,#635,.T.);
#880=EDGE_CURVE('',#679,#714,#636,.T.);
#881=EDGE_CURVE('',#676,#716,#351,.T.);
#882=EDGE_CURVE('',#716,#717,#352,.T.);
#883=EDGE_CURVE('',#717,#677,#353,.T.);
#884=EDGE_CURVE('',#716,#718,#637,.T.);
#885=EDGE_CURVE('',#718,#719,#354,.T.);
#886=EDGE_CURVE('',#719,#717,#638,.T.);
#887=EDGE_CURVE('',#684,#719,#355,.T.);
#888=EDGE_CURVE('',#718,#681,#356,.T.);
#889=EDGE_CURVE('',#720,#701,#357,.T.);
#890=EDGE_CURVE('',#700,#721,#358,.T.);
#891=EDGE_CURVE('',#722,#721,#359,.T.);
#892=EDGE_CURVE('',#723,#722,#360,.T.);
#893=EDGE_CURVE('',#720,#723,#639,.T.);
#894=EDGE_CURVE('',#724,#725,#640,.T.);
#895=EDGE_CURVE('',#726,#724,#361,.T.);
#896=EDGE_CURVE('',#720,#726,#17,.F.);
#897=EDGE_CURVE('',#727,#723,#362,.T.);
#898=EDGE_CURVE('',#728,#727,#641,.T.);
#899=EDGE_CURVE('',#725,#728,#363,.T.);
#900=EDGE_CURVE('',#729,#730,#642,.T.);
#901=EDGE_CURVE('',#729,#731,#364,.F.);
#902=EDGE_CURVE('',#732,#731,#18,.F.);
#903=EDGE_CURVE('',#730,#732,#365,.F.);
#904=EDGE_CURVE('',#730,#724,#366,.T.);
#905=EDGE_CURVE('',#732,#726,#367,.T.);
#906=EDGE_CURVE('',#721,#712,#368,.T.);
#907=EDGE_CURVE('',#715,#733,#369,.T.);
#908=EDGE_CURVE('',#734,#733,#370,.T.);
#909=EDGE_CURVE('',#734,#722,#371,.T.);
#910=EDGE_CURVE('',#727,#734,#372,.T.);
#911=EDGE_CURVE('',#735,#736,#373,.T.);
#912=EDGE_CURVE('',#737,#736,#374,.T.);
#913=EDGE_CURVE('',#738,#737,#375,.T.);
#914=EDGE_CURVE('',#735,#738,#376,.T.);
#915=EDGE_CURVE('',#737,#670,#377,.T.);
#916=EDGE_CURVE('',#738,#669,#378,.T.);
#917=EDGE_CURVE('',#739,#739,#643,.T.);
#918=EDGE_CURVE('',#739,#740,#379,.T.);
#919=EDGE_CURVE('',#740,#740,#644,.T.);
#920=EDGE_CURVE('',#741,#741,#645,.T.);
#921=EDGE_CURVE('',#741,#742,#380,.T.);
#922=EDGE_CURVE('',#742,#742,#646,.T.);
#923=EDGE_CURVE('',#743,#744,#381,.T.);
#924=EDGE_CURVE('',#743,#745,#382,.T.);
#925=EDGE_CURVE('',#745,#746,#383,.T.);
#926=EDGE_CURVE('',#746,#744,#384,.T.);
#927=EDGE_CURVE('',#747,#743,#385,.T.);
#928=EDGE_CURVE('',#747,#748,#386,.T.);
#929=EDGE_CURVE('',#745,#748,#387,.T.);
#930=EDGE_CURVE('',#749,#750,#388,.T.);
#931=EDGE_CURVE('',#749,#751,#389,.T.);
#932=EDGE_CURVE('',#751,#752,#390,.T.);
#933=EDGE_CURVE('',#752,#750,#391,.T.);
#934=EDGE_CURVE('',#744,#753,#392,.T.);
#935=EDGE_CURVE('',#753,#754,#647,.T.);
#936=EDGE_CURVE('',#754,#749,#393,.T.);
#937=EDGE_CURVE('',#750,#682,#394,.T.);
#938=EDGE_CURVE('',#755,#711,#395,.T.);
#939=EDGE_CURVE('',#756,#755,#396,.T.);
#940=EDGE_CURVE('',#757,#756,#397,.T.);
#941=EDGE_CURVE('',#758,#757,#398,.T.);
#942=EDGE_CURVE('',#758,#759,#399,.T.);
#943=EDGE_CURVE('',#759,#760,#400,.T.);
#944=EDGE_CURVE('',#760,#761,#401,.T.);
#945=EDGE_CURVE('',#761,#747,#648,.T.);
#946=EDGE_CURVE('',#752,#683,#402,.T.);
#947=EDGE_CURVE('',#762,#763,#403,.T.);
#948=EDGE_CURVE('',#763,#764,#45,.T.);
#949=EDGE_CURVE('',#764,#763,#46,.T.);
#950=EDGE_CURVE('',#762,#762,#47,.T.);
#951=EDGE_CURVE('',#765,#766,#404,.T.);
#952=EDGE_CURVE('',#765,#767,#405,.T.);
#953=EDGE_CURVE('',#710,#767,#406,.T.);
#954=EDGE_CURVE('',#766,#697,#407,.T.);
#955=EDGE_CURVE('',#768,#768,#48,.T.);
#956=EDGE_CURVE('',#764,#769,#408,.T.);
#957=EDGE_CURVE('',#769,#769,#649,.T.);
#958=EDGE_CURVE('',#768,#770,#409,.T.);
#959=EDGE_CURVE('',#770,#771,#49,.T.);
#960=EDGE_CURVE('',#771,#770,#50,.T.);
#961=EDGE_CURVE('',#771,#772,#410,.T.);
#962=EDGE_CURVE('',#772,#772,#650,.T.);
#963=EDGE_CURVE('',#765,#773,#411,.T.);
#964=EDGE_CURVE('',#774,#766,#412,.T.);
#965=EDGE_CURVE('',#775,#774,#413,.T.);
#966=EDGE_CURVE('',#775,#773,#414,.T.);
#967=EDGE_CURVE('',#757,#775,#415,.T.);
#968=EDGE_CURVE('',#773,#756,#416,.T.);
#969=EDGE_CURVE('',#774,#776,#417,.T.);
#970=EDGE_CURVE('',#776,#758,#418,.T.);
#971=EDGE_CURVE('',#777,#731,#419,.F.);
#972=EDGE_CURVE('',#778,#777,#19,.F.);
#973=EDGE_CURVE('',#778,#779,#420,.T.);
#974=EDGE_CURVE('',#780,#779,#20,.F.);
#975=EDGE_CURVE('',#780,#776,#421,.T.);
#976=EDGE_CURVE('',#781,#782,#21,.T.);
#977=EDGE_CURVE('',#782,#783,#422,.T.);
#978=EDGE_CURVE('',#783,#784,#651,.T.);
#979=EDGE_CURVE('',#784,#781,#423,.T.);
#980=EDGE_CURVE('',#785,#784,#424,.T.);
#981=EDGE_CURVE('',#786,#785,#425,.T.);
#982=EDGE_CURVE('',#781,#786,#426,.T.);
#983=EDGE_CURVE('',#787,#709,#427,.T.);
#984=EDGE_CURVE('',#785,#787,#652,.T.);
#985=EDGE_CURVE('',#783,#705,#428,.T.);
#986=EDGE_CURVE('',#788,#733,#429,.T.);
#987=EDGE_CURVE('',#751,#789,#430,.T.);
#988=EDGE_CURVE('',#789,#790,#653,.T.);
#989=EDGE_CURVE('',#790,#746,#431,.T.);
#990=EDGE_CURVE('',#748,#791,#654,.T.);
#991=EDGE_CURVE('',#791,#792,#432,.T.);
#992=EDGE_CURVE('',#792,#788,#433,.T.);
#993=EDGE_CURVE('',#793,#786,#22,.T.);
#994=EDGE_CURVE('',#787,#793,#434,.T.);
#995=EDGE_CURVE('',#793,#708,#435,.T.);
#996=EDGE_CURVE('',#794,#795,#436,.T.);
#997=EDGE_CURVE('',#796,#794,#655,.T.);
#998=EDGE_CURVE('',#797,#796,#437,.T.);
#999=EDGE_CURVE('',#798,#797,#656,.T.);
#1000=EDGE_CURVE('',#799,#798,#438,.T.);
#1001=EDGE_CURVE('',#799,#729,#439,.T.);
#1002=EDGE_CURVE('',#725,#795,#440,.T.);
#1003=EDGE_CURVE('',#755,#767,#441,.T.);
#1004=EDGE_CURVE('',#760,#792,#442,.T.);
#1005=EDGE_CURVE('',#761,#791,#443,.T.);
#1006=EDGE_CURVE('',#753,#790,#444,.T.);
#1007=EDGE_CURVE('',#754,#789,#445,.T.);
#1008=EDGE_CURVE('',#798,#777,#446,.F.);
#1009=EDGE_CURVE('',#780,#800,#657,.T.);
#1010=EDGE_CURVE('',#800,#801,#447,.T.);
#1011=EDGE_CURVE('',#801,#759,#448,.T.);
#1012=EDGE_CURVE('',#794,#802,#449,.T.);
#1013=EDGE_CURVE('',#802,#803,#658,.T.);
#1014=EDGE_CURVE('',#803,#800,#450,.T.);
#1015=EDGE_CURVE('',#779,#796,#451,.T.);
#1016=EDGE_CURVE('',#804,#728,#452,.T.);
#1017=EDGE_CURVE('',#804,#802,#453,.T.);
#1018=EDGE_CURVE('',#797,#778,#454,.F.);
#1019=EDGE_CURVE('',#805,#788,#455,.T.);
#1020=EDGE_CURVE('',#803,#805,#456,.T.);
#1021=EDGE_CURVE('',#805,#801,#457,.T.);
#1022=EDGE_CURVE('',#735,#667,#458,.T.);
#1023=EDGE_CURVE('',#736,#668,#459,.T.);
#1024=EDGE_CURVE('',#782,#703,#460,.T.);
#1025=ORIENTED_EDGE('',*,*,#806,.F.);
#1026=ORIENTED_EDGE('',*,*,#807,.T.);
#1027=ORIENTED_EDGE('',*,*,#808,.T.);
#1028=ORIENTED_EDGE('',*,*,#807,.F.);
#1029=ORIENTED_EDGE('',*,*,#808,.F.);
#1030=ORIENTED_EDGE('',*,*,#809,.F.);
#1031=ORIENTED_EDGE('',*,*,#810,.T.);
#1032=ORIENTED_EDGE('',*,*,#811,.T.);
#1033=ORIENTED_EDGE('',*,*,#810,.F.);
#1034=ORIENTED_EDGE('',*,*,#811,.F.);
#1035=ORIENTED_EDGE('',*,*,#812,.F.);
#1036=ORIENTED_EDGE('',*,*,#813,.T.);
#1037=ORIENTED_EDGE('',*,*,#814,.T.);
#1038=ORIENTED_EDGE('',*,*,#813,.F.);
#1039=ORIENTED_EDGE('',*,*,#814,.F.);
#1040=ORIENTED_EDGE('',*,*,#815,.F.);
#1041=ORIENTED_EDGE('',*,*,#816,.T.);
#1042=ORIENTED_EDGE('',*,*,#817,.T.);
#1043=ORIENTED_EDGE('',*,*,#816,.F.);
#1044=ORIENTED_EDGE('',*,*,#817,.F.);
#1045=ORIENTED_EDGE('',*,*,#818,.F.);
#1046=ORIENTED_EDGE('',*,*,#819,.T.);
#1047=ORIENTED_EDGE('',*,*,#820,.T.);
#1048=ORIENTED_EDGE('',*,*,#821,.T.);
#1049=ORIENTED_EDGE('',*,*,#822,.T.);
#1050=ORIENTED_EDGE('',*,*,#823,.T.);
#1051=ORIENTED_EDGE('',*,*,#824,.F.);
#1052=ORIENTED_EDGE('',*,*,#823,.F.);
#1053=ORIENTED_EDGE('',*,*,#824,.T.);
#1054=ORIENTED_EDGE('',*,*,#825,.T.);
#1055=ORIENTED_EDGE('',*,*,#826,.T.);
#1056=ORIENTED_EDGE('',*,*,#827,.F.);
#1057=ORIENTED_EDGE('',*,*,#826,.F.);
#1058=ORIENTED_EDGE('',*,*,#827,.T.);
#1059=ORIENTED_EDGE('',*,*,#828,.T.);
#1060=ORIENTED_EDGE('',*,*,#829,.F.);
#1061=ORIENTED_EDGE('',*,*,#830,.F.);
#1062=ORIENTED_EDGE('',*,*,#831,.F.);
#1063=ORIENTED_EDGE('',*,*,#831,.T.);
#1064=ORIENTED_EDGE('',*,*,#832,.T.);
#1065=ORIENTED_EDGE('',*,*,#833,.F.);
#1066=ORIENTED_EDGE('',*,*,#834,.T.);
#1067=ORIENTED_EDGE('',*,*,#835,.T.);
#1068=ORIENTED_EDGE('',*,*,#836,.F.);
#1069=ORIENTED_EDGE('',*,*,#837,.F.);
#1070=ORIENTED_EDGE('',*,*,#838,.F.);
#1071=ORIENTED_EDGE('',*,*,#839,.F.);
#1072=ORIENTED_EDGE('',*,*,#840,.F.);
#1073=ORIENTED_EDGE('',*,*,#839,.T.);
#1074=ORIENTED_EDGE('',*,*,#841,.F.);
#1075=ORIENTED_EDGE('',*,*,#842,.F.);
#1076=ORIENTED_EDGE('',*,*,#842,.T.);
#1077=ORIENTED_EDGE('',*,*,#843,.T.);
#1078=ORIENTED_EDGE('',*,*,#844,.T.);
#1079=ORIENTED_EDGE('',*,*,#843,.F.);
#1080=ORIENTED_EDGE('',*,*,#841,.T.);
#1081=ORIENTED_EDGE('',*,*,#845,.F.);
#1082=ORIENTED_EDGE('',*,*,#846,.F.);
#1083=ORIENTED_EDGE('',*,*,#845,.T.);
#1084=ORIENTED_EDGE('',*,*,#847,.F.);
#1085=ORIENTED_EDGE('',*,*,#848,.F.);
#1086=ORIENTED_EDGE('',*,*,#848,.T.);
#1087=ORIENTED_EDGE('',*,*,#849,.T.);
#1088=ORIENTED_EDGE('',*,*,#850,.T.);
#1089=ORIENTED_EDGE('',*,*,#849,.F.);
#1090=ORIENTED_EDGE('',*,*,#847,.T.);
#1091=ORIENTED_EDGE('',*,*,#850,.F.);
#1092=ORIENTED_EDGE('',*,*,#822,.F.);
#1093=ORIENTED_EDGE('',*,*,#851,.T.);
#1094=ORIENTED_EDGE('',*,*,#852,.F.);
#1095=ORIENTED_EDGE('',*,*,#853,.T.);
#1096=ORIENTED_EDGE('',*,*,#854,.T.);
#1097=ORIENTED_EDGE('',*,*,#855,.F.);
#1098=ORIENTED_EDGE('',*,*,#852,.T.);
#1099=ORIENTED_EDGE('',*,*,#856,.T.);
#1100=ORIENTED_EDGE('',*,*,#857,.F.);
#1101=ORIENTED_EDGE('',*,*,#858,.T.);
#1102=ORIENTED_EDGE('',*,*,#853,.F.);
#1103=ORIENTED_EDGE('',*,*,#858,.F.);
#1104=ORIENTED_EDGE('',*,*,#859,.F.);
#1105=ORIENTED_EDGE('',*,*,#860,.F.);
#1106=ORIENTED_EDGE('',*,*,#861,.F.);
#1107=ORIENTED_EDGE('',*,*,#862,.F.);
#1108=ORIENTED_EDGE('',*,*,#863,.F.);
#1109=ORIENTED_EDGE('',*,*,#864,.F.);
#1110=ORIENTED_EDGE('',*,*,#865,.F.);
#1111=ORIENTED_EDGE('',*,*,#863,.T.);
#1112=ORIENTED_EDGE('',*,*,#866,.T.);
#1113=ORIENTED_EDGE('',*,*,#867,.T.);
#1114=ORIENTED_EDGE('',*,*,#868,.T.);
#1115=ORIENTED_EDGE('',*,*,#869,.F.);
#1116=ORIENTED_EDGE('',*,*,#870,.F.);
#1117=ORIENTED_EDGE('',*,*,#871,.F.);
#1118=ORIENTED_EDGE('',*,*,#867,.F.);
#1119=ORIENTED_EDGE('',*,*,#851,.F.);
#1120=ORIENTED_EDGE('',*,*,#872,.T.);
#1121=ORIENTED_EDGE('',*,*,#873,.F.);
#1122=ORIENTED_EDGE('',*,*,#874,.F.);
#1123=ORIENTED_EDGE('',*,*,#856,.F.);
#1124=ORIENTED_EDGE('',*,*,#875,.T.);
#1125=ORIENTED_EDGE('',*,*,#876,.T.);
#1126=ORIENTED_EDGE('',*,*,#877,.T.);
#1127=ORIENTED_EDGE('',*,*,#878,.F.);
#1128=ORIENTED_EDGE('',*,*,#879,.T.);
#1129=ORIENTED_EDGE('',*,*,#833,.T.);
#1130=ORIENTED_EDGE('',*,*,#880,.T.);
#1131=ORIENTED_EDGE('',*,*,#876,.F.);
#1132=ORIENTED_EDGE('',*,*,#829,.T.);
#1133=ORIENTED_EDGE('',*,*,#881,.T.);
#1134=ORIENTED_EDGE('',*,*,#882,.T.);
#1135=ORIENTED_EDGE('',*,*,#883,.T.);
#1136=ORIENTED_EDGE('',*,*,#884,.T.);
#1137=ORIENTED_EDGE('',*,*,#885,.T.);
#1138=ORIENTED_EDGE('',*,*,#886,.T.);
#1139=ORIENTED_EDGE('',*,*,#882,.F.);
#1140=ORIENTED_EDGE('',*,*,#838,.T.);
#1141=ORIENTED_EDGE('',*,*,#887,.T.);
#1142=ORIENTED_EDGE('',*,*,#885,.F.);
#1143=ORIENTED_EDGE('',*,*,#888,.T.);
#1144=ORIENTED_EDGE('',*,*,#889,.T.);
#1145=ORIENTED_EDGE('',*,*,#860,.T.);
#1146=ORIENTED_EDGE('',*,*,#890,.T.);
#1147=ORIENTED_EDGE('',*,*,#891,.F.);
#1148=ORIENTED_EDGE('',*,*,#892,.F.);
#1149=ORIENTED_EDGE('',*,*,#893,.F.);
#1150=ORIENTED_EDGE('',*,*,#894,.F.);
#1151=ORIENTED_EDGE('',*,*,#895,.F.);
#1152=ORIENTED_EDGE('',*,*,#896,.F.);
#1153=ORIENTED_EDGE('',*,*,#893,.T.);
#1154=ORIENTED_EDGE('',*,*,#897,.F.);
#1155=ORIENTED_EDGE('',*,*,#898,.F.);
#1156=ORIENTED_EDGE('',*,*,#899,.F.);
#1157=ORIENTED_EDGE('',*,*,#900,.F.);
#1158=ORIENTED_EDGE('',*,*,#901,.T.);
#1159=ORIENTED_EDGE('',*,*,#902,.F.);
#1160=ORIENTED_EDGE('',*,*,#903,.F.);
#1161=ORIENTED_EDGE('',*,*,#904,.F.);
#1162=ORIENTED_EDGE('',*,*,#903,.T.);
#1163=ORIENTED_EDGE('',*,*,#905,.T.);
#1164=ORIENTED_EDGE('',*,*,#895,.T.);
#1165=ORIENTED_EDGE('',*,*,#906,.T.);
#1166=ORIENTED_EDGE('',*,*,#878,.T.);
#1167=ORIENTED_EDGE('',*,*,#907,.T.);
#1168=ORIENTED_EDGE('',*,*,#908,.F.);
#1169=ORIENTED_EDGE('',*,*,#909,.T.);
#1170=ORIENTED_EDGE('',*,*,#891,.T.);
#1171=ORIENTED_EDGE('',*,*,#910,.F.);
#1172=ORIENTED_EDGE('',*,*,#897,.T.);
#1173=ORIENTED_EDGE('',*,*,#892,.T.);
#1174=ORIENTED_EDGE('',*,*,#909,.F.);
#1175=ORIENTED_EDGE('',*,*,#844,.F.);
#1176=ORIENTED_EDGE('',*,*,#825,.F.);
#1177=ORIENTED_EDGE('',*,*,#911,.T.);
#1178=ORIENTED_EDGE('',*,*,#912,.F.);
#1179=ORIENTED_EDGE('',*,*,#913,.F.);
#1180=ORIENTED_EDGE('',*,*,#914,.F.);
#1181=ORIENTED_EDGE('',*,*,#913,.T.);
#1182=ORIENTED_EDGE('',*,*,#915,.T.);
#1183=ORIENTED_EDGE('',*,*,#820,.F.);
#1184=ORIENTED_EDGE('',*,*,#916,.F.);
#1185=ORIENTED_EDGE('',*,*,#806,.T.);
#1186=ORIENTED_EDGE('',*,*,#809,.T.);
#1187=ORIENTED_EDGE('',*,*,#812,.T.);
#1188=ORIENTED_EDGE('',*,*,#815,.T.);
#1189=ORIENTED_EDGE('',*,*,#917,.F.);
#1190=ORIENTED_EDGE('',*,*,#918,.T.);
#1191=ORIENTED_EDGE('',*,*,#919,.T.);
#1192=ORIENTED_EDGE('',*,*,#918,.F.);
#1193=ORIENTED_EDGE('',*,*,#919,.F.);
#1194=ORIENTED_EDGE('',*,*,#920,.F.);
#1195=ORIENTED_EDGE('',*,*,#921,.T.);
#1196=ORIENTED_EDGE('',*,*,#922,.T.);
#1197=ORIENTED_EDGE('',*,*,#921,.F.);
#1198=ORIENTED_EDGE('',*,*,#922,.F.);
#1199=ORIENTED_EDGE('',*,*,#923,.F.);
#1200=ORIENTED_EDGE('',*,*,#924,.T.);
#1201=ORIENTED_EDGE('',*,*,#925,.T.);
#1202=ORIENTED_EDGE('',*,*,#926,.T.);
#1203=ORIENTED_EDGE('',*,*,#924,.F.);
#1204=ORIENTED_EDGE('',*,*,#927,.F.);
#1205=ORIENTED_EDGE('',*,*,#928,.T.);
#1206=ORIENTED_EDGE('',*,*,#929,.F.);
#1207=ORIENTED_EDGE('',*,*,#930,.F.);
#1208=ORIENTED_EDGE('',*,*,#931,.T.);
#1209=ORIENTED_EDGE('',*,*,#932,.T.);
#1210=ORIENTED_EDGE('',*,*,#933,.T.);
#1211=ORIENTED_EDGE('',*,*,#923,.T.);
#1212=ORIENTED_EDGE('',*,*,#934,.T.);
#1213=ORIENTED_EDGE('',*,*,#935,.T.);
#1214=ORIENTED_EDGE('',*,*,#936,.T.);
#1215=ORIENTED_EDGE('',*,*,#930,.T.);
#1216=ORIENTED_EDGE('',*,*,#937,.T.);
#1217=ORIENTED_EDGE('',*,*,#835,.F.);
#1218=ORIENTED_EDGE('',*,*,#888,.F.);
#1219=ORIENTED_EDGE('',*,*,#884,.F.);
#1220=ORIENTED_EDGE('',*,*,#881,.F.);
#1221=ORIENTED_EDGE('',*,*,#828,.F.);
#1222=ORIENTED_EDGE('',*,*,#834,.F.);
#1223=ORIENTED_EDGE('',*,*,#879,.F.);
#1224=ORIENTED_EDGE('',*,*,#875,.F.);
#1225=ORIENTED_EDGE('',*,*,#906,.F.);
#1226=ORIENTED_EDGE('',*,*,#890,.F.);
#1227=ORIENTED_EDGE('',*,*,#859,.T.);
#1228=ORIENTED_EDGE('',*,*,#857,.T.);
#1229=ORIENTED_EDGE('',*,*,#874,.T.);
#1230=ORIENTED_EDGE('',*,*,#938,.F.);
#1231=ORIENTED_EDGE('',*,*,#939,.F.);
#1232=ORIENTED_EDGE('',*,*,#940,.F.);
#1233=ORIENTED_EDGE('',*,*,#941,.F.);
#1234=ORIENTED_EDGE('',*,*,#942,.T.);
#1235=ORIENTED_EDGE('',*,*,#943,.T.);
#1236=ORIENTED_EDGE('',*,*,#944,.T.);
#1237=ORIENTED_EDGE('',*,*,#945,.T.);
#1238=ORIENTED_EDGE('',*,*,#927,.T.);
#1239=ORIENTED_EDGE('',*,*,#933,.F.);
#1240=ORIENTED_EDGE('',*,*,#946,.T.);
#1241=ORIENTED_EDGE('',*,*,#836,.T.);
#1242=ORIENTED_EDGE('',*,*,#937,.F.);
#1243=ORIENTED_EDGE('',*,*,#947,.T.);
#1244=ORIENTED_EDGE('',*,*,#948,.T.);
#1245=ORIENTED_EDGE('',*,*,#949,.T.);
#1246=ORIENTED_EDGE('',*,*,#947,.F.);
#1247=ORIENTED_EDGE('',*,*,#950,.T.);
#1248=ORIENTED_EDGE('',*,*,#951,.F.);
#1249=ORIENTED_EDGE('',*,*,#952,.T.);
#1250=ORIENTED_EDGE('',*,*,#953,.F.);
#1251=ORIENTED_EDGE('',*,*,#872,.F.);
#1252=ORIENTED_EDGE('',*,*,#855,.T.);
#1253=ORIENTED_EDGE('',*,*,#954,.F.);
#1254=ORIENTED_EDGE('',*,*,#840,.T.);
#1255=ORIENTED_EDGE('',*,*,#846,.T.);
#1256=ORIENTED_EDGE('',*,*,#955,.F.);
#1257=ORIENTED_EDGE('',*,*,#950,.F.);
#1258=ORIENTED_EDGE('',*,*,#948,.F.);
#1259=ORIENTED_EDGE('',*,*,#949,.F.);
#1260=ORIENTED_EDGE('',*,*,#956,.T.);
#1261=ORIENTED_EDGE('',*,*,#957,.F.);
#1262=ORIENTED_EDGE('',*,*,#956,.F.);
#1263=ORIENTED_EDGE('',*,*,#958,.T.);
#1264=ORIENTED_EDGE('',*,*,#959,.T.);
#1265=ORIENTED_EDGE('',*,*,#960,.T.);
#1266=ORIENTED_EDGE('',*,*,#958,.F.);
#1267=ORIENTED_EDGE('',*,*,#955,.T.);
#1268=ORIENTED_EDGE('',*,*,#959,.F.);
#1269=ORIENTED_EDGE('',*,*,#960,.F.);
#1270=ORIENTED_EDGE('',*,*,#961,.T.);
#1271=ORIENTED_EDGE('',*,*,#962,.F.);
#1272=ORIENTED_EDGE('',*,*,#961,.F.);
#1273=ORIENTED_EDGE('',*,*,#962,.T.);
#1274=ORIENTED_EDGE('',*,*,#917,.T.);
#1275=ORIENTED_EDGE('',*,*,#963,.F.);
#1276=ORIENTED_EDGE('',*,*,#951,.T.);
#1277=ORIENTED_EDGE('',*,*,#964,.F.);
#1278=ORIENTED_EDGE('',*,*,#965,.F.);
#1279=ORIENTED_EDGE('',*,*,#966,.T.);
#1280=ORIENTED_EDGE('',*,*,#966,.F.);
#1281=ORIENTED_EDGE('',*,*,#967,.F.);
#1282=ORIENTED_EDGE('',*,*,#940,.T.);
#1283=ORIENTED_EDGE('',*,*,#968,.F.);
#1284=ORIENTED_EDGE('',*,*,#965,.T.);
#1285=ORIENTED_EDGE('',*,*,#969,.T.);
#1286=ORIENTED_EDGE('',*,*,#970,.T.);
#1287=ORIENTED_EDGE('',*,*,#941,.T.);
#1288=ORIENTED_EDGE('',*,*,#967,.T.);
#1289=ORIENTED_EDGE('',*,*,#964,.T.);
#1290=ORIENTED_EDGE('',*,*,#954,.T.);
#1291=ORIENTED_EDGE('',*,*,#854,.F.);
#1292=ORIENTED_EDGE('',*,*,#861,.T.);
#1293=ORIENTED_EDGE('',*,*,#889,.F.);
#1294=ORIENTED_EDGE('',*,*,#896,.T.);
#1295=ORIENTED_EDGE('',*,*,#905,.F.);
#1296=ORIENTED_EDGE('',*,*,#902,.T.);
#1297=ORIENTED_EDGE('',*,*,#971,.F.);
#1298=ORIENTED_EDGE('',*,*,#972,.F.);
#1299=ORIENTED_EDGE('',*,*,#973,.T.);
#1300=ORIENTED_EDGE('',*,*,#974,.F.);
#1301=ORIENTED_EDGE('',*,*,#975,.T.);
#1302=ORIENTED_EDGE('',*,*,#969,.F.);
#1303=ORIENTED_EDGE('',*,*,#976,.T.);
#1304=ORIENTED_EDGE('',*,*,#977,.T.);
#1305=ORIENTED_EDGE('',*,*,#978,.T.);
#1306=ORIENTED_EDGE('',*,*,#979,.T.);
#1307=ORIENTED_EDGE('',*,*,#979,.F.);
#1308=ORIENTED_EDGE('',*,*,#980,.F.);
#1309=ORIENTED_EDGE('',*,*,#981,.F.);
#1310=ORIENTED_EDGE('',*,*,#982,.F.);
#1311=ORIENTED_EDGE('',*,*,#983,.F.);
#1312=ORIENTED_EDGE('',*,*,#984,.F.);
#1313=ORIENTED_EDGE('',*,*,#980,.T.);
#1314=ORIENTED_EDGE('',*,*,#978,.F.);
#1315=ORIENTED_EDGE('',*,*,#985,.T.);
#1316=ORIENTED_EDGE('',*,*,#864,.T.);
#1317=ORIENTED_EDGE('',*,*,#868,.F.);
#1318=ORIENTED_EDGE('',*,*,#871,.T.);
#1319=ORIENTED_EDGE('',*,*,#986,.T.);
#1320=ORIENTED_EDGE('',*,*,#907,.F.);
#1321=ORIENTED_EDGE('',*,*,#877,.F.);
#1322=ORIENTED_EDGE('',*,*,#880,.F.);
#1323=ORIENTED_EDGE('',*,*,#832,.F.);
#1324=ORIENTED_EDGE('',*,*,#830,.T.);
#1325=ORIENTED_EDGE('',*,*,#883,.F.);
#1326=ORIENTED_EDGE('',*,*,#886,.F.);
#1327=ORIENTED_EDGE('',*,*,#887,.F.);
#1328=ORIENTED_EDGE('',*,*,#837,.T.);
#1329=ORIENTED_EDGE('',*,*,#946,.F.);
#1330=ORIENTED_EDGE('',*,*,#932,.F.);
#1331=ORIENTED_EDGE('',*,*,#987,.T.);
#1332=ORIENTED_EDGE('',*,*,#988,.T.);
#1333=ORIENTED_EDGE('',*,*,#989,.T.);
#1334=ORIENTED_EDGE('',*,*,#925,.F.);
#1335=ORIENTED_EDGE('',*,*,#929,.T.);
#1336=ORIENTED_EDGE('',*,*,#990,.T.);
#1337=ORIENTED_EDGE('',*,*,#991,.T.);
#1338=ORIENTED_EDGE('',*,*,#992,.T.);
#1339=ORIENTED_EDGE('',*,*,#993,.T.);
#1340=ORIENTED_EDGE('',*,*,#981,.T.);
#1341=ORIENTED_EDGE('',*,*,#984,.T.);
#1342=ORIENTED_EDGE('',*,*,#994,.T.);
#1343=ORIENTED_EDGE('',*,*,#983,.T.);
#1344=ORIENTED_EDGE('',*,*,#870,.T.);
#1345=ORIENTED_EDGE('',*,*,#995,.F.);
#1346=ORIENTED_EDGE('',*,*,#994,.F.);
#1347=ORIENTED_EDGE('',*,*,#996,.F.);
#1348=ORIENTED_EDGE('',*,*,#997,.F.);
#1349=ORIENTED_EDGE('',*,*,#998,.F.);
#1350=ORIENTED_EDGE('',*,*,#999,.F.);
#1351=ORIENTED_EDGE('',*,*,#1000,.F.);
#1352=ORIENTED_EDGE('',*,*,#1001,.T.);
#1353=ORIENTED_EDGE('',*,*,#900,.T.);
#1354=ORIENTED_EDGE('',*,*,#904,.T.);
#1355=ORIENTED_EDGE('',*,*,#894,.T.);
#1356=ORIENTED_EDGE('',*,*,#1002,.T.);
#1357=ORIENTED_EDGE('',*,*,#963,.T.);
#1358=ORIENTED_EDGE('',*,*,#968,.T.);
#1359=ORIENTED_EDGE('',*,*,#939,.T.);
#1360=ORIENTED_EDGE('',*,*,#1003,.T.);
#1361=ORIENTED_EDGE('',*,*,#952,.F.);
#1362=ORIENTED_EDGE('',*,*,#1003,.F.);
#1363=ORIENTED_EDGE('',*,*,#938,.T.);
#1364=ORIENTED_EDGE('',*,*,#873,.T.);
#1365=ORIENTED_EDGE('',*,*,#953,.T.);
#1366=ORIENTED_EDGE('',*,*,#944,.F.);
#1367=ORIENTED_EDGE('',*,*,#1004,.T.);
#1368=ORIENTED_EDGE('',*,*,#991,.F.);
#1369=ORIENTED_EDGE('',*,*,#1005,.F.);
#1370=ORIENTED_EDGE('',*,*,#945,.F.);
#1371=ORIENTED_EDGE('',*,*,#1005,.T.);
#1372=ORIENTED_EDGE('',*,*,#990,.F.);
#1373=ORIENTED_EDGE('',*,*,#928,.F.);
#1374=ORIENTED_EDGE('',*,*,#926,.F.);
#1375=ORIENTED_EDGE('',*,*,#989,.F.);
#1376=ORIENTED_EDGE('',*,*,#1006,.F.);
#1377=ORIENTED_EDGE('',*,*,#934,.F.);
#1378=ORIENTED_EDGE('',*,*,#935,.F.);
#1379=ORIENTED_EDGE('',*,*,#1006,.T.);
#1380=ORIENTED_EDGE('',*,*,#988,.F.);
#1381=ORIENTED_EDGE('',*,*,#1007,.F.);
#1382=ORIENTED_EDGE('',*,*,#931,.F.);
#1383=ORIENTED_EDGE('',*,*,#936,.F.);
#1384=ORIENTED_EDGE('',*,*,#1007,.T.);
#1385=ORIENTED_EDGE('',*,*,#987,.F.);
#1386=ORIENTED_EDGE('',*,*,#1000,.T.);
#1387=ORIENTED_EDGE('',*,*,#1008,.T.);
#1388=ORIENTED_EDGE('',*,*,#971,.T.);
#1389=ORIENTED_EDGE('',*,*,#901,.F.);
#1390=ORIENTED_EDGE('',*,*,#1001,.F.);
#1391=ORIENTED_EDGE('',*,*,#975,.F.);
#1392=ORIENTED_EDGE('',*,*,#1009,.T.);
#1393=ORIENTED_EDGE('',*,*,#1010,.T.);
#1394=ORIENTED_EDGE('',*,*,#1011,.T.);
#1395=ORIENTED_EDGE('',*,*,#942,.F.);
#1396=ORIENTED_EDGE('',*,*,#970,.F.);
#1397=ORIENTED_EDGE('',*,*,#997,.T.);
#1398=ORIENTED_EDGE('',*,*,#1012,.T.);
#1399=ORIENTED_EDGE('',*,*,#1013,.T.);
#1400=ORIENTED_EDGE('',*,*,#1014,.T.);
#1401=ORIENTED_EDGE('',*,*,#1009,.F.);
#1402=ORIENTED_EDGE('',*,*,#974,.T.);
#1403=ORIENTED_EDGE('',*,*,#1015,.T.);
#1404=ORIENTED_EDGE('',*,*,#996,.T.);
#1405=ORIENTED_EDGE('',*,*,#1002,.F.);
#1406=ORIENTED_EDGE('',*,*,#899,.T.);
#1407=ORIENTED_EDGE('',*,*,#1016,.F.);
#1408=ORIENTED_EDGE('',*,*,#1017,.T.);
#1409=ORIENTED_EDGE('',*,*,#1012,.F.);
#1410=ORIENTED_EDGE('',*,*,#999,.T.);
#1411=ORIENTED_EDGE('',*,*,#1018,.T.);
#1412=ORIENTED_EDGE('',*,*,#972,.T.);
#1413=ORIENTED_EDGE('',*,*,#1008,.F.);
#1414=ORIENTED_EDGE('',*,*,#998,.T.);
#1415=ORIENTED_EDGE('',*,*,#1015,.F.);
#1416=ORIENTED_EDGE('',*,*,#973,.F.);
#1417=ORIENTED_EDGE('',*,*,#1018,.F.);
#1418=ORIENTED_EDGE('',*,*,#1019,.F.);
#1419=ORIENTED_EDGE('',*,*,#1020,.F.);
#1420=ORIENTED_EDGE('',*,*,#1013,.F.);
#1421=ORIENTED_EDGE('',*,*,#1017,.F.);
#1422=ORIENTED_EDGE('',*,*,#1016,.T.);
#1423=ORIENTED_EDGE('',*,*,#898,.T.);
#1424=ORIENTED_EDGE('',*,*,#910,.T.);
#1425=ORIENTED_EDGE('',*,*,#908,.T.);
#1426=ORIENTED_EDGE('',*,*,#986,.F.);
#1427=ORIENTED_EDGE('',*,*,#943,.F.);
#1428=ORIENTED_EDGE('',*,*,#1011,.F.);
#1429=ORIENTED_EDGE('',*,*,#1021,.F.);
#1430=ORIENTED_EDGE('',*,*,#1019,.T.);
#1431=ORIENTED_EDGE('',*,*,#992,.F.);
#1432=ORIENTED_EDGE('',*,*,#1004,.F.);
#1433=ORIENTED_EDGE('',*,*,#1020,.T.);
#1434=ORIENTED_EDGE('',*,*,#1021,.T.);
#1435=ORIENTED_EDGE('',*,*,#1010,.F.);
#1436=ORIENTED_EDGE('',*,*,#1014,.F.);
#1437=ORIENTED_EDGE('',*,*,#914,.T.);
#1438=ORIENTED_EDGE('',*,*,#916,.T.);
#1439=ORIENTED_EDGE('',*,*,#819,.F.);
#1440=ORIENTED_EDGE('',*,*,#1022,.F.);
#1441=ORIENTED_EDGE('',*,*,#912,.T.);
#1442=ORIENTED_EDGE('',*,*,#1023,.T.);
#1443=ORIENTED_EDGE('',*,*,#821,.F.);
#1444=ORIENTED_EDGE('',*,*,#915,.F.);
#1445=ORIENTED_EDGE('',*,*,#1024,.F.);
#1446=ORIENTED_EDGE('',*,*,#976,.F.);
#1447=ORIENTED_EDGE('',*,*,#982,.T.);
#1448=ORIENTED_EDGE('',*,*,#993,.F.);
#1449=ORIENTED_EDGE('',*,*,#995,.T.);
#1450=ORIENTED_EDGE('',*,*,#869,.T.);
#1451=ORIENTED_EDGE('',*,*,#866,.F.);
#1452=ORIENTED_EDGE('',*,*,#862,.T.);
#1453=ORIENTED_EDGE('',*,*,#1022,.T.);
#1454=ORIENTED_EDGE('',*,*,#818,.T.);
#1455=ORIENTED_EDGE('',*,*,#1023,.F.);
#1456=ORIENTED_EDGE('',*,*,#911,.F.);
#1457=ORIENTED_EDGE('',*,*,#977,.F.);
#1458=ORIENTED_EDGE('',*,*,#1024,.T.);
#1459=ORIENTED_EDGE('',*,*,#865,.T.);
#1460=ORIENTED_EDGE('',*,*,#985,.F.);
#1461=ORIENTED_EDGE('',*,*,#957,.T.);
#1462=ORIENTED_EDGE('',*,*,#920,.T.);
#1463=CYLINDRICAL_SURFACE('',#1576,5.50000000000001);
#1464=CYLINDRICAL_SURFACE('',#1580,5.5);
#1465=CYLINDRICAL_SURFACE('',#1584,5.5);
#1466=CYLINDRICAL_SURFACE('',#1588,5.50000000000001);
#1467=CYLINDRICAL_SURFACE('',#1593,1.5);
#1468=CYLINDRICAL_SURFACE('',#1597,1.5);
#1469=CYLINDRICAL_SURFACE('',#1604,3.5);
#1470=CYLINDRICAL_SURFACE('',#1606,3.5);
#1471=CYLINDRICAL_SURFACE('',#1612,3.);
#1472=CYLINDRICAL_SURFACE('',#1616,3.);
#1473=CYLINDRICAL_SURFACE('',#1621,2.99804646372593);
#1474=CYLINDRICAL_SURFACE('',#1625,2.99804646373491);
#1475=CYLINDRICAL_SURFACE('',#1631,1.4);
#1476=CYLINDRICAL_SURFACE('',#1635,1.39999999999999);
#1477=CYLINDRICAL_SURFACE('',#1644,1.5);
#1478=CYLINDRICAL_SURFACE('',#1648,1.5);
#1479=CYLINDRICAL_SURFACE('',#1660,3.5);
#1480=CYLINDRICAL_SURFACE('',#1662,3.5);
#1481=CYLINDRICAL_SURFACE('',#1671,3.);
#1482=CYLINDRICAL_SURFACE('',#1679,3.);
#1483=CYLINDRICAL_SURFACE('',#1687,2.99804646372593);
#1484=CYLINDRICAL_SURFACE('',#1689,2.99804646373491);
#1485=CYLINDRICAL_SURFACE('',#1694,1.4);
#1486=CYLINDRICAL_SURFACE('',#1697,1.39999999999999);
#1487=ADVANCED_FACE('',(#114),#1463,.F.);
#1488=ADVANCED_FACE('',(#115),#55,.T.);
#1489=ADVANCED_FACE('',(#116),#1464,.F.);
#1490=ADVANCED_FACE('',(#117),#56,.T.);
#1491=ADVANCED_FACE('',(#118),#1465,.F.);
#1492=ADVANCED_FACE('',(#119),#57,.T.);
#1493=ADVANCED_FACE('',(#120),#1466,.F.);
#1494=ADVANCED_FACE('',(#121),#58,.T.);
#1495=ADVANCED_FACE('',(#122),#59,.T.);
#1496=ADVANCED_FACE('',(#123),#1467,.F.);
#1497=ADVANCED_FACE('',(#124),#60,.F.);
#1498=ADVANCED_FACE('',(#125),#1468,.F.);
#1499=ADVANCED_FACE('',(#126),#61,.F.);
#1500=ADVANCED_FACE('',(#127),#62,.F.);
#1501=ADVANCED_FACE('',(#128),#63,.F.);
#1502=ADVANCED_FACE('',(#129),#64,.F.);
#1503=ADVANCED_FACE('',(#130),#51,.F.);
#1504=ADVANCED_FACE('',(#131),#1469,.T.);
#1505=ADVANCED_FACE('',(#132),#52,.F.);
#1506=ADVANCED_FACE('',(#133),#1470,.T.);
#1507=ADVANCED_FACE('',(#134,#23),#65,.F.);
#1508=ADVANCED_FACE('',(#135),#66,.F.);
#1509=ADVANCED_FACE('',(#136),#67,.F.);
#1510=ADVANCED_FACE('',(#137),#68,.F.);
#1511=ADVANCED_FACE('',(#138),#1471,.T.);
#1512=ADVANCED_FACE('',(#139),#69,.F.);
#1513=ADVANCED_FACE('',(#140),#1472,.T.);
#1514=ADVANCED_FACE('',(#141),#70,.F.);
#1515=ADVANCED_FACE('',(#142),#71,.F.);
#1516=ADVANCED_FACE('',(#143),#1473,.F.);
#1517=ADVANCED_FACE('',(#144),#72,.F.);
#1518=ADVANCED_FACE('',(#145),#1474,.F.);
#1519=ADVANCED_FACE('',(#146),#73,.F.);
#1520=ADVANCED_FACE('',(#147),#74,.F.);
#1521=ADVANCED_FACE('',(#148),#1475,.F.);
#1522=ADVANCED_FACE('',(#149),#1476,.F.);
#1523=ADVANCED_FACE('',(#150),#75,.T.);
#1524=ADVANCED_FACE('',(#151),#76,.T.);
#1525=ADVANCED_FACE('',(#152),#77,.T.);
#1526=ADVANCED_FACE('',(#153,#24),#78,.F.);
#1527=ADVANCED_FACE('',(#154),#79,.F.);
#1528=ADVANCED_FACE('',(#155,#25,#26,#27,#28),#80,.T.);
#1529=ADVANCED_FACE('',(#156),#1477,.F.);
#1530=ADVANCED_FACE('',(#157),#81,.T.);
#1531=ADVANCED_FACE('',(#158),#1478,.F.);
#1532=ADVANCED_FACE('',(#159),#82,.T.);
#1533=ADVANCED_FACE('',(#160),#83,.T.);
#1534=ADVANCED_FACE('',(#161),#84,.T.);
#1535=ADVANCED_FACE('',(#162),#85,.T.);
#1536=ADVANCED_FACE('',(#163),#86,.T.);
#1537=ADVANCED_FACE('',(#164),#87,.T.);
#1538=ADVANCED_FACE('',(#165),#53,.T.);
#1539=ADVANCED_FACE('',(#166,#29,#30,#31,#32),#88,.T.);
#1540=ADVANCED_FACE('',(#167),#1479,.T.);
#1541=ADVANCED_FACE('',(#168),#54,.T.);
#1542=ADVANCED_FACE('',(#169),#1480,.T.);
#1543=ADVANCED_FACE('',(#170,#33),#89,.T.);
#1544=ADVANCED_FACE('',(#171),#90,.T.);
#1545=ADVANCED_FACE('',(#172),#91,.T.);
#1546=ADVANCED_FACE('',(#173),#92,.T.);
#1547=ADVANCED_FACE('',(#174),#93,.T.);
#1548=ADVANCED_FACE('',(#175),#1481,.T.);
#1549=ADVANCED_FACE('',(#176),#94,.T.);
#1550=ADVANCED_FACE('',(#177,#34),#95,.T.);
#1551=ADVANCED_FACE('',(#178),#1482,.T.);
#1552=ADVANCED_FACE('',(#179,#35),#96,.T.);
#1553=ADVANCED_FACE('',(#180),#97,.T.);
#1554=ADVANCED_FACE('',(#181),#98,.T.);
#1555=ADVANCED_FACE('',(#182),#99,.T.);
#1556=ADVANCED_FACE('',(#183),#1483,.F.);
#1557=ADVANCED_FACE('',(#184),#100,.T.);
#1558=ADVANCED_FACE('',(#185),#1484,.F.);
#1559=ADVANCED_FACE('',(#186),#101,.T.);
#1560=ADVANCED_FACE('',(#187),#102,.F.);
#1561=ADVANCED_FACE('',(#188),#103,.T.);
#1562=ADVANCED_FACE('',(#189),#1485,.F.);
#1563=ADVANCED_FACE('',(#190),#104,.F.);
#1564=ADVANCED_FACE('',(#191),#1486,.F.);
#1565=ADVANCED_FACE('',(#192),#105,.F.);
#1566=ADVANCED_FACE('',(#193),#106,.T.);
#1567=ADVANCED_FACE('',(#194),#107,.F.);
#1568=ADVANCED_FACE('',(#195),#108,.F.);
#1569=ADVANCED_FACE('',(#196),#109,.T.);
#1570=ADVANCED_FACE('',(#197),#110,.T.);
#1571=ADVANCED_FACE('',(#198,#36),#111,.T.);
#1572=ADVANCED_FACE('',(#199),#112,.T.);
#1573=ADVANCED_FACE('',(#200,#37),#113,.T.);
#1574=CLOSED_SHELL('',(#1487,#1488,#1489,#1490,#1491,#1492,#1493,#1494,
#1495,#1496,#1497,#1498,#1499,#1500,#1501,#1502,#1503,#1504,#1505,#1506,
#1507,#1508,#1509,#1510,#1511,#1512,#1513,#1514,#1515,#1516,#1517,#1518,
#1519,#1520,#1521,#1522,#1523,#1524,#1525,#1526,#1527,#1528,#1529,#1530,
#1531,#1532,#1533,#1534,#1535,#1536,#1537,#1538,#1539,#1540,#1541,#1542,
#1543,#1544,#1545,#1546,#1547,#1548,#1549,#1550,#1551,#1552,#1553,#1554,
#1555,#1556,#1557,#1558,#1559,#1560,#1561,#1562,#1563,#1564,#1565,#1566,
#1567,#1568,#1569,#1570,#1571,#1572,#1573));
#1575=AXIS2_PLACEMENT_3D('',#2129,#1707,#1708);
#1576=AXIS2_PLACEMENT_3D('',#2130,#1709,#1710);
#1577=AXIS2_PLACEMENT_3D('',#2132,#1711,#1712);
#1578=AXIS2_PLACEMENT_3D('',#2135,#1714,#1715);
#1579=AXIS2_PLACEMENT_3D('',#2136,#1716,#1717);
#1580=AXIS2_PLACEMENT_3D('',#2137,#1718,#1719);
#1581=AXIS2_PLACEMENT_3D('',#2139,#1720,#1721);
#1582=AXIS2_PLACEMENT_3D('',#2142,#1723,#1724);
#1583=AXIS2_PLACEMENT_3D('',#2143,#1725,#1726);
#1584=AXIS2_PLACEMENT_3D('',#2144,#1727,#1728);
#1585=AXIS2_PLACEMENT_3D('',#2146,#1729,#1730);
#1586=AXIS2_PLACEMENT_3D('',#2149,#1732,#1733);
#1587=AXIS2_PLACEMENT_3D('',#2150,#1734,#1735);
#1588=AXIS2_PLACEMENT_3D('',#2151,#1736,#1737);
#1589=AXIS2_PLACEMENT_3D('',#2153,#1738,#1739);
#1590=AXIS2_PLACEMENT_3D('',#2156,#1741,#1742);
#1591=AXIS2_PLACEMENT_3D('',#2157,#1743,#1744);
#1592=AXIS2_PLACEMENT_3D('',#2158,#1745,#1746);
#1593=AXIS2_PLACEMENT_3D('',#2167,#1751,#1752);
#1594=AXIS2_PLACEMENT_3D('',#2169,#1753,#1754);
#1595=AXIS2_PLACEMENT_3D('',#2172,#1756,#1757);
#1596=AXIS2_PLACEMENT_3D('',#2173,#1758,#1759);
#1597=AXIS2_PLACEMENT_3D('',#2174,#1760,#1761);
#1598=AXIS2_PLACEMENT_3D('',#2176,#1762,#1763);
#1599=AXIS2_PLACEMENT_3D('',#2179,#1765,#1766);
#1600=AXIS2_PLACEMENT_3D('',#2180,#1767,#1768);
#1601=AXIS2_PLACEMENT_3D('',#2181,#1769,#1770);
#1602=AXIS2_PLACEMENT_3D('',#2190,#1775,#1776);
#1603=AXIS2_PLACEMENT_3D('',#2196,#1780,#1781);
#1604=AXIS2_PLACEMENT_3D('',#2273,#1787,#1788);
#1605=AXIS2_PLACEMENT_3D('',#2276,#1790,#1791);
#1606=AXIS2_PLACEMENT_3D('',#2348,#1792,#1793);
#1607=AXIS2_PLACEMENT_3D('',#2351,#1795,#1796);
#1608=AXIS2_PLACEMENT_3D('',#2352,#1797,#1798);
#1609=AXIS2_PLACEMENT_3D('',#2353,#1799,#1800);
#1610=AXIS2_PLACEMENT_3D('',#2364,#1806,#1807);
#1611=AXIS2_PLACEMENT_3D('',#2370,#1811,#1812);
#1612=AXIS2_PLACEMENT_3D('',#2376,#1816,#1817);
#1613=AXIS2_PLACEMENT_3D('',#2379,#1818,#1819);
#1614=AXIS2_PLACEMENT_3D('',#2383,#1821,#1822);
#1615=AXIS2_PLACEMENT_3D('',#2385,#1824,#1825);
#1616=AXIS2_PLACEMENT_3D('',#2391,#1829,#1830);
#1617=AXIS2_PLACEMENT_3D('',#2393,#1831,#1832);
#1618=AXIS2_PLACEMENT_3D('',#2396,#1834,#1835);
#1619=AXIS2_PLACEMENT_3D('',#2397,#1836,#1837);
#1620=AXIS2_PLACEMENT_3D('',#2403,#1841,#1842);
#1621=AXIS2_PLACEMENT_3D('',#2412,#1847,#1848);
#1622=AXIS2_PLACEMENT_3D('',#2413,#1849,#1850);
#1623=AXIS2_PLACEMENT_3D('',#2414,#1851,#1852);
#1624=AXIS2_PLACEMENT_3D('',#2415,#1853,#1854);
#1625=AXIS2_PLACEMENT_3D('',#2421,#1858,#1859);
#1626=AXIS2_PLACEMENT_3D('',#2423,#1860,#1861);
#1627=AXIS2_PLACEMENT_3D('',#2426,#1863,#1864);
#1628=AXIS2_PLACEMENT_3D('',#2427,#1865,#1866);
#1629=AXIS2_PLACEMENT_3D('',#2430,#1869,#1870);
#1630=AXIS2_PLACEMENT_3D('',#2439,#1875,#1876);
#1631=AXIS2_PLACEMENT_3D('',#2440,#1877,#1878);
#1632=AXIS2_PLACEMENT_3D('',#2443,#1879,#1880);
#1633=AXIS2_PLACEMENT_3D('',#2446,#1882,#1883);
#1634=AXIS2_PLACEMENT_3D('',#2450,#1885,#1886);
#1635=AXIS2_PLACEMENT_3D('',#2452,#1888,#1889);
#1636=AXIS2_PLACEMENT_3D('',#2455,#1890,#1891);
#1637=AXIS2_PLACEMENT_3D('',#2459,#1893,#1894);
#1638=AXIS2_PLACEMENT_3D('',#2461,#1896,#1897);
#1639=AXIS2_PLACEMENT_3D('',#2464,#1900,#1901);
#1640=AXIS2_PLACEMENT_3D('',#2471,#1906,#1907);
#1641=AXIS2_PLACEMENT_3D('',#2473,#1909,#1910);
#1642=AXIS2_PLACEMENT_3D('',#2474,#1911,#1912);
#1643=AXIS2_PLACEMENT_3D('',#2483,#1917,#1918);
#1644=AXIS2_PLACEMENT_3D('',#2486,#1921,#1922);
#1645=AXIS2_PLACEMENT_3D('',#2488,#1923,#1924);
#1646=AXIS2_PLACEMENT_3D('',#2491,#1926,#1927);
#1647=AXIS2_PLACEMENT_3D('',#2492,#1928,#1929);
#1648=AXIS2_PLACEMENT_3D('',#2493,#1930,#1931);
#1649=AXIS2_PLACEMENT_3D('',#2495,#1932,#1933);
#1650=AXIS2_PLACEMENT_3D('',#2498,#1935,#1936);
#1651=AXIS2_PLACEMENT_3D('',#2499,#1937,#1938);
#1652=AXIS2_PLACEMENT_3D('',#2500,#1939,#1940);
#1653=AXIS2_PLACEMENT_3D('',#2509,#1945,#1946);
#1654=AXIS2_PLACEMENT_3D('',#2515,#1950,#1951);
#1655=AXIS2_PLACEMENT_3D('',#2524,#1956,#1957);
#1656=AXIS2_PLACEMENT_3D('',#2528,#1959,#1960);
#1657=AXIS2_PLACEMENT_3D('',#2545,#1970,#1971);
#1658=AXIS2_PLACEMENT_3D('',#2546,#1972,#1973);
#1659=AXIS2_PLACEMENT_3D('',#2616,#1976,#1977);
#1660=AXIS2_PLACEMENT_3D('',#2635,#1982,#1983);
#1661=AXIS2_PLACEMENT_3D('',#2638,#1985,#1986);
#1662=AXIS2_PLACEMENT_3D('',#2696,#1988,#1989);
#1663=AXIS2_PLACEMENT_3D('',#2699,#1991,#1992);
#1664=AXIS2_PLACEMENT_3D('',#2700,#1993,#1994);
#1665=AXIS2_PLACEMENT_3D('',#2701,#1995,#1996);
#1666=AXIS2_PLACEMENT_3D('',#2709,#2001,#2002);
#1667=AXIS2_PLACEMENT_3D('',#2712,#2005,#2006);
#1668=AXIS2_PLACEMENT_3D('',#2716,#2009,#2010);
#1669=AXIS2_PLACEMENT_3D('',#2720,#2012,#2013);
#1670=AXIS2_PLACEMENT_3D('',#2724,#2015,#2016);
#1671=AXIS2_PLACEMENT_3D('',#2726,#2018,#2019);
#1672=AXIS2_PLACEMENT_3D('',#2729,#2020,#2021);
#1673=AXIS2_PLACEMENT_3D('',#2733,#2023,#2024);
#1674=AXIS2_PLACEMENT_3D('',#2735,#2026,#2027);
#1675=AXIS2_PLACEMENT_3D('',#2741,#2031,#2032);
#1676=AXIS2_PLACEMENT_3D('',#2744,#2034,#2035);
#1677=AXIS2_PLACEMENT_3D('',#2751,#2039,#2040);
#1678=AXIS2_PLACEMENT_3D('',#2754,#2042,#2043);
#1679=AXIS2_PLACEMENT_3D('',#2758,#2046,#2047);
#1680=AXIS2_PLACEMENT_3D('',#2760,#2048,#2049);
#1681=AXIS2_PLACEMENT_3D('',#2762,#2051,#2052);
#1682=AXIS2_PLACEMENT_3D('',#2768,#2055,#2056);
#1683=AXIS2_PLACEMENT_3D('',#2772,#2058,#2059);
#1684=AXIS2_PLACEMENT_3D('',#2777,#2063,#2064);
#1685=AXIS2_PLACEMENT_3D('',#2779,#2066,#2067);
#1686=AXIS2_PLACEMENT_3D('',#2780,#2068,#2069);
#1687=AXIS2_PLACEMENT_3D('',#2783,#2072,#2073);
#1688=AXIS2_PLACEMENT_3D('',#2784,#2074,#2075);
#1689=AXIS2_PLACEMENT_3D('',#2786,#2077,#2078);
#1690=AXIS2_PLACEMENT_3D('',#2788,#2080,#2081);
#1691=AXIS2_PLACEMENT_3D('',#2789,#2082,#2083);
#1692=AXIS2_PLACEMENT_3D('',#2791,#2085,#2086);
#1693=AXIS2_PLACEMENT_3D('',#2793,#2087,#2088);
#1694=AXIS2_PLACEMENT_3D('',#2797,#2091,#2092);
#1695=AXIS2_PLACEMENT_3D('',#2801,#2094,#2095);
#1696=AXIS2_PLACEMENT_3D('',#2804,#2098,#2099);
#1697=AXIS2_PLACEMENT_3D('',#2808,#2102,#2103);
#1698=AXIS2_PLACEMENT_3D('',#2810,#2105,#2106);
#1699=AXIS2_PLACEMENT_3D('',#2811,#2107,#2108);
#1700=AXIS2_PLACEMENT_3D('',#2815,#2111,#2112);
#1701=AXIS2_PLACEMENT_3D('',#2817,#2114,#2115);
#1702=AXIS2_PLACEMENT_3D('',#2818,#2116,#2117);
#1703=AXIS2_PLACEMENT_3D('',#2820,#2119,#2120);
#1704=AXIS2_PLACEMENT_3D('',#2822,#2122,#2123);
#1705=AXIS2_PLACEMENT_3D('',#2824,#2125,#2126);
#1706=AXIS2_PLACEMENT_3D('',#2825,#2127,#2128);
#1707=DIRECTION('axis',(0.,0.,1.));
#1708=DIRECTION('refdir',(1.,0.,0.));
#1709=DIRECTION('center_axis',(0.,0.0344589756493156,0.999406113147803));
#1710=DIRECTION('ref_axis',(1.,0.,0.));
#1711=DIRECTION('center_axis',(0.,0.0344589756493185,0.999406113147803));
#1712=DIRECTION('ref_axis',(1.,0.,0.));
#1713=DIRECTION('',(0.,0.0344589756493156,0.999406113147803));
#1714=DIRECTION('center_axis',(0.,0.0344589756493156,0.999406113147803));
#1715=DIRECTION('ref_axis',(1.,0.,0.));
#1716=DIRECTION('center_axis',(0.,-0.0344589756493156,-0.999406113147803));
#1717=DIRECTION('ref_axis',(1.,0.,0.));
#1718=DIRECTION('center_axis',(0.,0.0344589756493126,0.999406113147803));
#1719=DIRECTION('ref_axis',(1.,0.,0.));
#1720=DIRECTION('center_axis',(0.,0.0344589756493185,0.999406113147803));
#1721=DIRECTION('ref_axis',(1.,0.,0.));
#1722=DIRECTION('',(0.,0.0344589756493126,0.999406113147803));
#1723=DIRECTION('center_axis',(0.,0.0344589756493156,0.999406113147803));
#1724=DIRECTION('ref_axis',(1.,0.,0.));
#1725=DIRECTION('center_axis',(0.,-0.0344589756493156,-0.999406113147803));
#1726=DIRECTION('ref_axis',(1.,0.,0.));
#1727=DIRECTION('center_axis',(0.,0.0344589756493156,0.999406113147803));
#1728=DIRECTION('ref_axis',(1.,0.,0.));
#1729=DIRECTION('center_axis',(0.,0.0344589756493185,0.999406113147803));
#1730=DIRECTION('ref_axis',(1.,0.,0.));
#1731=DIRECTION('',(0.,0.0344589756493156,0.999406113147803));
#1732=DIRECTION('center_axis',(0.,0.0344589756493156,0.999406113147803));
#1733=DIRECTION('ref_axis',(1.,0.,0.));
#1734=DIRECTION('center_axis',(0.,-0.0344589756493156,-0.999406113147803));
#1735=DIRECTION('ref_axis',(1.,0.,0.));
#1736=DIRECTION('center_axis',(0.,0.0344589756493126,0.999406113147803));
#1737=DIRECTION('ref_axis',(1.,0.,0.));
#1738=DIRECTION('center_axis',(0.,0.0344589756493185,0.999406113147803));
#1739=DIRECTION('ref_axis',(1.,0.,0.));
#1740=DIRECTION('',(0.,0.0344589756493126,0.999406113147803));
#1741=DIRECTION('center_axis',(0.,0.0344589756493156,0.999406113147803));
#1742=DIRECTION('ref_axis',(1.,0.,0.));
#1743=DIRECTION('center_axis',(0.,-0.0344589756493156,-0.999406113147803));
#1744=DIRECTION('ref_axis',(1.,0.,0.));
#1745=DIRECTION('center_axis',(1.,0.,0.));
#1746=DIRECTION('ref_axis',(0.,0.,-1.));
#1747=DIRECTION('',(0.,0.999406113147803,-0.0344589756493155));
#1748=DIRECTION('',(0.,-0.0344589756493185,-0.999406113147803));
#1749=DIRECTION('',(0.,0.999406113147803,-0.0344589756493186));
#1750=DIRECTION('',(0.,0.0344589756493185,0.999406113147803));
#1751=DIRECTION('center_axis',(0.,0.,1.));
#1752=DIRECTION('ref_axis',(1.,0.,0.));
#1753=DIRECTION('center_axis',(0.,0.,1.));
#1754=DIRECTION('ref_axis',(1.,0.,0.));
#1755=DIRECTION('',(0.,0.,-1.));
#1756=DIRECTION('center_axis',(0.,0.,1.));
#1757=DIRECTION('ref_axis',(1.,0.,0.));
#1758=DIRECTION('center_axis',(0.,0.,-1.));
#1759=DIRECTION('ref_axis',(-1.,0.,0.));
#1760=DIRECTION('center_axis',(0.,0.,1.));
#1761=DIRECTION('ref_axis',(1.,0.,0.));
#1762=DIRECTION('center_axis',(0.,0.,1.));
#1763=DIRECTION('ref_axis',(1.,0.,0.));
#1764=DIRECTION('',(0.,0.,-1.));
#1765=DIRECTION('center_axis',(0.,0.,1.));
#1766=DIRECTION('ref_axis',(1.,0.,0.));
#1767=DIRECTION('center_axis',(0.,0.,-1.));
#1768=DIRECTION('ref_axis',(-1.,0.,0.));
#1769=DIRECTION('center_axis',(0.707106781186547,0.707106781186549,0.));
#1770=DIRECTION('ref_axis',(0.,0.,-1.));
#1771=DIRECTION('',(0.707106781186549,-0.707106781186547,0.));
#1772=DIRECTION('',(0.,0.,-1.));
#1773=DIRECTION('',(0.707106781186548,-0.707106781186546,0.));
#1774=DIRECTION('',(0.,0.,1.));
#1775=DIRECTION('center_axis',(-1.16865579408526E-16,1.,0.));
#1776=DIRECTION('ref_axis',(-1.,-1.16865579408526E-16,0.));
#1777=DIRECTION('',(-1.,-1.16865579408526E-16,0.));
#1778=DIRECTION('',(0.,0.,1.));
#1779=DIRECTION('',(1.,1.16865579408526E-16,0.));
#1780=DIRECTION('center_axis',(0.707106781186549,-0.707106781186546,0.));
#1781=DIRECTION('ref_axis',(0.,0.,-1.));
#1782=DIRECTION('',(-0.707106781186546,-0.707106781186549,0.));
#1783=DIRECTION('',(0.,0.,-1.));
#1784=DIRECTION('',(-0.707106781186546,-0.707106781186549,0.));
#1785=DIRECTION('',(0.,0.,1.));
#1786=DIRECTION('',(0.,0.719186685228051,0.694816890835771));
#1787=DIRECTION('center_axis',(0.,0.,1.));
#1788=DIRECTION('ref_axis',(1.,0.,0.));
#1789=DIRECTION('',(0.,0.,1.));
#1790=DIRECTION('center_axis',(0.,0.,-1.));
#1791=DIRECTION('ref_axis',(1.,0.,0.));
#1792=DIRECTION('center_axis',(0.,0.,1.));
#1793=DIRECTION('ref_axis',(1.,0.,0.));
#1794=DIRECTION('',(0.,0.,1.));
#1795=DIRECTION('center_axis',(0.,0.,-1.));
#1796=DIRECTION('ref_axis',(1.,0.,0.));
#1797=DIRECTION('center_axis',(0.,0.,-1.));
#1798=DIRECTION('ref_axis',(1.,0.,0.));
#1799=DIRECTION('center_axis',(0.707106781186549,-0.0243661758983528,-0.706686839747344));
#1800=DIRECTION('ref_axis',(-0.706896716915029,0.,-0.707316783071598));
#1801=DIRECTION('',(0.583869784596265,0.583869784596266,0.564085232275249));
#1802=DIRECTION('',(0.,-0.999406113121278,0.034458976418619));
#1803=DIRECTION('',(-0.570602141477982,0.570602141477983,-0.590615265872362));
#1804=DIRECTION('',(-0.583869784596264,-0.583869784596266,-0.564085232275249));
#1805=DIRECTION('',(0.,0.999406113121278,-0.034458976418619));
#1806=DIRECTION('center_axis',(1.,0.,0.));
#1807=DIRECTION('ref_axis',(0.,0.,-1.));
#1808=DIRECTION('',(0.,0.,1.));
#1809=DIRECTION('',(0.,-1.,0.));
#1810=DIRECTION('',(0.,0.,-1.));
#1811=DIRECTION('center_axis',(0.707106781186548,0.707106781186547,0.));
#1812=DIRECTION('ref_axis',(0.,0.,-1.));
#1813=DIRECTION('',(0.707106781186547,-0.707106781186548,0.));
#1814=DIRECTION('',(0.,0.,1.));
#1815=DIRECTION('',(-0.583869784596265,0.583869784596266,0.564085232275248));
#1816=DIRECTION('center_axis',(0.,0.,1.));
#1817=DIRECTION('ref_axis',(0.707106781186546,-0.707106781186549,0.));
#1818=DIRECTION('center_axis',(0.,-0.0344589756493155,-0.999406113147803));
#1819=DIRECTION('ref_axis',(-1.57188187683775E-15,-0.999406113147803,0.0344589756493155));
#1820=DIRECTION('',(0.,0.,-1.));
#1821=DIRECTION('center_axis',(0.,0.,1.));
#1822=DIRECTION('ref_axis',(0.707106781186546,-0.707106781186549,0.));
#1823=DIRECTION('',(0.,0.,1.));
#1824=DIRECTION('center_axis',(-1.,0.,0.));
#1825=DIRECTION('ref_axis',(0.,-1.,0.));
#1826=DIRECTION('',(0.,0.999406113147803,-0.0344589756493155));
#1827=DIRECTION('',(0.,0.,1.));
#1828=DIRECTION('',(0.,-1.,0.));
#1829=DIRECTION('center_axis',(0.,0.,1.));
#1830=DIRECTION('ref_axis',(0.707106781186547,0.707106781186547,0.));
#1831=DIRECTION('center_axis',(0.,-0.0344589756493155,-0.999406113147803));
#1832=DIRECTION('ref_axis',(0.,0.999406113147803,-0.0344589756493155));
#1833=DIRECTION('',(0.,0.,-1.));
#1834=DIRECTION('center_axis',(0.,0.,1.));
#1835=DIRECTION('ref_axis',(0.707106781186547,0.707106781186547,0.));
#1836=DIRECTION('center_axis',(0.707106781186548,-0.707106781186547,0.));
#1837=DIRECTION('ref_axis',(0.,0.,-1.));
#1838=DIRECTION('',(-0.70689671691503,-0.706896716915031,0.0243734123483576));
#1839=DIRECTION('',(0.,0.,-1.));
#1840=DIRECTION('',(-0.707106781186547,-0.707106781186548,0.));
#1841=DIRECTION('center_axis',(0.,1.,0.));
#1842=DIRECTION('ref_axis',(-1.,0.,0.));
#1843=DIRECTION('',(1.,0.,0.));
#1844=DIRECTION('',(0.,0.,1.));
#1845=DIRECTION('',(-1.,0.,0.));
#1846=DIRECTION('',(0.,0.,1.));
#1847=DIRECTION('center_axis',(0.,0.,-1.));
#1848=DIRECTION('ref_axis',(-0.00140566103927497,0.999999012058033,0.));
#1849=DIRECTION('center_axis',(0.,0.,-1.));
#1850=DIRECTION('ref_axis',(-0.00140566103927497,0.999999012058033,0.));
#1851=DIRECTION('center_axis',(0.,0.,1.));
#1852=DIRECTION('ref_axis',(-0.00140566103927497,0.999999012058033,0.));
#1853=DIRECTION('center_axis',(1.,0.,0.));
#1854=DIRECTION('ref_axis',(0.,1.,0.));
#1855=DIRECTION('',(0.,-1.,0.));
#1856=DIRECTION('',(0.,0.,1.));
#1857=DIRECTION('',(0.,1.,0.));
#1858=DIRECTION('center_axis',(0.,0.,-1.));
#1859=DIRECTION('ref_axis',(0.999999012058037,0.001405661036603,0.));
#1860=DIRECTION('center_axis',(0.,0.,-1.));
#1861=DIRECTION('ref_axis',(0.999999012058037,0.001405661036603,0.));
#1862=DIRECTION('',(0.,0.,1.));
#1863=DIRECTION('center_axis',(0.,0.,1.));
#1864=DIRECTION('ref_axis',(0.999999012058037,0.001405661036603,0.));
#1865=DIRECTION('center_axis',(1.,0.,0.));
#1866=DIRECTION('ref_axis',(0.,1.,0.));
#1867=DIRECTION('',(0.,1.,0.));
#1868=DIRECTION('',(0.,-1.,0.));
#1869=DIRECTION('center_axis',(0.,1.,0.));
#1870=DIRECTION('ref_axis',(0.,0.,-1.));
#1871=DIRECTION('',(1.,0.,0.));
#1872=DIRECTION('',(-1.,0.,0.));
#1873=DIRECTION('',(0.,0.,1.));
#1874=DIRECTION('',(1.,0.,0.));
#1875=DIRECTION('center_axis',(0.,-1.,0.));
#1876=DIRECTION('ref_axis',(1.,0.,0.));
#1877=DIRECTION('center_axis',(0.,1.,0.));
#1878=DIRECTION('ref_axis',(1.,0.,0.));
#1879=DIRECTION('center_axis',(0.,-1.,0.));
#1880=DIRECTION('ref_axis',(1.,0.,0.));
#1881=DIRECTION('',(0.,1.,0.));
#1882=DIRECTION('center_axis',(0.,-0.694816890835773,0.71918668522805));
#1883=DIRECTION('ref_axis',(0.,-0.719186685228049,-0.694816890835773));
#1884=DIRECTION('',(0.,-1.,0.));
#1885=DIRECTION('center_axis',(0.,1.,0.));
#1886=DIRECTION('ref_axis',(1.,0.,0.));
#1887=DIRECTION('',(0.,-1.,0.));
#1888=DIRECTION('center_axis',(0.,1.,0.));
#1889=DIRECTION('ref_axis',(-6.34413156928666E-15,0.,-1.));
#1890=DIRECTION('center_axis',(0.,-1.,0.));
#1891=DIRECTION('ref_axis',(-6.34413156928666E-15,0.,-1.));
#1892=DIRECTION('',(0.,1.,0.));
#1893=DIRECTION('center_axis',(0.,-0.694816890835773,0.71918668522805));
#1894=DIRECTION('ref_axis',(-4.40800977202483E-15,-0.71918668522805,-0.694816890835773));
#1895=DIRECTION('',(0.,1.,0.));
#1896=DIRECTION('center_axis',(-1.,0.,0.));
#1897=DIRECTION('ref_axis',(0.,0.,-1.));
#1898=DIRECTION('',(0.,0.,1.));
#1899=DIRECTION('',(0.,0.71918668522805,0.694816890835773));
#1900=DIRECTION('center_axis',(-1.,0.,0.));
#1901=DIRECTION('ref_axis',(0.,0.,-1.));
#1902=DIRECTION('',(0.,1.,0.));
#1903=DIRECTION('',(0.,1.,0.));
#1904=DIRECTION('',(0.,0.,1.));
#1905=DIRECTION('',(0.,-1.,0.));
#1906=DIRECTION('center_axis',(0.,0.,1.));
#1907=DIRECTION('ref_axis',(-1.,0.,0.));
#1908=DIRECTION('',(1.,0.,0.));
#1909=DIRECTION('center_axis',(0.,0.,-1.));
#1910=DIRECTION('ref_axis',(1.,0.,0.));
#1911=DIRECTION('center_axis',(1.,0.,0.));
#1912=DIRECTION('ref_axis',(0.,0.,-1.));
#1913=DIRECTION('',(0.,0.999406113147803,-0.0344589756493155));
#1914=DIRECTION('',(0.,0.0344589756493185,0.999406113147803));
#1915=DIRECTION('',(0.,0.999406113147803,-0.0344589756493186));
#1916=DIRECTION('',(0.,-0.0344589756493185,-0.999406113147803));
#1917=DIRECTION('center_axis',(0.,-0.0344589756493185,-0.999406113147803));
#1918=DIRECTION('ref_axis',(-1.,0.,0.));
#1919=DIRECTION('',(1.,0.,0.));
#1920=DIRECTION('',(1.,0.,0.));
#1921=DIRECTION('center_axis',(0.,0.,-1.));
#1922=DIRECTION('ref_axis',(-1.,0.,0.));
#1923=DIRECTION('center_axis',(0.,0.,-1.));
#1924=DIRECTION('ref_axis',(-1.,0.,0.));
#1925=DIRECTION('',(0.,0.,-1.));
#1926=DIRECTION('center_axis',(0.,0.,-1.));
#1927=DIRECTION('ref_axis',(-1.,0.,0.));
#1928=DIRECTION('center_axis',(0.,0.,1.));
#1929=DIRECTION('ref_axis',(1.,0.,0.));
#1930=DIRECTION('center_axis',(0.,0.,-1.));
#1931=DIRECTION('ref_axis',(-1.,0.,0.));
#1932=DIRECTION('center_axis',(0.,0.,-1.));
#1933=DIRECTION('ref_axis',(-1.,0.,0.));
#1934=DIRECTION('',(0.,0.,-1.));
#1935=DIRECTION('center_axis',(0.,0.,-1.));
#1936=DIRECTION('ref_axis',(-1.,0.,0.));
#1937=DIRECTION('center_axis',(0.,0.,1.));
#1938=DIRECTION('ref_axis',(1.,0.,0.));
#1939=DIRECTION('center_axis',(0.707106781186547,-0.707106781186549,0.));
#1940=DIRECTION('ref_axis',(0.,0.,-1.));
#1941=DIRECTION('',(-0.707106781186549,-0.707106781186547,0.));
#1942=DIRECTION('',(0.,0.,1.));
#1943=DIRECTION('',(-0.707106781186548,-0.707106781186546,0.));
#1944=DIRECTION('',(0.,0.,-1.));
#1945=DIRECTION('center_axis',(-1.16865579408526E-16,-1.,0.));
#1946=DIRECTION('ref_axis',(1.,-1.16865579408526E-16,0.));
#1947=DIRECTION('',(-1.,1.16865579408526E-16,0.));
#1948=DIRECTION('',(0.,0.,1.));
#1949=DIRECTION('',(1.,-1.16865579408526E-16,0.));
#1950=DIRECTION('center_axis',(0.707106781186549,0.707106781186546,0.));
#1951=DIRECTION('ref_axis',(0.,0.,-1.));
#1952=DIRECTION('',(0.707106781186546,-0.707106781186549,0.));
#1953=DIRECTION('',(0.,0.,1.));
#1954=DIRECTION('',(0.707106781186546,-0.707106781186549,0.));
#1955=DIRECTION('',(0.,0.,-1.));
#1956=DIRECTION('center_axis',(0.,0.,1.));
#1957=DIRECTION('ref_axis',(0.,-1.,0.));
#1958=DIRECTION('',(0.,-1.,0.));
#1959=DIRECTION('center_axis',(0.,0.,1.));
#1960=DIRECTION('ref_axis',(-0.999999012058037,0.001405661036603,0.));
#1961=DIRECTION('',(0.,-1.,0.));
#1962=DIRECTION('',(1.,0.,0.));
#1963=DIRECTION('',(1.,0.,0.));
#1964=DIRECTION('',(0.707106781186547,-0.707106781186548,0.));
#1965=DIRECTION('',(0.,-1.,0.));
#1966=DIRECTION('',(-0.707106781186547,-0.707106781186548,0.));
#1967=DIRECTION('',(1.,0.,0.));
#1968=DIRECTION('',(0.,1.,0.));
#1969=DIRECTION('',(-1.,0.,0.));
#1970=DIRECTION('center_axis',(0.,0.,1.));
#1971=DIRECTION('ref_axis',(0.00140566103927497,0.999999012058033,0.));
#1972=DIRECTION('center_axis',(0.,1.,0.));
#1973=DIRECTION('ref_axis',(-1.,0.,0.));
#1974=DIRECTION('',(1.,0.,0.));
#1975=DIRECTION('',(0.,0.719186685228051,0.694816890835771));
#1976=DIRECTION('center_axis',(0.,0.034458976418619,0.999406113121278));
#1977=DIRECTION('ref_axis',(0.,-0.999406113121278,0.034458976418619));
#1978=DIRECTION('',(0.,0.999406113121278,-0.034458976418619));
#1979=DIRECTION('',(0.70689671691503,-0.706896716915031,0.0243734123483576));
#1980=DIRECTION('',(-1.,0.,0.));
#1981=DIRECTION('',(1.,0.,0.));
#1982=DIRECTION('center_axis',(0.,0.,-1.));
#1983=DIRECTION('ref_axis',(-1.,0.,0.));
#1984=DIRECTION('',(0.,0.,1.));
#1985=DIRECTION('center_axis',(0.,0.,1.));
#1986=DIRECTION('ref_axis',(-1.,0.,0.));
#1987=DIRECTION('',(0.,0.719186685228051,0.694816890835772));
#1988=DIRECTION('center_axis',(0.,0.,-1.));
#1989=DIRECTION('ref_axis',(-1.,0.,0.));
#1990=DIRECTION('',(0.,0.,1.));
#1991=DIRECTION('center_axis',(0.,0.,1.));
#1992=DIRECTION('ref_axis',(-1.,0.,0.));
#1993=DIRECTION('center_axis',(0.,0.,1.));
#1994=DIRECTION('ref_axis',(-1.,0.,0.));
#1995=DIRECTION('center_axis',(0.707106781186549,0.0243661758983528,0.706686839747344));
#1996=DIRECTION('ref_axis',(0.706896716915029,0.,-0.707316783071598));
#1997=DIRECTION('',(-0.583869784596265,0.583869784596266,0.564085232275249));
#1998=DIRECTION('',(0.583869784596264,-0.583869784596266,-0.564085232275249));
#1999=DIRECTION('',(0.570602141477982,0.570602141477983,-0.590615265872362));
#2000=DIRECTION('',(0.,-0.999406113121278,0.034458976418619));
#2001=DIRECTION('center_axis',(1.,0.,0.));
#2002=DIRECTION('ref_axis',(0.,0.,-1.));
#2003=DIRECTION('',(0.,0.,-1.));
#2004=DIRECTION('',(0.,0.,1.));
#2005=DIRECTION('center_axis',(0.707106781186548,-0.707106781186547,0.));
#2006=DIRECTION('ref_axis',(0.,0.,-1.));
#2007=DIRECTION('',(0.583869784596265,0.583869784596266,0.564085232275248));
#2008=DIRECTION('',(0.,0.,1.));
#2009=DIRECTION('center_axis',(0.,-0.694816890835773,0.71918668522805));
#2010=DIRECTION('ref_axis',(1.,0.,0.));
#2011=DIRECTION('',(-1.,1.06076555355479E-15,1.02482128627412E-15));
#2012=DIRECTION('center_axis',(0.,0.694816890835773,-0.71918668522805));
#2013=DIRECTION('ref_axis',(4.40800977202483E-15,-0.71918668522805,-0.694816890835773));
#2014=DIRECTION('',(0.,0.71918668522805,0.694816890835773));
#2015=DIRECTION('center_axis',(0.,0.694816890835773,-0.71918668522805));
#2016=DIRECTION('ref_axis',(0.,-0.719186685228049,-0.694816890835773));
#2017=DIRECTION('',(-1.,0.,0.));
#2018=DIRECTION('center_axis',(0.,0.,-1.));
#2019=DIRECTION('ref_axis',(-0.707106781186546,-0.707106781186549,0.));
#2020=DIRECTION('center_axis',(0.,0.0344589756493155,0.999406113147803));
#2021=DIRECTION('ref_axis',(1.57188187683775E-15,-0.999406113147803,0.0344589756493155));
#2022=DIRECTION('',(0.,0.,1.));
#2023=DIRECTION('center_axis',(0.,0.,-1.));
#2024=DIRECTION('ref_axis',(-0.707106781186546,-0.707106781186549,0.));
#2025=DIRECTION('',(0.,0.,-1.));
#2026=DIRECTION('center_axis',(-1.,0.,0.));
#2027=DIRECTION('ref_axis',(0.,-1.,0.));
#2028=DIRECTION('',(0.,-1.,0.));
#2029=DIRECTION('',(0.,0.,1.));
#2030=DIRECTION('',(0.,0.999406113147803,-0.0344589756493155));
#2031=DIRECTION('center_axis',(0.,0.,1.));
#2032=DIRECTION('ref_axis',(1.,0.,0.));
#2033=DIRECTION('',(1.,0.,0.));
#2034=DIRECTION('center_axis',(0.,0.,-1.));
#2035=DIRECTION('ref_axis',(-0.707106781186547,0.707106781186547,0.));
#2036=DIRECTION('',(1.,0.,0.));
#2037=DIRECTION('',(1.,4.82705592749983E-16,0.));
#2038=DIRECTION('',(0.,1.,0.));
#2039=DIRECTION('center_axis',(0.,0.,-1.));
#2040=DIRECTION('ref_axis',(-0.999999012058037,0.001405661036603,0.));
#2041=DIRECTION('',(0.,1.,0.));
#2042=DIRECTION('center_axis',(0.,0.,-1.));
#2043=DIRECTION('ref_axis',(0.00140566103927497,0.999999012058033,0.));
#2044=DIRECTION('',(1.,0.,0.));
#2045=DIRECTION('',(0.,1.,0.));
#2046=DIRECTION('center_axis',(0.,0.,-1.));
#2047=DIRECTION('ref_axis',(-0.707106781186547,0.707106781186547,0.));
#2048=DIRECTION('center_axis',(0.,0.0344589756493155,0.999406113147803));
#2049=DIRECTION('ref_axis',(0.,0.999406113147803,-0.0344589756493155));
#2050=DIRECTION('',(0.,0.,-1.));
#2051=DIRECTION('center_axis',(0.,1.,0.));
#2052=DIRECTION('ref_axis',(0.,0.,1.));
#2053=DIRECTION('',(1.,0.,0.));
#2054=DIRECTION('',(1.,0.,-9.39419066621618E-16));
#2055=DIRECTION('center_axis',(0.,1.,0.));
#2056=DIRECTION('ref_axis',(-1.,0.,0.));
#2057=DIRECTION('',(0.,0.,1.));
#2058=DIRECTION('center_axis',(0.,1.,0.));
#2059=DIRECTION('ref_axis',(6.34413156928666E-15,0.,-1.));
#2060=DIRECTION('',(-1.,0.,1.02482128627412E-15));
#2061=DIRECTION('',(1.,0.,1.02482128627412E-15));
#2062=DIRECTION('',(-1.,0.,-9.39419066621618E-16));
#2063=DIRECTION('center_axis',(0.707106781186548,0.707106781186547,0.));
#2064=DIRECTION('ref_axis',(0.,0.,-1.));
#2065=DIRECTION('',(0.,0.,-1.));
#2066=DIRECTION('center_axis',(0.,1.,0.));
#2067=DIRECTION('ref_axis',(0.,0.,1.));
#2068=DIRECTION('center_axis',(0.,-1.,0.));
#2069=DIRECTION('ref_axis',(1.,0.,0.));
#2070=DIRECTION('',(0.,0.,1.));
#2071=DIRECTION('',(0.,0.,1.));
#2072=DIRECTION('center_axis',(0.,0.,1.));
#2073=DIRECTION('ref_axis',(0.00140566103927497,0.999999012058033,0.));
#2074=DIRECTION('center_axis',(1.,0.,0.));
#2075=DIRECTION('ref_axis',(0.,1.,0.));
#2076=DIRECTION('',(0.,0.,1.));
#2077=DIRECTION('center_axis',(0.,0.,1.));
#2078=DIRECTION('ref_axis',(-0.999999012058037,0.001405661036603,0.));
#2079=DIRECTION('',(0.,0.,1.));
#2080=DIRECTION('center_axis',(1.,0.,0.));
#2081=DIRECTION('ref_axis',(0.,1.,0.));
#2082=DIRECTION('center_axis',(-1.02482128627412E-15,0.,-1.));
#2083=DIRECTION('ref_axis',(1.,0.,-1.02482128627412E-15));
#2084=DIRECTION('',(0.,1.,0.));
#2085=DIRECTION('center_axis',(0.,-1.,0.));
#2086=DIRECTION('ref_axis',(0.,0.,-1.));
#2087=DIRECTION('center_axis',(0.,1.,0.));
#2088=DIRECTION('ref_axis',(-1.,0.,0.));
#2089=DIRECTION('',(-1.,0.,0.));
#2090=DIRECTION('',(0.,0.,1.));
#2091=DIRECTION('center_axis',(0.,-1.,0.));
#2092=DIRECTION('ref_axis',(-1.,0.,0.));
#2093=DIRECTION('',(0.,-1.,0.));
#2094=DIRECTION('center_axis',(0.,-1.,0.));
#2095=DIRECTION('ref_axis',(-1.,0.,0.));
#2096=DIRECTION('',(0.,-1.,0.));
#2097=DIRECTION('',(0.,1.,0.));
#2098=DIRECTION('center_axis',(9.39419066621618E-16,0.,1.));
#2099=DIRECTION('ref_axis',(-1.,0.,9.39419066621618E-16));
#2100=DIRECTION('',(1.,0.,9.39419066621618E-16));
#2101=DIRECTION('',(-1.,0.,9.39419066621618E-16));
#2102=DIRECTION('center_axis',(0.,-1.,0.));
#2103=DIRECTION('ref_axis',(6.34413156928666E-15,0.,-1.));
#2104=DIRECTION('',(0.,1.,0.));
#2105=DIRECTION('center_axis',(-1.,0.,0.));
#2106=DIRECTION('ref_axis',(0.,0.,-1.));
#2107=DIRECTION('center_axis',(0.,-1.,0.));
#2108=DIRECTION('ref_axis',(0.,0.,-1.));
#2109=DIRECTION('',(0.,0.,1.));
#2110=DIRECTION('',(-1.,0.,0.));
#2111=DIRECTION('center_axis',(-1.,0.,0.));
#2112=DIRECTION('ref_axis',(0.,0.,-1.));
#2113=DIRECTION('',(0.,-1.,0.));
#2114=DIRECTION('center_axis',(0.,0.,-1.));
#2115=DIRECTION('ref_axis',(1.,0.,0.));
#2116=DIRECTION('center_axis',(0.,-0.999406113147803,0.0344589756493186));
#2117=DIRECTION('ref_axis',(0.,-0.0344589756493186,-0.999406113147803));
#2118=DIRECTION('',(1.,0.,0.));
#2119=DIRECTION('center_axis',(0.,0.999406113147803,-0.0344589756493186));
#2120=DIRECTION('ref_axis',(0.,0.0344589756493186,0.999406113147803));
#2121=DIRECTION('',(1.,0.,0.));
#2122=DIRECTION('center_axis',(0.,-0.0344589756493155,-0.999406113147803));
#2123=DIRECTION('ref_axis',(0.,0.999406113147803,-0.0344589756493155));
#2124=DIRECTION('',(1.,0.,0.));
#2125=DIRECTION('center_axis',(0.,-1.,0.));
#2126=DIRECTION('ref_axis',(0.,0.,-1.));
#2127=DIRECTION('center_axis',(0.,0.,1.));
#2128=DIRECTION('ref_axis',(-1.,0.,0.));
#2129=CARTESIAN_POINT('',(0.,0.,0.));
#2130=CARTESIAN_POINT('Origin',(97.6,-38.5188814640547,-7.57200473646554));
#2131=CARTESIAN_POINT('',(92.1,-38.5188814640547,-7.57200473646554));
#2132=CARTESIAN_POINT('Origin',(97.6,-38.5188814640547,-7.57200473646523));
#2133=CARTESIAN_POINT('',(92.1,-38.4671930005807,-6.07289556674383));
#2134=CARTESIAN_POINT('',(92.1,-38.5188814640547,-7.57200473646554));
#2135=CARTESIAN_POINT('Origin',(97.6,-38.4671930005807,-6.07289556674384));
#2136=CARTESIAN_POINT('Origin',(97.6,-38.4671930005807,-6.07289556674384));
#2137=CARTESIAN_POINT('Origin',(40.4,-135.238909937447,-4.23715110477362));
#2138=CARTESIAN_POINT('',(34.9,-135.238909937447,-4.23715110477362));
#2139=CARTESIAN_POINT('Origin',(40.4,-135.238909937447,-4.2371511047736));
#2140=CARTESIAN_POINT('',(34.9,-135.187221473973,-2.73804193505192));
#2141=CARTESIAN_POINT('',(34.9,-135.238909937447,-4.23715110477362));
#2142=CARTESIAN_POINT('Origin',(40.4,-135.187221473973,-2.73804193505192));
#2143=CARTESIAN_POINT('Origin',(40.4,-135.187221473973,-2.73804193505192));
#2144=CARTESIAN_POINT('Origin',(40.4,-38.5188814640547,-7.57200473646523));
#2145=CARTESIAN_POINT('',(34.9,-38.5188814640547,-7.57200473646523));
#2146=CARTESIAN_POINT('Origin',(40.4,-38.5188814640547,-7.57200473646523));
#2147=CARTESIAN_POINT('',(34.9,-38.4671930005807,-6.07289556674352));
#2148=CARTESIAN_POINT('',(34.9,-38.5188814640547,-7.57200473646523));
#2149=CARTESIAN_POINT('Origin',(40.4,-38.4671930005807,-6.07289556674353));
#2150=CARTESIAN_POINT('Origin',(40.4,-38.4671930005807,-6.07289556674353));
#2151=CARTESIAN_POINT('Origin',(97.6,-135.238909937447,-4.23715110477362));
#2152=CARTESIAN_POINT('',(92.1,-135.238909937447,-4.23715110477362));
#2153=CARTESIAN_POINT('Origin',(97.6,-135.238909937447,-4.2371511047736));
#2154=CARTESIAN_POINT('',(92.1,-135.187221473973,-2.73804193505192));
#2155=CARTESIAN_POINT('',(92.1,-135.238909937447,-4.23715110477362));
#2156=CARTESIAN_POINT('Origin',(97.6,-135.187221473973,-2.73804193505192));
#2157=CARTESIAN_POINT('Origin',(97.6,-135.187221473973,-2.73804193505192));
#2158=CARTESIAN_POINT('Origin',(106.1,-86.8444367251016,-4.40517184076792));
#2159=CARTESIAN_POINT('',(106.1,-143.699402923554,-2.94484369860663));
#2160=CARTESIAN_POINT('',(106.1,-29.9894705266491,-6.8654999163366));
#2161=CARTESIAN_POINT('',(106.1,-114.030826411674,-3.96779997446198));
#2162=CARTESIAN_POINT('',(106.1,-143.733861899204,-3.94424981175444));
#2163=CARTESIAN_POINT('',(106.1,-143.690793296398,-2.69514057048563));
#2164=CARTESIAN_POINT('',(106.1,-30.0239295022984,-7.8649060294844));
#2165=CARTESIAN_POINT('',(106.1,-31.0233356154462,-7.83044705383508));
#2166=CARTESIAN_POINT('',(106.1,-29.9808608994932,-6.61579678821577));
#2167=CARTESIAN_POINT('Origin',(89.,-106.,0.));
#2168=CARTESIAN_POINT('',(87.5,-106.,0.));
#2169=CARTESIAN_POINT('Origin',(89.,-106.,0.));
#2170=CARTESIAN_POINT('',(87.5,-106.,-4.));
#2171=CARTESIAN_POINT('',(87.5,-106.,0.));
#2172=CARTESIAN_POINT('Origin',(89.,-106.,-4.));
#2173=CARTESIAN_POINT('Origin',(88.,-77.5,-4.));
#2174=CARTESIAN_POINT('Origin',(88.,-49.,0.));
#2175=CARTESIAN_POINT('',(86.5,-49.,0.));
#2176=CARTESIAN_POINT('Origin',(88.,-49.,0.));
#2177=CARTESIAN_POINT('',(86.5,-49.,-4.));
#2178=CARTESIAN_POINT('',(86.5,-49.,0.));
#2179=CARTESIAN_POINT('Origin',(88.,-49.,-4.));
#2180=CARTESIAN_POINT('Origin',(88.,-77.5,-4.));
#2181=CARTESIAN_POINT('Origin',(106.250000692904,-30.7499993294477,0.));
#2182=CARTESIAN_POINT('',(105.500000692904,-29.9999993294477,0.));
#2183=CARTESIAN_POINT('',(107.000000692904,-31.4999993294477,0.));
#2184=CARTESIAN_POINT('',(106.997219847265,-31.497218483809,0.));
#2185=CARTESIAN_POINT('',(107.000000692904,-31.4999993294477,3.1));
#2186=CARTESIAN_POINT('',(107.000000692904,-31.4999993294477,0.));
#2187=CARTESIAN_POINT('',(105.500000692904,-29.9999993294477,3.1));
#2188=CARTESIAN_POINT('',(115.874984862165,-40.374983498709,3.1));
#2189=CARTESIAN_POINT('',(105.500000692904,-29.9999993294477,0.));
#2190=CARTESIAN_POINT('Origin',(107.000000692904,-29.9999993294477,0.));
#2191=CARTESIAN_POINT('',(104.006354261261,-29.9999985656667,3.1));
#2192=CARTESIAN_POINT('',(96.2531771306306,-29.9999993294477,3.1));
#2193=CARTESIAN_POINT('',(104.006354261261,-29.9999985656667,0.));
#2194=CARTESIAN_POINT('',(104.006354261261,-29.9999985656667,0.));
#2195=CARTESIAN_POINT('',(107.500000346452,-29.9999993294477,0.));
#2196=CARTESIAN_POINT('Origin',(106.250000692904,-143.25,0.));
#2197=CARTESIAN_POINT('',(107.000000692904,-142.5,0.));
#2198=CARTESIAN_POINT('',(105.500000692904,-144.,0.));
#2199=CARTESIAN_POINT('',(134.502781359729,-114.997219333175,0.));
#2200=CARTESIAN_POINT('',(105.500000692904,-144.,3.1));
#2201=CARTESIAN_POINT('',(105.500000692904,-144.,0.));
#2202=CARTESIAN_POINT('',(107.000000692904,-142.5,3.1));
#2203=CARTESIAN_POINT('',(115.875016344829,-133.624984348075,3.1));
#2204=CARTESIAN_POINT('',(107.000000692904,-142.5,0.));
#2205=CARTESIAN_POINT('Ctrl Pts',(88.,-53.4994061131213,-5.05489034333467));
#2206=CARTESIAN_POINT('Ctrl Pts',(89.3465746476679,-53.4994061131213,-5.05489034333467));
#2207=CARTESIAN_POINT('Ctrl Pts',(92.0293607832045,-52.2106332596883,-5.09932652676636));
#2208=CARTESIAN_POINT('Ctrl Pts',(93.0179415058844,-47.8554749981868,-5.24949000271682));
#2209=CARTESIAN_POINT('Ctrl Pts',(90.2368568430012,-44.3538497980625,-5.37022412532598));
#2210=CARTESIAN_POINT('Ctrl Pts',(85.7675948747874,-44.3641805897975,-5.36986792527466));
#2211=CARTESIAN_POINT('Ctrl Pts',(82.969389740979,-47.8531597547502,-5.24956983104481));
#2212=CARTESIAN_POINT('Ctrl Pts',(83.978623944379,-52.2093347869812,-5.09937129739544));
#2213=CARTESIAN_POINT('Ctrl Pts',(86.6534253523321,-53.4994061131213,-5.05489034333467));
#2214=CARTESIAN_POINT('Ctrl Pts',(88.,-53.4994061131213,-5.05489034333467));
#2215=CARTESIAN_POINT('Ctrl Pts',(88.,-53.1662707420809,-4.73304333547421));
#2216=CARTESIAN_POINT('Ctrl Pts',(89.2502210249466,-53.1662707420809,-4.73304333547421));
#2217=CARTESIAN_POINT('Ctrl Pts',(91.7404649655085,-51.964889134737,-4.77432430369027));
#2218=CARTESIAN_POINT('Ctrl Pts',(92.6419515735759,-47.9255803213218,-4.91348914259394));
#2219=CARTESIAN_POINT('Ctrl Pts',(90.0631470206396,-44.6983104628802,-5.0250221708553));
#2220=CARTESIAN_POINT('Ctrl Pts',(85.9407852274296,-44.7078547362362,-5.02469271406542));
#2221=CARTESIAN_POINT('Ctrl Pts',(83.346303037937,-47.9230897432376,-4.91356910116997));
#2222=CARTESIAN_POINT('Ctrl Pts',(84.2671260333285,-51.9638806596483,-4.77436277891724));
#2223=CARTESIAN_POINT('Ctrl Pts',(86.7497789750534,-53.1662707420809,-4.73304333547421));
#2224=CARTESIAN_POINT('Ctrl Pts',(88.,-53.1662707420809,-4.73304333547421));
#2225=CARTESIAN_POINT('Ctrl Pts',(88.,-52.8331353710404,-4.41119632761376));
#2226=CARTESIAN_POINT('Ctrl Pts',(89.1538674022254,-52.8331353710404,-4.41119632761376));
#2227=CARTESIAN_POINT('Ctrl Pts',(91.4515691478126,-51.7191450097857,-4.44932208061418));
#2228=CARTESIAN_POINT('Ctrl Pts',(92.2659616412674,-47.9956856444568,-4.57748828247107));
#2229=CARTESIAN_POINT('Ctrl Pts',(89.889437198278,-45.0427711276979,-4.67982021638462));
#2230=CARTESIAN_POINT('Ctrl Pts',(86.1139755800718,-45.0515288826748,-4.67951750285618));
#2231=CARTESIAN_POINT('Ctrl Pts',(83.7232163348949,-47.993019731725,-4.57756837129513));
#2232=CARTESIAN_POINT('Ctrl Pts',(84.5556281222779,-51.7184265323154,-4.44935426043905));
#2233=CARTESIAN_POINT('Ctrl Pts',(86.8461325977746,-52.8331353710404,-4.41119632761375));
#2234=CARTESIAN_POINT('Ctrl Pts',(88.,-52.8331353710404,-4.41119632761375));
#2235=CARTESIAN_POINT('Ctrl Pts',(88.,-52.5,-4.0893493197533));
#2236=CARTESIAN_POINT('Ctrl Pts',(89.0575137795042,-52.5,-4.0893493197533));
#2237=CARTESIAN_POINT('Ctrl Pts',(91.1626733301166,-51.4734008848343,-4.12431985753809));
#2238=CARTESIAN_POINT('Ctrl Pts',(91.889971708959,-48.0657909675918,-4.24148742234819));
#2239=CARTESIAN_POINT('Ctrl Pts',(89.7157273759163,-45.3872317925157,-4.33461826191394));
#2240=CARTESIAN_POINT('Ctrl Pts',(86.2871659327141,-45.3952030291135,-4.33434229164695));
#2241=CARTESIAN_POINT('Ctrl Pts',(84.1001296318529,-48.0629497202124,-4.24156764142028));
#2242=CARTESIAN_POINT('Ctrl Pts',(84.8441302112274,-51.4729724049825,-4.12434574196085));
#2243=CARTESIAN_POINT('Ctrl Pts',(86.9424862204958,-52.5,-4.08934931975329));
#2244=CARTESIAN_POINT('Ctrl Pts',(88.,-52.5,-4.08934931975329));
#2245=CARTESIAN_POINT('',(88.,-53.4994061131213,-5.05489034333467));
#2246=CARTESIAN_POINT('',(88.,-52.5,-4.0893493197533));
#2247=CARTESIAN_POINT('',(88.,-53.4994061131213,-5.05489034333467));
#2248=CARTESIAN_POINT('Ctrl Pts',(88.,-53.4994061131213,-5.05489034333467));
#2249=CARTESIAN_POINT('Ctrl Pts',(86.6534253523321,-53.4994061131213,-5.05489034333467));
#2250=CARTESIAN_POINT('Ctrl Pts',(83.978623944379,-52.2093347869812,-5.09937129739544));
#2251=CARTESIAN_POINT('Ctrl Pts',(82.969389740979,-47.8531597547502,-5.24956983104481));
#2252=CARTESIAN_POINT('Ctrl Pts',(85.7675948747874,-44.3641805897975,-5.36986792527466));
#2253=CARTESIAN_POINT('Ctrl Pts',(90.2368568430012,-44.3538497980625,-5.37022412532598));
#2254=CARTESIAN_POINT('Ctrl Pts',(93.0179415058844,-47.8554749981868,-5.24949000271682));
#2255=CARTESIAN_POINT('Ctrl Pts',(92.0293607832045,-52.2106332596883,-5.09932652676636));
#2256=CARTESIAN_POINT('Ctrl Pts',(89.3465746476679,-53.4994061131213,-5.05489034333467));
#2257=CARTESIAN_POINT('Ctrl Pts',(88.,-53.4994061131213,-5.05489034333467));
#2258=CARTESIAN_POINT('',(84.4985882588531,-48.9972545326921,-4.20952354901381));
#2259=CARTESIAN_POINT('Ctrl Pts',(84.4985882588531,-48.9972545326921,-4.20952354901381));
#2260=CARTESIAN_POINT('Ctrl Pts',(84.5048520756234,-49.7716757837507,-4.18283424582722));
#2261=CARTESIAN_POINT('Ctrl Pts',(85.11793238843,-51.6069832164563,-4.11977926394072));
#2262=CARTESIAN_POINT('Ctrl Pts',(86.9424862204958,-52.5,-4.08934931975329));
#2263=CARTESIAN_POINT('Ctrl Pts',(88.,-52.5,-4.08934931975329));
#2264=CARTESIAN_POINT('Ctrl Pts',(88.,-52.5,-4.0893493197533));
#2265=CARTESIAN_POINT('Ctrl Pts',(89.0575137795042,-52.5,-4.0893493197533));
#2266=CARTESIAN_POINT('Ctrl Pts',(91.1626733301166,-51.4734008848343,-4.12431985753809));
#2267=CARTESIAN_POINT('Ctrl Pts',(91.889971708959,-48.0657909675918,-4.24148742234819));
#2268=CARTESIAN_POINT('Ctrl Pts',(89.7157273759163,-45.3872317925157,-4.33461826191394));
#2269=CARTESIAN_POINT('Ctrl Pts',(86.2871659327141,-45.3952030291135,-4.33434229164695));
#2270=CARTESIAN_POINT('Ctrl Pts',(84.6388926996745,-47.4057665765666,-4.26442211125808));
#2271=CARTESIAN_POINT('Ctrl Pts',(84.4963763680401,-48.7237894373019,-4.21894812618269));
#2272=CARTESIAN_POINT('Ctrl Pts',(84.4985882588531,-48.9972545326921,-4.20952354901381));
#2273=CARTESIAN_POINT('Origin',(88.,-49.,0.));
#2274=CARTESIAN_POINT('',(84.5,-49.,0.));
#2275=CARTESIAN_POINT('',(84.5,-49.,0.));
#2276=CARTESIAN_POINT('Origin',(88.,-49.,0.));
#2277=CARTESIAN_POINT('Ctrl Pts',(89.,-110.499406113121,-3.08956150446361));
#2278=CARTESIAN_POINT('Ctrl Pts',(90.3465746476679,-110.499406113121,-3.08956150446361));
#2279=CARTESIAN_POINT('Ctrl Pts',(93.0294577427669,-109.210303478377,-3.13400905857464));
#2280=CARTESIAN_POINT('Ctrl Pts',(94.0176094146689,-104.855311888046,-3.28416678779426));
#2281=CARTESIAN_POINT('Ctrl Pts',(91.2368713909546,-101.353485802278,-3.40490783683058));
#2282=CARTESIAN_POINT('Ctrl Pts',(86.7675855309863,-101.36433158547,-3.40453388015536));
#2283=CARTESIAN_POINT('Ctrl Pts',(83.9690398598323,-104.853122840573,-3.2842422649544));
#2284=CARTESIAN_POINT('Ctrl Pts',(84.9786651724688,-109.208979410901,-3.13405471169735));
#2285=CARTESIAN_POINT('Ctrl Pts',(87.6534253523321,-110.499406113121,-3.08956150446361));
#2286=CARTESIAN_POINT('Ctrl Pts',(89.,-110.499406113121,-3.08956150446361));
#2287=CARTESIAN_POINT('Ctrl Pts',(89.,-110.166270742081,-2.76771449660315));
#2288=CARTESIAN_POINT('Ctrl Pts',(90.2502210249466,-110.166270742081,-2.76771449660315));
#2289=CARTESIAN_POINT('Ctrl Pts',(92.7405578596757,-108.964570510862,-2.80900619402013));
#2290=CARTESIAN_POINT('Ctrl Pts',(93.6416407457293,-104.925435052959,-2.94816539167777));
#2291=CARTESIAN_POINT('Ctrl Pts',(91.0631495043355,-101.697970692533,-3.05970498713958));
#2292=CARTESIAN_POINT('Ctrl Pts',(86.9407585109141,-101.707982618871,-3.0593592560998));
#2293=CARTESIAN_POINT('Ctrl Pts',(84.3459725528316,-104.923039934707,-2.94824170647723));
#2294=CARTESIAN_POINT('Ctrl Pts',(85.2671697875084,-108.963538160434,-2.80904552820068));
#2295=CARTESIAN_POINT('Ctrl Pts',(87.7497789750534,-110.166270742081,-2.76771449660315));
#2296=CARTESIAN_POINT('Ctrl Pts',(89.,-110.166270742081,-2.76771449660315));
#2297=CARTESIAN_POINT('Ctrl Pts',(89.,-109.83313537104,-2.44586748874269));
#2298=CARTESIAN_POINT('Ctrl Pts',(90.1538674022254,-109.83313537104,-2.44586748874269));
#2299=CARTESIAN_POINT('Ctrl Pts',(92.4516579765845,-108.718837543347,-2.48400332946561));
#2300=CARTESIAN_POINT('Ctrl Pts',(93.2656720767898,-104.995558217871,-2.61216399556128));
#2301=CARTESIAN_POINT('Ctrl Pts',(90.8894276177164,-102.042455582789,-2.71450213744858));
#2302=CARTESIAN_POINT('Ctrl Pts',(87.1139314908418,-102.051633652273,-2.71418463204423));
#2303=CARTESIAN_POINT('Ctrl Pts',(84.7229052458309,-104.992957028842,-2.61224114800006));
#2304=CARTESIAN_POINT('Ctrl Pts',(85.555674402548,-108.718096909967,-2.484036344704));
#2305=CARTESIAN_POINT('Ctrl Pts',(87.8461325977746,-109.83313537104,-2.44586748874269));
#2306=CARTESIAN_POINT('Ctrl Pts',(89.,-109.83313537104,-2.44586748874269));
#2307=CARTESIAN_POINT('Ctrl Pts',(89.,-109.5,-2.12402048088223));
#2308=CARTESIAN_POINT('Ctrl Pts',(90.0575137795042,-109.5,-2.12402048088223));
#2309=CARTESIAN_POINT('Ctrl Pts',(92.1627580934933,-108.473104575832,-2.1590004649111));
#2310=CARTESIAN_POINT('Ctrl Pts',(92.8897034078502,-105.065681382784,-2.27616259944479));
#2311=CARTESIAN_POINT('Ctrl Pts',(90.7157057310972,-102.386940473045,-2.36929928775758));
#2312=CARTESIAN_POINT('Ctrl Pts',(87.2871044707695,-102.395284685674,-2.36901000798866));
#2313=CARTESIAN_POINT('Ctrl Pts',(85.0998379388303,-105.062874122976,-2.27624058952289));
#2314=CARTESIAN_POINT('Ctrl Pts',(85.8441790175876,-108.4726556595,-2.15902716120733));
#2315=CARTESIAN_POINT('Ctrl Pts',(87.9424862204958,-109.5,-2.12402048088223));
#2316=CARTESIAN_POINT('Ctrl Pts',(89.,-109.5,-2.12402048088223));
#2317=CARTESIAN_POINT('',(89.,-110.499406113121,-3.08956150446361));
#2318=CARTESIAN_POINT('',(89.,-109.5,-2.12402048088223));
#2319=CARTESIAN_POINT('Ctrl Pts',(89.,-110.499406113121,-3.08956150446361));
#2320=CARTESIAN_POINT('Ctrl Pts',(89.,-110.166270742081,-2.76771449660315));
#2321=CARTESIAN_POINT('Ctrl Pts',(89.,-109.83313537104,-2.44586748874269));
#2322=CARTESIAN_POINT('Ctrl Pts',(89.,-109.5,-2.12402048088223));
#2323=CARTESIAN_POINT('Ctrl Pts',(89.,-110.499406113121,-3.08956150446361));
#2324=CARTESIAN_POINT('Ctrl Pts',(87.6534253523321,-110.499406113121,-3.08956150446361));
#2325=CARTESIAN_POINT('Ctrl Pts',(84.9786651724688,-109.208979410901,-3.13405471169735));
#2326=CARTESIAN_POINT('Ctrl Pts',(83.9690398598323,-104.853122840573,-3.2842422649544));
#2327=CARTESIAN_POINT('Ctrl Pts',(86.7675855309863,-101.36433158547,-3.40453388015536));
#2328=CARTESIAN_POINT('Ctrl Pts',(91.2368713909546,-101.353485802278,-3.40490783683058));
#2329=CARTESIAN_POINT('Ctrl Pts',(94.0176094146689,-104.855311888046,-3.28416678779426));
#2330=CARTESIAN_POINT('Ctrl Pts',(93.0294577427669,-109.210303478377,-3.13400905857464));
#2331=CARTESIAN_POINT('Ctrl Pts',(90.3465746476679,-110.499406113121,-3.08956150446361));
#2332=CARTESIAN_POINT('Ctrl Pts',(89.,-110.499406113121,-3.08956150446361));
#2333=CARTESIAN_POINT('',(85.4984225943888,-105.997112481331,-2.24419885506514));
#2334=CARTESIAN_POINT('Ctrl Pts',(85.4984225943888,-105.997112481331,-2.24419885506514));
#2335=CARTESIAN_POINT('Ctrl Pts',(85.5047284261842,-106.771485979225,-2.21751122063474));
#2336=CARTESIAN_POINT('Ctrl Pts',(86.1179748263343,-108.606707801235,-2.15445934466556));
#2337=CARTESIAN_POINT('Ctrl Pts',(87.9424862204958,-109.5,-2.12402048088223));
#2338=CARTESIAN_POINT('Ctrl Pts',(89.,-109.5,-2.12402048088223));
#2339=CARTESIAN_POINT('Ctrl Pts',(89.,-109.5,-2.12402048088223));
#2340=CARTESIAN_POINT('Ctrl Pts',(90.0575137795042,-109.5,-2.12402048088223));
#2341=CARTESIAN_POINT('Ctrl Pts',(92.1627580934933,-108.473104575832,-2.1590004649111));
#2342=CARTESIAN_POINT('Ctrl Pts',(92.8897034078502,-105.065681382784,-2.27616259944479));
#2343=CARTESIAN_POINT('Ctrl Pts',(90.7157057310972,-102.386940473045,-2.36929928775758));
#2344=CARTESIAN_POINT('Ctrl Pts',(87.2871044707695,-102.395284685674,-2.36901000798866));
#2345=CARTESIAN_POINT('Ctrl Pts',(85.6386577226753,-104.405729717845,-2.29909377054826));
#2346=CARTESIAN_POINT('Ctrl Pts',(85.4961958671508,-105.723664248628,-2.25362284295967));
#2347=CARTESIAN_POINT('Ctrl Pts',(85.4984225943888,-105.997112481331,-2.24419885506514));
#2348=CARTESIAN_POINT('Origin',(89.,-106.,0.));
#2349=CARTESIAN_POINT('',(85.5,-106.,0.));
#2350=CARTESIAN_POINT('',(85.5,-106.,0.));
#2351=CARTESIAN_POINT('Origin',(89.,-106.,0.));
#2352=CARTESIAN_POINT('Origin',(89.,-106.,0.));
#2353=CARTESIAN_POINT('Origin',(105.6,-59.0174753223214,-4.36433321376028));
#2354=CARTESIAN_POINT('',(105.1,-140.699996810406,-2.04826164747562));
#2355=CARTESIAN_POINT('',(106.1,-139.699996810406,-1.08214686099921));
#2356=CARTESIAN_POINT('',(118.533034842748,-127.266961967659,10.9295919413556));
#2357=CARTESIAN_POINT('',(106.1,-33.9888766397969,-4.72700849364243));
#2358=CARTESIAN_POINT('',(106.1,-59.0002458341121,-3.86463015719964));
#2359=CARTESIAN_POINT('',(105.599109169682,-33.4879858094788,-5.24546741522143));
#2360=CARTESIAN_POINT('',(110.344389446055,-38.2332660858514,-0.333752634745398));
#2361=CARTESIAN_POINT('',(105.1,-33.9870949791607,-5.72766416411709));
#2362=CARTESIAN_POINT('',(102.13159580934,-36.9554991698207,-8.59548334495223));
#2363=CARTESIAN_POINT('',(105.1,-59.0347048105307,-4.86403627032092));
#2364=CARTESIAN_POINT('Origin',(106.1,-86.9944366993971,-1.39999992288649));
#2365=CARTESIAN_POINT('',(106.1,-139.699996810406,0.));
#2366=CARTESIAN_POINT('',(106.1,-139.699996810406,-2.18965129857122));
#2367=CARTESIAN_POINT('',(106.1,-33.9888766397969,0.));
#2368=CARTESIAN_POINT('',(106.1,-142.699996810406,0.));
#2369=CARTESIAN_POINT('',(106.1,-33.9888766397969,-0.699999961443246));
#2370=CARTESIAN_POINT('Origin',(104.6,-32.4888766397969,-0.699999961443246));
#2371=CARTESIAN_POINT('',(103.1,-30.9888766397969,0.));
#2372=CARTESIAN_POINT('',(105.325,-33.2138766397969,0.));
#2373=CARTESIAN_POINT('',(103.1,-30.9888766397969,-2.83104109337295));
#2374=CARTESIAN_POINT('',(103.1,-30.9888766397969,-0.699999961443246));
#2375=CARTESIAN_POINT('',(104.589667316112,-32.4785439559089,-4.27023071439946));
#2376=CARTESIAN_POINT('Origin',(105.,-141.999996758997,0.599999986588955));
#2377=CARTESIAN_POINT('',(108.,-141.999996758997,-3.0034382928085));
#2378=CARTESIAN_POINT('',(105.,-144.999996758997,-2.89999993517995));
#2379=CARTESIAN_POINT('Origin',(105.,-141.999996758997,-3.0034382928085));
#2380=CARTESIAN_POINT('',(108.,-141.999996758997,3.1));
#2381=CARTESIAN_POINT('',(108.,-141.999996758997,0.599999986588955));
#2382=CARTESIAN_POINT('',(105.,-144.999996758997,3.1));
#2383=CARTESIAN_POINT('Origin',(105.,-141.999996758997,3.1));
#2384=CARTESIAN_POINT('',(105.,-144.999996758997,0.599999986588955));
#2385=CARTESIAN_POINT('Origin',(108.,-86.9944366993971,-1.89999995753169));
#2386=CARTESIAN_POINT('',(108.,-31.9998766397969,-6.79618221416646));
#2387=CARTESIAN_POINT('',(108.,-144.999996758997,-2.89999993517995));
#2388=CARTESIAN_POINT('',(108.,-31.9998766397969,3.1));
#2389=CARTESIAN_POINT('',(108.,-31.9998766397969,-4.39999990165234));
#2390=CARTESIAN_POINT('',(108.,-115.999966729197,3.1));
#2391=CARTESIAN_POINT('Origin',(105.,-31.9998766397969,-4.39999990165234));
#2392=CARTESIAN_POINT('',(105.,-28.9998766397969,-6.89962057179501));
#2393=CARTESIAN_POINT('Origin',(105.,-31.9998766397969,-6.79618221416646));
#2394=CARTESIAN_POINT('',(105.,-28.9998766397969,3.1));
#2395=CARTESIAN_POINT('',(105.,-28.9998766397969,-4.39999990165234));
#2396=CARTESIAN_POINT('Origin',(105.,-31.9998766397969,3.1));
#2397=CARTESIAN_POINT('Origin',(104.6,-141.199996810406,-2.18965129857122));
#2398=CARTESIAN_POINT('',(103.1,-142.699996810406,-1.97930274084856));
#2399=CARTESIAN_POINT('',(133.020009733657,-112.779987076749,-3.01092831960047));
#2400=CARTESIAN_POINT('',(103.1,-142.699996810406,0.));
#2401=CARTESIAN_POINT('',(103.1,-142.699996810406,-2.18965129857122));
#2402=CARTESIAN_POINT('',(132.752780042652,-113.047216767754,1.38777878078145E-16));
#2403=CARTESIAN_POINT('Origin',(104.,-30.,0.));
#2404=CARTESIAN_POINT('',(78.2000013366342,-30.,0.));
#2405=CARTESIAN_POINT('',(104.,-30.,0.));
#2406=CARTESIAN_POINT('',(106.,-30.,0.));
#2407=CARTESIAN_POINT('',(104.,-30.,3.1));
#2408=CARTESIAN_POINT('',(104.,-30.,0.));
#2409=CARTESIAN_POINT('',(78.2000013366342,-30.,3.1));
#2410=CARTESIAN_POINT('',(83.3500006683171,-30.,3.1));
#2411=CARTESIAN_POINT('',(78.2000013366342,-30.,0.));
#2412=CARTESIAN_POINT('Origin',(104.004214237108,-32.99804350183,0.));
#2413=CARTESIAN_POINT('Origin',(104.004214237108,-32.99804350183,0.));
#2414=CARTESIAN_POINT('Origin',(104.004214237108,-32.99804350183,3.1));
#2415=CARTESIAN_POINT('Origin',(107.000000692904,-141.,0.));
#2416=CARTESIAN_POINT('',(107.,-141.,0.));
#2417=CARTESIAN_POINT('',(107.000000692904,-86.4944383198984,0.));
#2418=CARTESIAN_POINT('',(107.,-141.,3.1));
#2419=CARTESIAN_POINT('',(107.,-141.,0.));
#2420=CARTESIAN_POINT('',(107.000000692904,-58.4999680144224,3.1));
#2421=CARTESIAN_POINT('Origin',(104.001956498161,-141.0042142371,0.));
#2422=CARTESIAN_POINT('',(107.000001449234,-141.006343797847,0.));
#2423=CARTESIAN_POINT('Origin',(104.001956498161,-141.0042142371,0.));
#2424=CARTESIAN_POINT('',(107.000001449234,-141.006343797847,3.1));
#2425=CARTESIAN_POINT('',(107.000001449234,-141.006343797847,0.));
#2426=CARTESIAN_POINT('Origin',(104.001956498161,-141.0042142371,3.1));
#2427=CARTESIAN_POINT('Origin',(107.000000692904,-144.,0.));
#2428=CARTESIAN_POINT('',(107.000000692904,-114.003140248622,3.1));
#2429=CARTESIAN_POINT('',(107.000000692904,-87.9944383198984,0.));
#2430=CARTESIAN_POINT('Origin',(108.,-30.9888766397969,0.));
#2431=CARTESIAN_POINT('',(73.6483020761879,-30.9888766397969,-2.83104109337295));
#2432=CARTESIAN_POINT('',(108.,-30.9888766397969,-2.83104109337295));
#2433=CARTESIAN_POINT('',(78.2000013366342,-30.9888766397969,0.));
#2434=CARTESIAN_POINT('',(108.,-30.9888766397969,0.));
#2435=CARTESIAN_POINT('',(78.2000013366342,-30.9888766397969,-1.64999996311963));
#2436=CARTESIAN_POINT('',(78.2000013366342,-30.9888766397969,0.0499999988824129));
#2437=CARTESIAN_POINT('',(72.8804774423332,-30.9888766397969,-1.64999996311963));
#2438=CARTESIAN_POINT('',(93.1000006683171,-30.9888766397969,-1.64999996311963));
#2439=CARTESIAN_POINT('Origin',(72.2500014383346,-30.9888766397969,-2.89999996647238));
#2440=CARTESIAN_POINT('Origin',(72.2500014383346,-28.9888766397969,-2.89999996647238));
#2441=CARTESIAN_POINT('',(73.6500014383346,-28.9998766397969,-2.89999996647238));
#2442=CARTESIAN_POINT('',(72.2500014383346,-28.9998766397969,-1.49999996647238));
#2443=CARTESIAN_POINT('Origin',(72.2500014383346,-28.9998766397969,-2.89999996647238));
#2444=CARTESIAN_POINT('',(73.6500014383346,-31.0602541552481,-2.89999996647238));
#2445=CARTESIAN_POINT('',(73.6500014383346,-28.9888766397969,-2.89999996647238));
#2446=CARTESIAN_POINT('Origin',(72.2500014383346,-31.0602541552481,-2.89999996647238));
#2447=CARTESIAN_POINT('',(72.8804774423332,-29.9998766397969,-1.64999996311963));
#2448=CARTESIAN_POINT('',(72.8804774423332,-28.9888766397969,-1.64999996311963));
#2449=CARTESIAN_POINT('',(72.2500014383346,-29.9998766397969,-1.49999996647238));
#2450=CARTESIAN_POINT('Origin',(72.2500014383346,-29.9998766397969,-2.89999996647238));
#2451=CARTESIAN_POINT('',(72.2500014383346,-28.9888766397969,-1.49999996647238));
#2452=CARTESIAN_POINT('Origin',(72.2500014383346,-28.9888766397969,-3.49999989047647));
#2453=CARTESIAN_POINT('',(72.2500014383346,-28.9998766397969,-4.89999989047646));
#2454=CARTESIAN_POINT('',(73.6500014383346,-28.9998766397969,-3.49999989047646));
#2455=CARTESIAN_POINT('Origin',(72.2500014383346,-28.9998766397969,-3.49999989047647));
#2456=CARTESIAN_POINT('',(72.2500014383346,-33.1304014627937,-4.89999989047646));
#2457=CARTESIAN_POINT('',(72.2500014383346,-28.9888766397969,-4.89999989047646));
#2458=CARTESIAN_POINT('',(73.6500014383346,-31.6812982924489,-3.49999989047647));
#2459=CARTESIAN_POINT('Origin',(72.2500014383346,-31.6812982924489,-3.49999989047647));
#2460=CARTESIAN_POINT('',(73.6500014383346,-28.9888766397969,-3.49999989047647));
#2461=CARTESIAN_POINT('Origin',(73.6500014383346,-28.9888766397969,-2.89999996647238));
#2462=CARTESIAN_POINT('',(73.6500014383346,-28.9998766397969,-4.89999990612268));
#2463=CARTESIAN_POINT('',(73.6500014383346,-31.2384312162609,-3.07213945972771));
#2464=CARTESIAN_POINT('Origin',(78.2000013366342,-28.9888766397969,0.0999999977648258));
#2465=CARTESIAN_POINT('',(78.2000013366342,-29.4944379846223,0.));
#2466=CARTESIAN_POINT('',(78.2000013366342,-29.9998766397969,3.1));
#2467=CARTESIAN_POINT('',(78.2000013366342,-58.499906669597,3.1));
#2468=CARTESIAN_POINT('',(78.2000013366342,-29.9998766397969,-1.64999996311963));
#2469=CARTESIAN_POINT('',(78.2000013366342,-29.9998766397969,-0.337499992456287));
#2470=CARTESIAN_POINT('',(78.2000013366342,-28.9888766397969,-1.64999996311963));
#2471=CARTESIAN_POINT('Origin',(78.2000013366342,-28.9888766397969,-1.64999996311963));
#2472=CARTESIAN_POINT('',(75.9000013880432,-29.9998766397969,-1.64999996311963));
#2473=CARTESIAN_POINT('Origin',(88.,-49.,0.));
#2474=CARTESIAN_POINT('Origin',(31.9,-86.8444367251016,-4.40517184076792));
#2475=CARTESIAN_POINT('',(31.9,-143.699402923554,-2.94484369860663));
#2476=CARTESIAN_POINT('',(31.9,-29.9894705266491,-6.8654999163366));
#2477=CARTESIAN_POINT('',(31.9,-114.030826411674,-3.96779997446198));
#2478=CARTESIAN_POINT('',(31.9,-30.0239295022984,-7.8649060294844));
#2479=CARTESIAN_POINT('',(31.9,-29.9808608994932,-6.61579678821577));
#2480=CARTESIAN_POINT('',(31.9,-143.733861899204,-3.94424981175444));
#2481=CARTESIAN_POINT('',(31.9,-31.0233356154462,-7.83044705383508));
#2482=CARTESIAN_POINT('',(31.9,-143.690793296398,-2.69514057048563));
#2483=CARTESIAN_POINT('Origin',(30.,-142.734455786056,-3.97870878740376));
#2484=CARTESIAN_POINT('',(108.,-30.0239295022984,-7.8649060294844));
#2485=CARTESIAN_POINT('',(30.,-143.733861899204,-3.94424981175444));
#2486=CARTESIAN_POINT('Origin',(50.,-106.,0.));
#2487=CARTESIAN_POINT('',(51.5,-106.,0.));
#2488=CARTESIAN_POINT('Origin',(50.,-106.,0.));
#2489=CARTESIAN_POINT('',(51.5,-106.,-4.));
#2490=CARTESIAN_POINT('',(51.5,-106.,0.));
#2491=CARTESIAN_POINT('Origin',(50.,-106.,-4.));
#2492=CARTESIAN_POINT('Origin',(50.,-77.5,-4.));
#2493=CARTESIAN_POINT('Origin',(50.,-49.,0.));
#2494=CARTESIAN_POINT('',(51.5,-49.,0.));
#2495=CARTESIAN_POINT('Origin',(50.,-49.,0.));
#2496=CARTESIAN_POINT('',(51.5,-49.,-4.));
#2497=CARTESIAN_POINT('',(51.5,-49.,0.));
#2498=CARTESIAN_POINT('Origin',(50.,-49.,-4.));
#2499=CARTESIAN_POINT('Origin',(50.,-77.5,-4.));
#2500=CARTESIAN_POINT('Origin',(31.749999307096,-30.7499993294477,0.));
#2501=CARTESIAN_POINT('',(32.499999307096,-29.9999993294477,0.));
#2502=CARTESIAN_POINT('',(30.999999307096,-31.4999993294477,0.));
#2503=CARTESIAN_POINT('',(31.0027801527347,-31.497218483809,0.));
#2504=CARTESIAN_POINT('',(32.499999307096,-29.9999993294477,3.1));
#2505=CARTESIAN_POINT('',(32.499999307096,-29.9999993294477,0.));
#2506=CARTESIAN_POINT('',(30.999999307096,-31.4999993294477,3.1));
#2507=CARTESIAN_POINT('',(22.1250151378347,-40.374983498709,3.1));
#2508=CARTESIAN_POINT('',(30.999999307096,-31.4999993294477,0.));
#2509=CARTESIAN_POINT('Origin',(30.999999307096,-29.9999993294477,0.));
#2510=CARTESIAN_POINT('',(33.9936457387389,-29.9999985656667,0.));
#2511=CARTESIAN_POINT('',(30.499999653548,-29.9999993294477,0.));
#2512=CARTESIAN_POINT('',(33.9936457387389,-29.9999985656667,3.1));
#2513=CARTESIAN_POINT('',(33.9936457387389,-29.9999985656667,0.));
#2514=CARTESIAN_POINT('',(41.7468228693694,-29.9999993294477,3.1));
#2515=CARTESIAN_POINT('Origin',(31.749999307096,-143.25,0.));
#2516=CARTESIAN_POINT('',(30.999999307096,-142.5,0.));
#2517=CARTESIAN_POINT('',(32.499999307096,-144.,0.));
#2518=CARTESIAN_POINT('',(3.49721864027122,-114.997219333175,0.));
#2519=CARTESIAN_POINT('',(30.999999307096,-142.5,3.1));
#2520=CARTESIAN_POINT('',(30.999999307096,-142.5,0.));
#2521=CARTESIAN_POINT('',(32.499999307096,-144.,3.1));
#2522=CARTESIAN_POINT('',(22.1249836551713,-133.624984348075,3.1));
#2523=CARTESIAN_POINT('',(32.499999307096,-144.,0.));
#2524=CARTESIAN_POINT('Origin',(30.,-31.9888766397969,0.));
#2525=CARTESIAN_POINT('',(31.,-141.,0.));
#2526=CARTESIAN_POINT('',(30.999999307096,-86.4944383198984,0.));
#2527=CARTESIAN_POINT('',(30.9999985507655,-141.006343797847,0.));
#2528=CARTESIAN_POINT('Origin',(33.998043501839,-141.0042142371,0.));
#2529=CARTESIAN_POINT('',(30.999999307096,-87.9944383198984,0.));
#2530=CARTESIAN_POINT('',(49.5,-144.,0.));
#2531=CARTESIAN_POINT('',(34.9,-142.699996810406,0.));
#2532=CARTESIAN_POINT('',(30.,-142.699996810406,0.));
#2533=CARTESIAN_POINT('',(31.9,-139.699996810406,0.));
#2534=CARTESIAN_POINT('',(5.24721995734761,-113.047216767754,1.38777878078145E-16));
#2535=CARTESIAN_POINT('',(31.9,-33.9888766397969,0.));
#2536=CARTESIAN_POINT('',(31.9,-142.699996810406,0.));
#2537=CARTESIAN_POINT('',(34.9,-30.9888766397969,0.));
#2538=CARTESIAN_POINT('',(32.675,-33.2138766397969,0.));
#2539=CARTESIAN_POINT('',(59.7999986633658,-30.9888766397969,0.));
#2540=CARTESIAN_POINT('',(30.,-30.9888766397969,0.));
#2541=CARTESIAN_POINT('',(59.7999986633658,-30.,0.));
#2542=CARTESIAN_POINT('',(59.7999986633658,-29.4944379846223,0.));
#2543=CARTESIAN_POINT('',(34.,-30.,0.));
#2544=CARTESIAN_POINT('',(32.,-30.,0.));
#2545=CARTESIAN_POINT('Origin',(33.995785762892,-32.99804350183,0.));
#2546=CARTESIAN_POINT('Origin',(69.,-144.,0.));
#2547=CARTESIAN_POINT('',(97.750000346452,-144.,3.1));
#2548=CARTESIAN_POINT('Ctrl Pts',(50.,-53.4994061131213,-5.05489034333467));
#2549=CARTESIAN_POINT('Ctrl Pts',(48.6534253523321,-53.4994061131213,-5.05489034333467));
#2550=CARTESIAN_POINT('Ctrl Pts',(45.9707888281089,-52.210940087051,-5.09931594752663));
#2551=CARTESIAN_POINT('Ctrl Pts',(44.9817375583527,-47.855559878831,-5.24948707607861));
#2552=CARTESIAN_POINT('Ctrl Pts',(47.7632048388256,-44.3542015959088,-5.37021199552857));
#2553=CARTESIAN_POINT('Ctrl Pts',(52.2324366911464,-44.3639826681374,-5.3698747495053));
#2554=CARTESIAN_POINT('Ctrl Pts',(55.0302478138878,-47.8531665080742,-5.24956959819388));
#2555=CARTESIAN_POINT('Ctrl Pts',(54.0214684830227,-52.2096751944658,-5.09935956033147));
#2556=CARTESIAN_POINT('Ctrl Pts',(51.3465746476679,-53.4994061131213,-5.05489034333467));
#2557=CARTESIAN_POINT('Ctrl Pts',(50.,-53.4994061131213,-5.05489034333467));
#2558=CARTESIAN_POINT('Ctrl Pts',(50.,-53.1662707420809,-4.73304333547421));
#2559=CARTESIAN_POINT('Ctrl Pts',(48.7497789750534,-53.1662707420809,-4.73304333547421));
#2560=CARTESIAN_POINT('Ctrl Pts',(46.259678265406,-51.9651873906562,-4.77431428982879));
#2561=CARTESIAN_POINT('Ctrl Pts',(45.3577495917649,-47.925651744695,-4.91348657128224));
#2562=CARTESIAN_POINT('Ctrl Pts',(47.9369013912414,-44.6986372807358,-5.02501093019231));
#2563=CARTESIAN_POINT('Ctrl Pts',(52.0592292261707,-44.7076805292447,-5.02469887824991));
#2564=CARTESIAN_POINT('Ctrl Pts',(54.6533565734549,-47.9231098007782,-4.91356865089839));
#2565=CARTESIAN_POINT('Ctrl Pts',(53.7329664152081,-51.9642062037539,-4.7743517216873));
#2566=CARTESIAN_POINT('Ctrl Pts',(51.2502210249466,-53.1662707420809,-4.73304333547421));
#2567=CARTESIAN_POINT('Ctrl Pts',(50.,-53.1662707420809,-4.73304333547421));
#2568=CARTESIAN_POINT('Ctrl Pts',(50.,-52.8331353710404,-4.41119632761376));
#2569=CARTESIAN_POINT('Ctrl Pts',(48.8461325977746,-52.8331353710404,-4.41119632761376));
#2570=CARTESIAN_POINT('Ctrl Pts',(46.548567702703,-51.7194346942615,-4.44931263213095));
#2571=CARTESIAN_POINT('Ctrl Pts',(45.7337616251771,-47.9957436105589,-4.57748606648587));
#2572=CARTESIAN_POINT('Ctrl Pts',(48.1105979436573,-45.0430729655629,-4.67980986485605));
#2573=CARTESIAN_POINT('Ctrl Pts',(51.8860217611949,-45.051378390352,-4.67952300699453));
#2574=CARTESIAN_POINT('Ctrl Pts',(54.2764653330219,-47.9930530934821,-4.57756770360289));
#2575=CARTESIAN_POINT('Ctrl Pts',(53.4444643473935,-51.7187372130421,-4.44934388304313));
#2576=CARTESIAN_POINT('Ctrl Pts',(51.1538674022254,-52.8331353710404,-4.41119632761375));
#2577=CARTESIAN_POINT('Ctrl Pts',(50.,-52.8331353710404,-4.41119632761375));
#2578=CARTESIAN_POINT('Ctrl Pts',(50.,-52.5,-4.0893493197533));
#2579=CARTESIAN_POINT('Ctrl Pts',(48.9424862204958,-52.5,-4.0893493197533));
#2580=CARTESIAN_POINT('Ctrl Pts',(46.8374571400001,-51.4736819978668,-4.1243109744331));
#2581=CARTESIAN_POINT('Ctrl Pts',(46.1097736585892,-48.0658354764229,-4.24148556168951));
#2582=CARTESIAN_POINT('Ctrl Pts',(48.2842944960732,-45.38750865039,-4.3346087995198));
#2583=CARTESIAN_POINT('Ctrl Pts',(51.7128142962192,-45.3950762514592,-4.33434713573915));
#2584=CARTESIAN_POINT('Ctrl Pts',(53.899574092589,-48.0629963861861,-4.24156675630739));
#2585=CARTESIAN_POINT('Ctrl Pts',(53.155962279579,-51.4732682223302,-4.12433604439895));
#2586=CARTESIAN_POINT('Ctrl Pts',(51.0575137795042,-52.5,-4.08934931975329));
#2587=CARTESIAN_POINT('Ctrl Pts',(50.,-52.5,-4.08934931975329));
#2588=CARTESIAN_POINT('',(50.,-53.4994061131213,-5.05489034333467));
#2589=CARTESIAN_POINT('',(50.,-52.5,-4.0893493197533));
#2590=CARTESIAN_POINT('',(50.,-53.4994061131213,-5.05489034333467));
#2591=CARTESIAN_POINT('',(53.5012601131955,-48.9973692598954,-4.20952022590657));
#2592=CARTESIAN_POINT('Ctrl Pts',(50.,-52.5,-4.0893493197533));
#2593=CARTESIAN_POINT('Ctrl Pts',(48.9424862204958,-52.5,-4.0893493197533));
#2594=CARTESIAN_POINT('Ctrl Pts',(46.8374571400001,-51.4736819978668,-4.1243109744331));
#2595=CARTESIAN_POINT('Ctrl Pts',(46.1097736585892,-48.0658354764229,-4.24148556168951));
#2596=CARTESIAN_POINT('Ctrl Pts',(48.2842944960732,-45.38750865039,-4.3346087995198));
#2597=CARTESIAN_POINT('Ctrl Pts',(51.7128142962192,-45.3950762514592,-4.33434713573915));
#2598=CARTESIAN_POINT('Ctrl Pts',(53.3608791399642,-47.4057705157593,-4.26442263749995));
#2599=CARTESIAN_POINT('Ctrl Pts',(53.5034555517904,-48.7238863418689,-4.21894542722857));
#2600=CARTESIAN_POINT('Ctrl Pts',(53.5012601131955,-48.9973692598954,-4.20952022590657));
#2601=CARTESIAN_POINT('Ctrl Pts',(53.5012601131955,-48.9973692598954,-4.20952022590657));
#2602=CARTESIAN_POINT('Ctrl Pts',(53.4950428871877,-49.7718409825811,-4.18282915519114));
#2603=CARTESIAN_POINT('Ctrl Pts',(52.8821480337931,-51.6072404343321,-4.11977083175684));
#2604=CARTESIAN_POINT('Ctrl Pts',(51.0575137795042,-52.5,-4.08934931975329));
#2605=CARTESIAN_POINT('Ctrl Pts',(50.,-52.5,-4.08934931975329));
#2606=CARTESIAN_POINT('Ctrl Pts',(50.,-53.4994061131213,-5.05489034333467));
#2607=CARTESIAN_POINT('Ctrl Pts',(51.3465746476679,-53.4994061131213,-5.05489034333467));
#2608=CARTESIAN_POINT('Ctrl Pts',(54.0214684830227,-52.2096751944658,-5.09935956033147));
#2609=CARTESIAN_POINT('Ctrl Pts',(55.0302478138878,-47.8531665080742,-5.24956959819388));
#2610=CARTESIAN_POINT('Ctrl Pts',(52.2324366911464,-44.3639826681374,-5.3698747495053));
#2611=CARTESIAN_POINT('Ctrl Pts',(47.7632048388256,-44.3542015959088,-5.37021199552857));
#2612=CARTESIAN_POINT('Ctrl Pts',(44.9817375583527,-47.855559878831,-5.24948707607861));
#2613=CARTESIAN_POINT('Ctrl Pts',(45.9707888281089,-52.210940087051,-5.09931594752663));
#2614=CARTESIAN_POINT('Ctrl Pts',(48.6534253523321,-53.4994061131213,-5.05489034333467));
#2615=CARTESIAN_POINT('Ctrl Pts',(50.,-53.4994061131213,-5.05489034333467));
#2616=CARTESIAN_POINT('Origin',(30.,-30.9888766397969,-5.83104109337295));
#2617=CARTESIAN_POINT('',(32.9,-140.699996810406,-2.04826164747562));
#2618=CARTESIAN_POINT('',(32.9,-33.9870949791607,-5.72766416411709));
#2619=CARTESIAN_POINT('',(32.9,-59.0347048105307,-4.86403627032092));
#2620=CARTESIAN_POINT('',(34.9,-142.699996810406,-1.97930274084856));
#2621=CARTESIAN_POINT('',(4.97999026634308,-112.779987076749,-3.01092831960047));
#2622=CARTESIAN_POINT('',(30.,-142.699996810406,-1.97930274084856));
#2623=CARTESIAN_POINT('',(30.,-33.9870949791607,-5.72766416411709));
#2624=CARTESIAN_POINT('',(50.,-110.499406113121,-3.08956150446361));
#2625=CARTESIAN_POINT('Ctrl Pts',(50.,-110.499406113121,-3.08956150446361));
#2626=CARTESIAN_POINT('Ctrl Pts',(51.3465746476679,-110.499406113121,-3.08956150446361));
#2627=CARTESIAN_POINT('Ctrl Pts',(54.0213555741337,-109.209212379441,-3.13404667906944));
#2628=CARTESIAN_POINT('Ctrl Pts',(55.0307334644835,-104.853150931487,-3.28424129639501));
#2629=CARTESIAN_POINT('Ctrl Pts',(52.2324029213555,-101.364239879543,-3.40453704212558));
#2630=CARTESIAN_POINT('Ctrl Pts',(47.7631319788725,-101.35372489444,-3.40489959306353));
#2631=CARTESIAN_POINT('Ctrl Pts',(44.9821727180155,-104.855427598746,-3.28416279815256));
#2632=CARTESIAN_POINT('Ctrl Pts',(45.9705988938985,-109.210521200733,-3.13400155162681));
#2633=CARTESIAN_POINT('Ctrl Pts',(48.6534253523321,-110.499406113121,-3.08956150446361));
#2634=CARTESIAN_POINT('Ctrl Pts',(50.,-110.499406113121,-3.08956150446361));
#2635=CARTESIAN_POINT('Origin',(50.,-49.,0.));
#2636=CARTESIAN_POINT('',(53.5,-49.,0.));
#2637=CARTESIAN_POINT('',(53.5,-49.,0.));
#2638=CARTESIAN_POINT('Origin',(50.,-49.,0.));
#2639=CARTESIAN_POINT('Ctrl Pts',(50.,-110.499406113121,-3.08956150446361));
#2640=CARTESIAN_POINT('Ctrl Pts',(48.6534253523321,-110.499406113121,-3.08956150446361));
#2641=CARTESIAN_POINT('Ctrl Pts',(45.9705988938985,-109.210521200733,-3.13400155162681));
#2642=CARTESIAN_POINT('Ctrl Pts',(44.9821727180155,-104.855427598746,-3.28416279815256));
#2643=CARTESIAN_POINT('Ctrl Pts',(47.7631319788725,-101.35372489444,-3.40489959306353));
#2644=CARTESIAN_POINT('Ctrl Pts',(52.2324029213555,-101.364239879543,-3.40453704212558));
#2645=CARTESIAN_POINT('Ctrl Pts',(55.0307334644835,-104.853150931487,-3.28424129639501));
#2646=CARTESIAN_POINT('Ctrl Pts',(54.0213555741337,-109.209212379441,-3.13404667906944));
#2647=CARTESIAN_POINT('Ctrl Pts',(51.3465746476679,-110.499406113121,-3.08956150446361));
#2648=CARTESIAN_POINT('Ctrl Pts',(50.,-110.499406113121,-3.08956150446361));
#2649=CARTESIAN_POINT('Ctrl Pts',(50.,-110.166270742081,-2.76771449660315));
#2650=CARTESIAN_POINT('Ctrl Pts',(48.7497789750534,-110.166270742081,-2.76771449660315));
#2651=CARTESIAN_POINT('Ctrl Pts',(46.2594963893957,-108.9647806555,-2.80899911424344));
#2652=CARTESIAN_POINT('Ctrl Pts',(45.3581551153827,-104.925538643193,-2.94816177249027));
#2653=CARTESIAN_POINT('Ctrl Pts',(47.9368461626363,-101.698194088812,-3.05969732805507));
#2654=CARTESIAN_POINT('Ctrl Pts',(52.0592186248823,-101.707905838623,-3.05936204669902));
#2655=CARTESIAN_POINT('Ctrl Pts',(54.6538130832644,-104.9230763502,-2.94824063281708));
#2656=CARTESIAN_POINT('Ctrl Pts',(53.7328528611525,-108.96376299609,-2.80903792633157));
#2657=CARTESIAN_POINT('Ctrl Pts',(51.2502210249466,-110.166270742081,-2.76771449660315));
#2658=CARTESIAN_POINT('Ctrl Pts',(50.,-110.166270742081,-2.76771449660315));
#2659=CARTESIAN_POINT('Ctrl Pts',(50.,-109.83313537104,-2.44586748874269));
#2660=CARTESIAN_POINT('Ctrl Pts',(48.8461325977746,-109.83313537104,-2.44586748874269));
#2661=CARTESIAN_POINT('Ctrl Pts',(46.548393884893,-108.719040110267,-2.48399667686006));
#2662=CARTESIAN_POINT('Ctrl Pts',(45.7341375127498,-104.995649687641,-2.61216074682797));
#2663=CARTESIAN_POINT('Ctrl Pts',(48.1105603464002,-102.042663283184,-2.71449506304661));
#2664=CARTESIAN_POINT('Ctrl Pts',(51.8860343284091,-102.051571797702,-2.71418705127245));
#2665=CARTESIAN_POINT('Ctrl Pts',(54.2768927020453,-104.993001768912,-2.61223996923914));
#2666=CARTESIAN_POINT('Ctrl Pts',(53.4443501481713,-108.718313612739,-2.4840291735937));
#2667=CARTESIAN_POINT('Ctrl Pts',(51.1538674022254,-109.83313537104,-2.44586748874269));
#2668=CARTESIAN_POINT('Ctrl Pts',(50.,-109.83313537104,-2.44586748874269));
#2669=CARTESIAN_POINT('Ctrl Pts',(50.,-109.5,-2.12402048088223));
#2670=CARTESIAN_POINT('Ctrl Pts',(48.9424862204958,-109.5,-2.12402048088223));
#2671=CARTESIAN_POINT('Ctrl Pts',(46.8372913803903,-108.473299565033,-2.15899423947669));
#2672=CARTESIAN_POINT('Ctrl Pts',(46.110119910117,-105.065760732088,-2.27615972116568));
#2673=CARTESIAN_POINT('Ctrl Pts',(48.2842745301641,-102.387132477556,-2.36929279803815));
#2674=CARTESIAN_POINT('Ctrl Pts',(51.7128500319359,-102.395237756782,-2.36901205584588));
#2675=CARTESIAN_POINT('Ctrl Pts',(53.8999723208263,-105.062927187625,-2.2762393056612));
#2676=CARTESIAN_POINT('Ctrl Pts',(53.1558474351901,-108.472864229387,-2.15902042085582));
#2677=CARTESIAN_POINT('Ctrl Pts',(51.0575137795042,-109.5,-2.12402048088223));
#2678=CARTESIAN_POINT('Ctrl Pts',(50.,-109.5,-2.12402048088223));
#2679=CARTESIAN_POINT('',(50.,-109.5,-2.12402048088223));
#2680=CARTESIAN_POINT('',(50.,-110.499406113121,-3.08956150446361));
#2681=CARTESIAN_POINT('',(53.5014675743396,-105.99720847496,-2.24419605040626));
#2682=CARTESIAN_POINT('Ctrl Pts',(50.,-109.5,-2.12402048088223));
#2683=CARTESIAN_POINT('Ctrl Pts',(48.9424862204958,-109.5,-2.12402048088223));
#2684=CARTESIAN_POINT('Ctrl Pts',(46.8372913803903,-108.473299565033,-2.15899423947669));
#2685=CARTESIAN_POINT('Ctrl Pts',(46.110119910117,-105.065760732088,-2.27615972116568));
#2686=CARTESIAN_POINT('Ctrl Pts',(48.2842745301641,-102.387132477556,-2.36929279803815));
#2687=CARTESIAN_POINT('Ctrl Pts',(51.7128500319359,-102.395237756782,-2.36901205584588));
#2688=CARTESIAN_POINT('Ctrl Pts',(53.3611880703776,-104.405758149694,-2.29909330743523));
#2689=CARTESIAN_POINT('Ctrl Pts',(53.5036848153137,-105.723749421017,-2.25362041637055));
#2690=CARTESIAN_POINT('Ctrl Pts',(53.5014675743396,-105.99720847496,-2.24419605040626));
#2691=CARTESIAN_POINT('Ctrl Pts',(53.5014675743396,-105.99720847496,-2.24419605040626));
#2692=CARTESIAN_POINT('Ctrl Pts',(53.4951886065372,-106.771612617343,-2.21750734532644));
#2693=CARTESIAN_POINT('Ctrl Pts',(52.8820481747755,-108.606889156061,-2.15445348382302));
#2694=CARTESIAN_POINT('Ctrl Pts',(51.0575137795042,-109.5,-2.12402048088223));
#2695=CARTESIAN_POINT('Ctrl Pts',(50.,-109.5,-2.12402048088223));
#2696=CARTESIAN_POINT('Origin',(50.,-106.,0.));
#2697=CARTESIAN_POINT('',(53.5,-106.,0.));
#2698=CARTESIAN_POINT('',(53.5,-106.,0.));
#2699=CARTESIAN_POINT('Origin',(50.,-106.,0.));
#2700=CARTESIAN_POINT('Origin',(50.,-106.,0.));
#2701=CARTESIAN_POINT('Origin',(32.4,-59.0174753223214,-4.36433321376028));
#2702=CARTESIAN_POINT('',(31.9,-139.699996810406,-1.08214686099921));
#2703=CARTESIAN_POINT('',(19.4669651572525,-127.266961967659,10.9295919413556));
#2704=CARTESIAN_POINT('',(32.4008908303181,-33.4879858094788,-5.24546741522143));
#2705=CARTESIAN_POINT('',(35.86840419066,-36.9554991698207,-8.59548334495223));
#2706=CARTESIAN_POINT('',(31.9,-33.9888766397969,-4.72700849364243));
#2707=CARTESIAN_POINT('',(27.6556105539455,-38.2332660858514,-0.333752634745398));
#2708=CARTESIAN_POINT('',(31.9,-59.0002458341121,-3.86463015719964));
#2709=CARTESIAN_POINT('Origin',(31.9,-86.9944366993971,-1.39999992288649));
#2710=CARTESIAN_POINT('',(31.9,-33.9888766397969,-0.699999961443246));
#2711=CARTESIAN_POINT('',(31.9,-139.699996810406,-2.18965129857122));
#2712=CARTESIAN_POINT('Origin',(33.4,-32.4888766397969,-0.699999961443246));
#2713=CARTESIAN_POINT('',(34.9,-30.9888766397969,-2.83104109337295));
#2714=CARTESIAN_POINT('',(33.4103326838879,-32.4785439559089,-4.27023071439946));
#2715=CARTESIAN_POINT('',(34.9,-30.9888766397969,-0.699999961443246));
#2716=CARTESIAN_POINT('Origin',(30.,-32.4879858094788,-4.27935262874502));
#2717=CARTESIAN_POINT('',(65.7499985616654,-33.1304014627937,-4.89999989047646));
#2718=CARTESIAN_POINT('',(47.8749992808327,-33.1304014627937,-4.89999989047644));
#2719=CARTESIAN_POINT('',(64.3499985616654,-31.6812982924489,-3.49999989047647));
#2720=CARTESIAN_POINT('Origin',(65.7499985616654,-31.6812982924489,-3.49999989047647));
#2721=CARTESIAN_POINT('',(64.3499985616654,-31.0602541552481,-2.89999996647238));
#2722=CARTESIAN_POINT('',(64.3499985616654,-31.2384312162609,-3.07213945972771));
#2723=CARTESIAN_POINT('',(64.3516979238122,-30.9888766397969,-2.83104109337295));
#2724=CARTESIAN_POINT('Origin',(65.7499985616654,-31.0602541552481,-2.89999996647238));
#2725=CARTESIAN_POINT('',(30.,-30.9888766397969,-2.83104109337295));
#2726=CARTESIAN_POINT('Origin',(33.,-141.999996758997,0.599999986588955));
#2727=CARTESIAN_POINT('',(30.,-141.999996758997,-3.0034382928085));
#2728=CARTESIAN_POINT('',(33.,-144.999996758997,-2.89999993517995));
#2729=CARTESIAN_POINT('Origin',(33.,-141.999996758997,-3.0034382928085));
#2730=CARTESIAN_POINT('',(33.,-144.999996758997,3.1));
#2731=CARTESIAN_POINT('',(33.,-144.999996758997,0.599999986588955));
#2732=CARTESIAN_POINT('',(30.,-141.999996758997,3.1));
#2733=CARTESIAN_POINT('Origin',(33.,-141.999996758997,3.1));
#2734=CARTESIAN_POINT('',(30.,-141.999996758997,0.599999986588955));
#2735=CARTESIAN_POINT('Origin',(30.,-86.9944366993971,-1.89999995753169));
#2736=CARTESIAN_POINT('',(30.,-31.9998766397969,3.1));
#2737=CARTESIAN_POINT('',(30.,-115.999966729197,3.1));
#2738=CARTESIAN_POINT('',(30.,-31.9998766397969,-6.79618221416646));
#2739=CARTESIAN_POINT('',(30.,-31.9998766397969,-4.39999990165234));
#2740=CARTESIAN_POINT('',(30.,-144.999996758997,-2.89999993517995));
#2741=CARTESIAN_POINT('Origin',(49.5,-86.9999366993972,3.1));
#2742=CARTESIAN_POINT('',(33.,-28.9998766397969,3.1));
#2743=CARTESIAN_POINT('',(98.25,-28.9998766397969,3.1));
#2744=CARTESIAN_POINT('Origin',(33.,-31.9998766397969,3.1));
#2745=CARTESIAN_POINT('',(59.25,-144.999996758997,3.1));
#2746=CARTESIAN_POINT('',(59.7999986633658,-29.9998766397969,3.1));
#2747=CARTESIAN_POINT('',(59.25,-29.9998766397969,3.1));
#2748=CARTESIAN_POINT('',(30.9999985507655,-141.006343797847,3.1));
#2749=CARTESIAN_POINT('',(30.999999307096,-114.003140248622,3.1));
#2750=CARTESIAN_POINT('',(31.,-141.,3.1));
#2751=CARTESIAN_POINT('Origin',(33.998043501839,-141.0042142371,3.1));
#2752=CARTESIAN_POINT('',(30.999999307096,-58.4999680144224,3.1));
#2753=CARTESIAN_POINT('',(34.,-30.,3.1));
#2754=CARTESIAN_POINT('Origin',(33.995785762892,-32.99804350183,3.1));
#2755=CARTESIAN_POINT('',(59.7999986633658,-30.,3.1));
#2756=CARTESIAN_POINT('',(54.6499993316829,-30.,3.1));
#2757=CARTESIAN_POINT('',(59.7999986633658,-58.499906669597,3.1));
#2758=CARTESIAN_POINT('Origin',(33.,-31.9998766397969,-4.39999990165234));
#2759=CARTESIAN_POINT('',(33.,-28.9998766397969,-6.89962057179501));
#2760=CARTESIAN_POINT('Origin',(33.,-31.9998766397969,-6.79618221416646));
#2761=CARTESIAN_POINT('',(33.,-28.9998766397969,-4.39999990165234));
#2762=CARTESIAN_POINT('Origin',(30.,-28.9998766397969,-6.89999984577298));
#2763=CARTESIAN_POINT('',(30.,-28.9998766397969,-6.89962057179501));
#2764=CARTESIAN_POINT('',(65.7499985616654,-28.9998766397969,-1.49999996647238));
#2765=CARTESIAN_POINT('',(68.9999984577298,-28.9998766397969,-1.49999996647239));
#2766=CARTESIAN_POINT('',(49.4999992288649,-28.9998766397969,-1.49999996647237));
#2767=CARTESIAN_POINT('',(64.3499985616654,-28.9998766397969,-2.89999996647238));
#2768=CARTESIAN_POINT('Origin',(65.7499985616654,-28.9998766397969,-2.89999996647238));
#2769=CARTESIAN_POINT('',(64.3499985616654,-28.9998766397969,-3.49999989047646));
#2770=CARTESIAN_POINT('',(64.3499985616654,-28.9998766397969,-4.89999990612268));
#2771=CARTESIAN_POINT('',(65.7499985616654,-28.9998766397969,-4.89999989047646));
#2772=CARTESIAN_POINT('Origin',(65.7499985616654,-28.9998766397969,-3.49999989047647));
#2773=CARTESIAN_POINT('',(68.9999984577298,-28.9998766397969,-4.89999989047647));
#2774=CARTESIAN_POINT('',(47.8749992808327,-28.9998766397969,-4.89999989047644));
#2775=CARTESIAN_POINT('',(90.1250007191673,-28.9998766397969,-4.89999989047644));
#2776=CARTESIAN_POINT('',(88.5000007711351,-28.9998766397969,-1.49999996647237));
#2777=CARTESIAN_POINT('Origin',(33.4,-141.199996810406,-2.18965129857122));
#2778=CARTESIAN_POINT('',(34.9,-142.699996810406,-2.18965129857122));
#2779=CARTESIAN_POINT('Origin',(30.,-142.699996810406,-2.97930267425595));
#2780=CARTESIAN_POINT('Origin',(34.,-30.,0.));
#2781=CARTESIAN_POINT('',(59.7999986633658,-30.,0.));
#2782=CARTESIAN_POINT('',(34.,-30.,0.));
#2783=CARTESIAN_POINT('Origin',(33.995785762892,-32.99804350183,0.));
#2784=CARTESIAN_POINT('Origin',(30.999999307096,-141.,0.));
#2785=CARTESIAN_POINT('',(31.,-141.,0.));
#2786=CARTESIAN_POINT('Origin',(33.998043501839,-141.0042142371,0.));
#2787=CARTESIAN_POINT('',(30.9999985507655,-141.006343797847,0.));
#2788=CARTESIAN_POINT('Origin',(30.999999307096,-144.,0.));
#2789=CARTESIAN_POINT('Origin',(65.7499985616654,-28.9888766397969,-4.89999989047646));
#2790=CARTESIAN_POINT('',(65.7499985616654,-28.9888766397969,-4.89999989047646));
#2791=CARTESIAN_POINT('Origin',(30.,-30.9888766397969,0.));
#2792=CARTESIAN_POINT('',(65.1195225576668,-30.9888766397969,-1.64999996311963));
#2793=CARTESIAN_POINT('Origin',(65.7499985616654,-30.9888766397969,-2.89999996647238));
#2794=CARTESIAN_POINT('',(59.7999986633658,-30.9888766397969,-1.64999996311963));
#2795=CARTESIAN_POINT('',(44.8999993316829,-30.9888766397969,-1.64999996311963));
#2796=CARTESIAN_POINT('',(59.7999986633658,-30.9888766397969,0.0499999988824129));
#2797=CARTESIAN_POINT('Origin',(65.7499985616654,-28.9888766397969,-2.89999996647238));
#2798=CARTESIAN_POINT('',(65.7499985616654,-29.9998766397969,-1.49999996647238));
#2799=CARTESIAN_POINT('',(65.7499985616654,-28.9888766397969,-1.49999996647238));
#2800=CARTESIAN_POINT('',(65.1195225576668,-29.9998766397969,-1.64999996311963));
#2801=CARTESIAN_POINT('Origin',(65.7499985616654,-29.9998766397969,-2.89999996647238));
#2802=CARTESIAN_POINT('',(65.1195225576668,-28.9888766397969,-1.64999996311963));
#2803=CARTESIAN_POINT('',(64.3499985616654,-28.9888766397969,-2.89999996647238));
#2804=CARTESIAN_POINT('Origin',(68.9999984577298,-28.9888766397969,-1.49999996647239));
#2805=CARTESIAN_POINT('',(68.9999984577298,-29.9998766397969,-1.49999996647239));
#2806=CARTESIAN_POINT('',(72.9250014388934,-29.9998766397969,-1.49999996647238));
#2807=CARTESIAN_POINT('',(65.0749985611066,-29.9998766397969,-1.49999996647238));
#2808=CARTESIAN_POINT('Origin',(65.7499985616654,-28.9888766397969,-3.49999989047647));
#2809=CARTESIAN_POINT('',(64.3499985616654,-28.9888766397969,-3.49999989047647));
#2810=CARTESIAN_POINT('Origin',(64.3499985616654,-28.9888766397969,-2.89999996647238));
#2811=CARTESIAN_POINT('Origin',(64.3999985605478,-29.9998766397969,-0.7749999826774));
#2812=CARTESIAN_POINT('',(59.7999986633658,-29.9998766397969,-1.64999996311963));
#2813=CARTESIAN_POINT('',(59.7999986633658,-29.9998766397969,-0.337499992456287));
#2814=CARTESIAN_POINT('',(62.0999986119568,-29.9998766397969,-1.64999996311963));
#2815=CARTESIAN_POINT('Origin',(59.7999986633658,-28.9888766397969,0.0999999977648258));
#2816=CARTESIAN_POINT('',(59.7999986633658,-28.9888766397969,-1.64999996311963));
#2817=CARTESIAN_POINT('Origin',(59.7999986633658,-28.9888766397969,-1.64999996311963));
#2818=CARTESIAN_POINT('Origin',(69.,-143.699402923554,-2.94484369860663));
#2819=CARTESIAN_POINT('',(49.5,-143.699402923554,-2.94484369860664));
#2820=CARTESIAN_POINT('Origin',(30.,-29.989470526649,-6.8654999163366));
#2821=CARTESIAN_POINT('',(30.,-29.9894705266491,-6.8654999163366));
#2822=CARTESIAN_POINT('Origin',(30.,-144.999996758997,-2.89999993517995));
#2823=CARTESIAN_POINT('',(30.,-144.999996758997,-2.89999993517995));
#2824=CARTESIAN_POINT('Origin',(30.,-144.999996758997,3.0999999307096));
#2825=CARTESIAN_POINT('Origin',(50.,-49.,0.));
#2826=UNCERTAINTY_MEASURE_WITH_UNIT(LENGTH_MEASURE(0.01),#2830,
'DISTANCE_ACCURACY_VALUE',
'Maximum model space distance between geometric entities at asserted c
onnectivities');
#2827=UNCERTAINTY_MEASURE_WITH_UNIT(LENGTH_MEASURE(0.01),#2830,
'DISTANCE_ACCURACY_VALUE',
'Maximum model space distance between geometric entities at asserted c
onnectivities');
#2828=(
GEOMETRIC_REPRESENTATION_CONTEXT(3)
GLOBAL_UNCERTAINTY_ASSIGNED_CONTEXT((#2826))
GLOBAL_UNIT_ASSIGNED_CONTEXT((#2830,#2831,#2832))
REPRESENTATION_CONTEXT('','3D')
);
#2829=(
GEOMETRIC_REPRESENTATION_CONTEXT(3)
GLOBAL_UNCERTAINTY_ASSIGNED_CONTEXT((#2827))
GLOBAL_UNIT_ASSIGNED_CONTEXT((#2830,#2831,#2832))
REPRESENTATION_CONTEXT('','3D')
);
#2830=(
LENGTH_UNIT()
NAMED_UNIT(*)
SI_UNIT(.MILLI.,.METRE.)
);
#2831=(
NAMED_UNIT(*)
PLANE_ANGLE_UNIT()
SI_UNIT($,.RADIAN.)
);
#2832=(
NAMED_UNIT(*)
SI_UNIT($,.STERADIAN.)
SOLID_ANGLE_UNIT()
);
#2833=SHAPE_DEFINITION_REPRESENTATION(#2834,#2835);
#2834=PRODUCT_DEFINITION_SHAPE('',$,#2837);
#2835=SHAPE_REPRESENTATION('',(#1575),#2828);
#2836=PRODUCT_DEFINITION_CONTEXT('part definition',#2841,'design');
#2837=PRODUCT_DEFINITION('Low Profile Numpad V1',
'Low Profile Numpad V1 v19',#2838,#2836);
#2838=PRODUCT_DEFINITION_FORMATION('',$,#2843);
#2839=PRODUCT_RELATED_PRODUCT_CATEGORY('Low Profile Numpad V1 v19',
'Low Profile Numpad V1 v19',(#2843));
#2840=APPLICATION_PROTOCOL_DEFINITION('international standard',
'ap242_managed_model_based_3d_engineering',2011,#2841);
#2841=APPLICATION_CONTEXT('Managed model based 3d engineering');
#2842=PRODUCT_CONTEXT('part definition',#2841,'mechanical');
#2843=PRODUCT('Low Profile Numpad V1','Low Profile Numpad V1 v19',$,(#2842));
#2844=PRESENTATION_STYLE_ASSIGNMENT((#2851));
#2845=PRESENTATION_STYLE_ASSIGNMENT((#2852));
#2846=PRESENTATION_STYLE_ASSIGNMENT((#2853));
#2847=PRESENTATION_STYLE_ASSIGNMENT((#2854));
#2848=PRESENTATION_STYLE_ASSIGNMENT((#2855));
#2849=PRESENTATION_STYLE_ASSIGNMENT((#2856));
#2850=PRESENTATION_STYLE_ASSIGNMENT((#2857));
#2851=SURFACE_STYLE_USAGE(.BOTH.,#2858);
#2852=SURFACE_STYLE_USAGE(.BOTH.,#2859);
#2853=SURFACE_STYLE_USAGE(.BOTH.,#2860);
#2854=SURFACE_STYLE_USAGE(.BOTH.,#2861);
#2855=SURFACE_STYLE_USAGE(.BOTH.,#2862);
#2856=SURFACE_STYLE_USAGE(.BOTH.,#2863);
#2857=SURFACE_STYLE_USAGE(.BOTH.,#2864);
#2858=SURFACE_SIDE_STYLE('',(#2865));
#2859=SURFACE_SIDE_STYLE('',(#2866));
#2860=SURFACE_SIDE_STYLE('',(#2867));
#2861=SURFACE_SIDE_STYLE('',(#2868));
#2862=SURFACE_SIDE_STYLE('',(#2869));
#2863=SURFACE_SIDE_STYLE('',(#2870));
#2864=SURFACE_SIDE_STYLE('',(#2871));
#2865=SURFACE_STYLE_FILL_AREA(#2872);
#2866=SURFACE_STYLE_FILL_AREA(#2873);
#2867=SURFACE_STYLE_FILL_AREA(#2874);
#2868=SURFACE_STYLE_FILL_AREA(#2875);
#2869=SURFACE_STYLE_FILL_AREA(#2876);
#2870=SURFACE_STYLE_FILL_AREA(#2877);
#2871=SURFACE_STYLE_FILL_AREA(#2878);
#2872=FILL_AREA_STYLE('Stainless Steel - Satin',(#2879));
#2873=FILL_AREA_STYLE('Steel - Satin',(#2880));
#2874=FILL_AREA_STYLE('Opaque(10,10,10)',(#2881));
#2875=FILL_AREA_STYLE('Black',(#2882));
#2876=FILL_AREA_STYLE('Opaque(44,44,44)',(#2883));
#2877=FILL_AREA_STYLE('Paint - Metallic (Blue)',(#2884));
#2878=FILL_AREA_STYLE('Plastic - Glossy (Black)',(#2885));
#2879=FILL_AREA_STYLE_COLOUR('Stainless Steel - Satin',#2886);
#2880=FILL_AREA_STYLE_COLOUR('Steel - Satin',#2887);
#2881=FILL_AREA_STYLE_COLOUR('Opaque(10,10,10)',#2888);
#2882=FILL_AREA_STYLE_COLOUR('Black',#2889);
#2883=FILL_AREA_STYLE_COLOUR('Opaque(44,44,44)',#2890);
#2884=FILL_AREA_STYLE_COLOUR('Paint - Metallic (Blue)',#2891);
#2885=FILL_AREA_STYLE_COLOUR('Plastic - Glossy (Black)',#2892);
#2886=COLOUR_RGB('Stainless Steel - Satin',0.796078431372549,0.796078431372549,
0.796078431372549);
#2887=COLOUR_RGB('Steel - Satin',0.627450980392157,0.627450980392157,0.627450980392157);
#2888=COLOUR_RGB('Opaque(10,10,10)',0.0392156862745098,0.0392156862745098,
0.0392156862745098);
#2889=COLOUR_RGB('Black',0.172549019607843,0.172549019607843,0.172549019607843);
#2890=COLOUR_RGB('Opaque(44,44,44)',0.172549019607843,0.172549019607843,
0.172549019607843);
#2891=COLOUR_RGB('Paint - Metallic (Blue)',0.188235294117647,0.231372549019608,
0.588235294117647);
#2892=COLOUR_RGB('Plastic - Glossy (Black)',0.0980392156862745,0.0980392156862745,
0.0980392156862745);
ENDSEC;
END-ISO-10303-21;
